subtaskID,datapointID,answer
1,1,143
2,2,1646
3,1596,11
3,4432,15
3,486,70
3,6503,13
3,4650,72
3,5925,6
3,6407,22
3,6296,82
3,8374,82
3,2833,4
3,1529,80
3,393,70
3,2908,39
3,2172,54
3,6849,57
3,1191,41
3,7465,36
3,1041,52
3,4409,9
3,5980,35
3,1865,58
3,505,93
3,788,71
3,4728,12
3,3646,78
3,5238,40
3,6961,61
3,4403,94
3,8311,44
3,4306,15
3,4042,32
3,2528,41
3,8033,57
3,2368,38
3,8589,8
3,7666,86
3,5837,15
3,7902,49
3,4641,45
3,4779,68
3,4508,68
3,3941,18
3,6756,46
3,2614,88
3,466,25
3,4090,81
3,81,14
3,5167,35
3,8098,64
3,3693,76
3,7071,44
3,5514,48
3,4710,40
3,4731,81
3,4193,94
3,8569,55
3,2915,41
3,6712,46
3,7802,31
3,6109,67
3,6685,86
3,1542,88
3,1313,21
3,6108,65
3,3408,15
3,343,39
3,191,77
3,108,29
3,3370,76
3,7209,19
3,5237,60
3,1489,87
3,8936,55
3,8306,89
3,7861,86
3,1689,29
3,7439,12
3,2123,26
3,4794,5
3,3571,63
3,2058,34
3,7269,56
3,5527,51
3,2353,74
3,8939,2
3,6645,56
3,2103,66
3,5694,3
3,7139,36
3,3764,72
3,5085,91
3,154,20
3,785,52
3,2047,54
3,7713,44
3,1601,29
3,1582,34
3,291,71
3,1182,85
3,8480,98
3,1534,73
3,4108,24
3,5600,3
3,2421,21
3,7097,10
3,4021,37
3,5772,68
3,4176,37
3,3787,9
3,4324,6
3,2789,38
3,6330,92
3,7544,64
3,3782,32
3,1769,39
3,6727,96
3,8938,62
3,5624,81
3,2350,58
3,3851,97
3,4459,32
3,1015,88
3,1842,4
3,7822,0
3,446,50
3,7233,55
3,1858,21
3,581,87
3,5346,6
3,6928,99
3,8483,89
3,1343,53
3,8029,2
3,1729,7
3,5212,42
3,6096,67
3,3811,37
3,3256,27
3,498,7
3,2604,34
3,287,52
3,2139,54
3,3607,15
3,953,26
3,8523,55
3,8167,55
3,6234,61
3,2913,83
3,6674,49
3,1868,25
3,816,74
3,8023,82
3,2230,39
3,6743,36
3,8081,8
3,7635,2
3,3460,48
3,2150,71
3,7265,56
3,5383,42
3,7566,0
3,7954,23
3,2574,58
3,6611,23
3,7095,64
3,8013,93
3,3283,79
3,5632,35
3,6681,82
3,2449,53
3,4766,24
3,7156,19
3,7872,46
3,5802,37
3,8667,95
3,2266,20
3,2264,7
3,383,90
3,5450,81
3,7536,46
3,6393,84
3,1027,80
3,199,87
3,3334,24
3,786,29
3,8541,8
3,7021,64
3,2095,26
3,1500,58
3,5051,18
3,7284,65
3,5931,91
3,2400,80
3,7750,96
3,5091,15
3,5953,16
3,3207,6
3,2176,38
3,6577,8
3,5964,30
3,8722,66
3,6870,64
3,8862,2
3,4264,40
3,1916,83
3,5884,5
3,6097,36
3,5080,45
3,7423,92
3,2823,7
3,2403,34
3,4079,72
3,2164,87
3,6784,10
3,56,53
3,6863,73
3,267,77
3,1520,74
3,8357,67
3,1898,26
3,7805,22
3,6357,95
3,1622,69
3,8564,86
3,6041,92
3,6751,22
3,1762,73
3,8493,22
3,982,14
3,939,39
3,1428,83
3,2393,50
3,1305,85
3,3221,94
3,728,52
3,2858,83
3,6437,96
3,1087,26
3,3355,37
3,8224,46
3,4784,94
3,657,11
3,8799,36
3,2056,29
3,3222,35
3,4161,42
3,5409,76
3,4374,72
3,7086,8
3,588,38
3,2949,34
3,6512,61
3,8402,67
3,5150,16
3,3629,15
3,7298,96
3,991,41
3,671,25
3,4271,45
3,8997,8
3,3672,35
3,3913,91
3,8697,62
3,8847,22
3,1957,93
3,6818,89
3,5541,30
3,5329,15
3,1114,4
3,4890,37
3,8409,61
3,1342,88
3,6553,98
3,4319,75
3,8375,36
3,7325,8
3,4317,6
3,3254,18
3,4143,32
3,3340,30
3,3731,78
3,4775,72
3,2971,17
3,4226,15
3,3316,30
3,2987,41
3,7603,31
3,5872,12
3,5593,33
3,1958,7
3,2402,58
3,2098,26
3,8972,10
3,3119,63
3,1020,20
3,5961,5
3,4629,60
3,5502,91
3,1537,88
3,4186,68
3,4767,27
3,6769,2
3,3130,15
3,847,58
3,2245,38
3,7556,62
3,7674,65
3,8630,31
3,1194,54
3,3716,30
3,8792,95
3,155,34
3,3522,97
3,6011,56
3,483,11
3,2911,74
3,7495,22
3,8537,23
3,123,83
3,5207,94
3,1424,17
3,386,77
3,3580,72
3,2873,58
3,4805,97
3,4771,40
3,6747,32
3,3933,24
3,7755,49
3,2361,55
3,5690,30
3,2663,4
3,7227,1
3,5940,42
3,7749,92
3,6796,92
3,477,87
3,1077,41
3,7893,49
3,1348,41
3,8547,44
3,3405,68
3,6061,86
3,3901,60
3,128,4
3,7214,96
3,436,50
3,8888,22
3,2446,38
3,113,59
3,6480,31
3,8684,19
3,6874,8
3,5474,42
3,5666,51
3,6898,82
3,4282,15
3,2766,93
3,5750,3
3,5171,76
3,4965,37
3,799,87
3,4513,43
3,3910,35
3,7681,61
3,3021,32
3,1103,58
3,5987,15
3,6242,1
3,3988,37
3,7155,22
3,3525,97
3,281,34
3,7417,86
3,579,26
3,842,41
3,3694,72
3,18,52
3,1974,34
3,1561,93
3,260,70
3,7593,8
3,8254,57
3,4920,5
3,8113,36
3,1811,38
3,908,20
3,6629,10
3,6773,0
3,3519,45
3,3181,37
3,5153,12
3,1677,85
3,5430,9
3,1014,52
3,3149,48
3,5677,78
3,4497,75
3,2186,39
3,7185,89
3,7083,92
3,1973,39
3,8935,99
3,3273,60
3,6601,95
3,2292,26
3,770,21
3,7300,0
3,7492,19
3,6785,89
3,4378,32
3,2692,93
3,1290,58
3,6834,65
3,5517,40
3,1417,7
3,7962,46
3,2916,25
3,1237,77
3,5273,40
3,4934,60
3,8703,89
3,3139,32
3,6566,19
3,3796,15
3,3390,18
3,2469,83
3,8344,28
3,4866,94
3,4416,63
3,8771,62
3,4381,51
3,174,21
3,6726,67
3,3458,35
3,4321,32
3,103,7
3,4056,91
3,7563,57
3,4371,76
3,2811,69
3,2787,39
3,1954,54
3,6162,98
3,1460,29
3,4041,5
3,4913,51
3,7309,13
3,1334,77
3,2627,50
3,8233,10
3,7444,28
3,1232,83
3,3414,15
3,5161,15
3,1485,38
3,5441,32
3,3409,3
3,3531,16
3,3310,72
3,5448,63
3,6465,8
3,3868,3
3,6569,65
3,7914,86
3,1282,90
3,5132,68
3,1829,99
3,6717,64
3,3521,45
3,8183,82
3,2121,77
3,2947,34
3,8991,55
3,4894,15
3,3107,42
3,1496,39
3,714,58
3,1118,53
3,402,87
3,1124,14
3,7567,31
3,6515,47
3,4827,16
3,5071,27
3,2550,71
3,2310,52
3,5364,78
3,8679,56
3,8270,82
3,4921,48
3,8478,2
3,1423,52
3,5041,79
3,3317,33
3,6151,2
3,6026,61
3,2501,26
3,4177,35
3,61,93
3,7288,56
3,2901,73
3,8210,86
3,4473,63
3,700,25
3,3045,63
3,5885,32
3,8423,36
3,8791,67
3,1558,74
3,5853,30
3,8875,7
3,1900,17
3,6545,56
3,5129,16
3,2867,25
3,6572,95
3,604,17
3,6260,36
3,339,58
3,5240,40
3,8913,36
3,8536,65
3,4724,16
3,8373,13
3,2233,58
3,4758,6
3,8712,86
3,5602,27
3,2994,41
3,662,53
3,8071,95
3,5719,91
3,1966,41
3,7655,82
3,6264,10
3,7324,64
3,6711,82
3,1549,52
3,3485,78
3,4008,72
3,2508,39
3,552,73
3,6458,23
3,1771,67
3,6651,86
3,3466,68
3,5962,45
3,2866,20
3,6764,44
3,6418,57
3,1427,53
3,7112,36
3,7743,82
3,7518,22
3,2764,58
3,8220,1
3,7697,96
3,2490,87
3,4034,68
3,3666,32
3,6488,97
3,6125,99
3,4231,91
3,7230,92
3,1147,39
3,6450,55
3,7865,64
3,851,90
3,2730,58
3,6746,1
3,367,41
3,8330,28
3,5776,16
3,7415,10
3,687,67
3,6676,28
3,3058,37
3,6867,84
3,4133,5
3,6215,62
3,8082,89
3,1574,93
3,6388,55
3,2740,38
3,7934,0
3,5528,15
3,2969,4
3,8032,82
3,6449,89
3,7040,46
3,357,17
3,5327,15
3,8394,84
3,1138,74
3,3477,79
3,7698,82
3,7923,92
3,6317,85
3,6255,95
3,5683,15
3,717,54
3,7882,56
3,1051,80
3,8104,19
3,737,39
3,3465,24
3,8686,46
3,5741,33
3,2375,73
3,6750,84
3,7668,13
3,2519,14
3,3815,72
3,4066,37
3,7946,50
3,3546,3
3,107,87
3,1827,58
3,5739,15
3,4995,6
3,1242,29
3,8716,32
3,2825,98
3,708,25
3,4683,94
3,3994,37
3,4017,30
3,7380,2
3,1117,87
3,3875,35
3,2374,26
3,875,88
3,2862,58
3,5607,9
3,3497,35
3,5642,18
3,2927,87
3,1600,29
3,5351,18
3,3410,63
3,1047,29
3,7240,56
3,6749,92
3,8580,13
3,3471,18
3,8851,92
3,6278,2
3,4569,63
3,4893,94
3,5895,30
3,3700,60
3,981,21
3,6246,10
3,4197,63
3,1831,20
3,4214,27
3,5840,78
3,409,4
3,362,11
3,4991,18
3,1184,4
3,4202,72
3,6811,82
3,1061,38
3,8844,12
3,8125,64
3,4314,43
3,8172,92
3,2846,4
3,1746,87
3,4704,43
3,5288,42
3,8788,95
3,8188,1
3,49,17
3,5876,42
3,133,4
3,1154,26
3,1662,88
3,4239,35
3,1276,4
3,7493,31
3,8654,28
3,6582,56
3,3227,43
3,3162,9
3,4836,27
3,8332,46
3,8751,36
3,524,4
3,6536,31
3,7164,67
3,3068,72
3,1443,17
3,1530,66
3,5363,72
3,7980,31
3,2392,88
3,3919,24
3,8696,46
3,6914,55
3,7950,36
3,8106,64
3,1719,66
3,6997,22
3,4722,40
3,1113,71
3,2515,83
3,1952,34
3,6605,46
3,5117,40
3,4945,27
3,4130,94
3,3435,45
3,3619,37
3,4361,60
3,2495,38
3,6315,8
3,8755,28
3,4385,94
3,3675,45
3,4376,42
3,5758,6
3,6175,46
3,8646,47
3,6688,89
3,3411,33
3,4311,91
3,8772,62
3,4242,75
3,4627,60
3,6968,47
3,6408,0
3,1755,38
3,976,85
3,6206,95
3,4190,30
3,3004,30
3,3676,97
3,601,34
3,3616,91
3,6373,56
3,4132,79
3,8595,36
3,1335,7
3,4646,51
3,8058,65
3,2807,58
3,1856,54
3,6033,65
3,251,59
3,3561,75
3,1143,87
3,7447,8
3,5996,9
3,7143,24
3,3720,79
3,7282,93
3,6273,61
3,954,14
3,2752,20
3,3226,68
3,7056,22
3,6871,82
3,4395,75
3,758,21
3,5179,35
3,6210,1
3,681,39
3,8928,98
3,5558,33
3,363,71
3,5173,42
3,6626,55
3,1967,71
3,797,87
3,6829,57
3,8328,95
3,4886,81
3,3697,78
3,274,90
3,5427,72
3,6312,10
3,618,14
3,3,50
3,3618,42
3,4748,27
3,7869,1
3,3827,40
3,8653,19
3,1591,14
3,7895,86
3,2038,83
3,1709,11
3,3581,78
3,450,77
3,950,20
3,6266,99
3,7014,86
3,4147,24
3,2010,53
3,2756,66
3,6607,65
3,5485,51
3,7473,23
3,7842,65
3,1502,41
3,3243,27
3,4048,32
3,8733,46
3,2051,17
3,6752,36
3,8989,19
3,4152,32
3,67,25
3,42,39
3,2210,29
3,1045,21
3,250,87
3,3942,68
3,4205,15
3,8150,46
3,3702,15
3,5735,18
3,8041,13
3,8515,55
3,5047,32
3,139,11
3,5634,75
3,4900,35
3,4795,9
3,7559,82
3,2441,26
3,6637,82
3,7184,22
3,5444,37
3,685,53
3,4217,40
3,1093,26
3,1681,20
3,5881,5
3,4129,5
3,2447,21
3,3639,45
3,1492,25
3,8367,64
3,6595,13
3,5110,15
3,5015,27
3,646,25
3,8000,47
3,6776,23
3,8439,8
3,3568,24
3,2580,50
3,3432,63
3,5124,35
3,8795,1
3,1102,50
3,6760,0
3,5277,42
3,5270,68
3,6413,0
3,4577,15
3,7812,46
3,5705,91
3,2962,38
3,1246,80
3,8417,8
3,7948,23
3,2641,80
3,2396,73
3,5480,27
3,5045,75
3,5913,81
3,8497,13
3,6494,82
3,7554,47
3,5764,76
3,5052,37
3,6265,13
3,7586,64
3,6196,67
3,879,14
3,4265,48
3,415,85
3,932,14
3,3403,78
3,2736,87
3,6014,1
3,8890,89
3,4064,78
3,1950,7
3,8678,99
3,2277,41
3,3786,15
3,7062,47
3,1299,14
3,6594,19
3,2429,14
3,556,66
3,7317,23
3,268,74
3,1726,50
3,8762,46
3,3360,27
3,50,87
3,3315,27
3,499,80
3,7751,67
3,6929,46
3,6524,65
3,7748,47
3,3822,42
3,4199,91
3,2166,87
3,2057,69
3,1445,11
3,6166,92
3,3684,32
3,8994,96
3,4824,78
3,5226,5
3,469,26
3,5192,81
3,2857,83
3,1404,20
3,8816,47
3,372,53
3,4727,81
3,8193,84
3,7991,61
3,5230,35
3,7862,65
3,8629,86
3,257,93
3,8790,96
3,7188,56
3,4332,94
3,1172,4
3,5019,94
3,3837,37
3,5792,81
3,8488,22
3,3674,45
3,791,77
3,6101,10
3,7285,86
3,7330,44
3,7228,99
3,3952,63
3,2136,53
3,2942,80
3,4653,75
3,1036,87
3,1736,17
3,1101,14
3,6344,89
3,2688,85
3,127,80
3,7969,93
3,8884,84
3,8092,92
3,8259,28
3,7178,28
3,6111,95
3,4118,94
3,603,38
3,8998,95
3,672,87
3,5473,45
3,1607,54
3,521,66
3,8470,99
3,4350,91
3,7891,89
3,7378,36
3,1627,11
3,1716,66
3,6316,67
3,5164,45
3,5272,48
3,8398,49
3,7000,49
3,6708,1
3,520,85
3,7379,31
3,6476,55
3,8115,36
3,1617,74
3,4997,18
3,8142,89
3,4692,97
3,4294,40
3,3808,76
3,756,20
3,7796,1
3,6251,23
3,1089,4
3,8977,13
3,1913,29
3,7552,24
3,4558,60
3,3737,97
3,1359,74
3,4181,68
3,6615,56
3,7975,36
3,6414,89
3,4185,40
3,99,39
3,7915,8
3,3374,5
3,7500,27
3,4719,16
3,7642,49
3,7222,31
3,5133,3
3,6233,89
3,4491,43
3,5988,24
3,1745,7
3,2068,69
3,3080,78
3,5307,37
3,1940,41
3,4457,68
3,1134,66
3,1336,90
3,5868,91
3,8710,82
3,5503,5
3,3715,35
3,5722,42
3,7924,58
3,1998,38
3,871,29
3,2905,73
3,4184,6
3,1731,4
3,3585,6
3,7507,36
3,5748,24
3,6283,10
3,1017,41
3,8020,19
3,1144,4
3,5951,42
3,3027,40
3,8039,95
3,1960,7
3,5531,72
3,69,38
3,1832,34
3,956,87
3,4326,37
3,9,38
3,3186,51
3,4013,97
3,3625,79
3,219,85
3,2120,52
3,8182,67
3,7949,89
3,5678,32
3,3201,78
3,1289,4
3,804,69
3,5149,12
3,8789,23
3,7113,82
3,6469,98
3,6806,70
3,6704,22
3,4019,18
3,4568,24
3,998,14
3,4546,60
3,8584,36
3,7922,46
3,6396,67
3,1025,20
3,4157,79
3,5957,68
3,4192,40
3,3359,60
3,6406,56
3,5104,42
3,7819,8
3,303,21
3,4616,76
3,1538,7
3,5465,15
3,8361,0
3,8007,2
3,5718,63
3,8800,57
3,8504,61
3,692,38
3,4684,63
3,2531,53
3,3751,51
3,6220,1
3,5082,32
3,8184,67
3,3288,79
3,4088,72
3,8842,57
3,7165,2
3,2209,39
3,320,52
3,1419,83
3,812,80
3,4888,51
3,4651,79
3,7358,82
3,8517,22
3,4552,24
3,6068,47
3,1059,70
3,5672,15
3,3599,68
3,7884,64
3,4145,91
3,1506,20
3,8502,61
3,6441,99
3,8668,96
3,550,17
3,8073,84
3,3157,94
3,7645,46
3,2819,4
3,2156,41
3,8616,0
3,7328,89
3,8099,86
3,6814,61
3,8157,99
3,8334,28
3,2498,70
3,6894,93
3,7622,19
3,4880,40
3,7384,57
3,8835,44
3,5798,72
3,8723,46
3,190,58
3,5856,45
3,7122,62
3,8105,65
3,7715,22
3,1885,17
3,2035,88
3,8555,99
3,4484,37
3,7720,84
3,6193,57
3,8179,49
3,8602,84
3,7677,96
3,1759,80
3,6405,98
3,7978,82
3,5235,42
3,5198,30
3,1211,53
3,398,85
3,7448,46
3,1016,58
3,7187,31
3,4928,16
3,5185,15
3,5816,51
3,1231,74
3,5008,5
3,6263,46
3,8514,89
3,4823,79
3,196,26
3,3642,35
3,4245,6
3,7769,55
3,3850,30
3,152,41
3,2026,25
3,4341,40
3,6052,84
3,6570,22
3,35,80
3,1283,4
3,1711,50
3,5620,30
3,4587,9
3,5348,12
3,5320,94
3,3350,48
3,8550,65
3,5889,33
3,546,90
3,4864,68
3,5112,3
3,2313,11
3,659,50
3,3946,68
3,5282,33
3,1672,73
3,5724,60
3,8063,1
3,3443,24
3,763,11
3,2360,17
3,4087,3
3,7130,46
3,4977,12
3,7799,22
3,1888,83
3,4095,78
3,705,20
3,6847,99
3,4372,48
3,4522,35
3,1150,41
3,4033,43
3,225,11
3,1416,20
3,607,85
3,7061,67
3,382,54
3,3797,3
3,7631,99
3,5601,91
3,7716,10
3,4278,18
3,8257,19
3,1854,58
3,2202,14
3,660,17
3,4652,42
3,903,11
3,4857,48
3,7764,23
3,602,50
3,5470,75
3,8746,84
3,7110,92
3,1723,50
3,1074,74
3,5166,78
3,2130,7
3,3889,63
3,8415,62
3,884,69
3,7933,47
3,3037,68
3,2564,90
3,3175,32
3,6170,92
3,5815,76
3,1646,54
3,1552,4
3,5623,78
3,2586,21
3,8195,96
3,6274,98
3,1936,58
3,5063,91
3,3976,5
3,3912,5
3,33,7
3,7489,89
3,7783,22
3,6801,55
3,272,87
3,8320,84
3,4483,43
3,7650,31
3,296,7
3,1382,54
3,761,11
3,4335,60
3,6771,49
3,5949,33
3,4844,43
3,8769,46
3,4656,18
3,4250,91
3,8371,13
3,7854,96
3,1432,59
3,3643,32
3,2875,66
3,6292,56
3,1750,11
3,323,7
3,6346,36
3,620,88
3,1252,41
3,3922,97
3,8544,36
3,3687,60
3,539,14
3,901,1
3,1405,70
3,8381,28
3,180,83
3,5087,5
3,7402,46
3,766,80
3,2605,26
3,8907,22
3,4525,5
3,3155,37
3,6763,82
3,1894,74
3,6238,10
3,129,34
3,7683,10
3,3500,76
3,4572,9
3,2105,59
3,4556,30
3,193,39
3,7724,47
3,4216,97
3,6360,99
3,8180,8
3,6793,95
3,234,73
3,5274,91
3,4883,15
3,8326,89
3,3978,30
3,6270,49
3,7899,62
3,70,52
3,5367,91
3,4968,45
3,8048,19
3,5121,79
3,7701,61
3,2497,93
3,3278,33
3,4344,30
3,7411,61
3,4234,27
3,4329,5
3,8981,67
3,6444,49
3,8631,84
3,2680,87
3,8349,44
3,5495,78
3,6908,13
3,7031,67
3,6839,96
3,2746,83
3,3770,75
3,8481,99
3,970,39
3,2387,59
3,1086,38
3,4115,51
3,5899,40
3,7780,62
3,6129,89
3,7278,46
3,77,4
3,8038,49
3,4334,72
3,6276,84
3,6620,95
3,8869,57
3,4821,51
3,2358,54
3,1824,54
3,6089,95
3,6146,46
3,8971,96
3,2291,20
3,709,39
3,6472,84
3,7875,66
3,2788,70
3,6795,96
3,5097,6
3,4560,27
3,8458,82
3,5880,60
3,7175,92
3,4156,68
3,4276,18
3,5574,78
3,5839,45
3,4333,68
3,574,14
3,2090,83
3,3368,6
3,4096,68
3,3395,45
3,117,14
3,3415,32
3,8123,89
3,6938,22
3,7372,86
3,5669,27
3,2506,53
3,8279,31
3,2468,25
3,606,4
3,8885,8
3,1879,83
3,6336,86
3,2086,4
3,3054,72
3,3095,3
3,3565,16
3,1214,70
3,3168,15
3,5265,45
3,7654,23
3,4414,37
3,3806,79
3,1233,7
3,8315,99
3,5431,75
3,5057,45
3,4807,33
3,4806,27
3,2333,26
3,7930,96
3,3993,51
3,8600,95
3,462,58
3,5580,68
3,6074,8
3,622,17
3,1245,73
3,2882,7
3,2089,54
3,566,74
3,5259,32
3,6679,28
3,1688,93
3,6054,98
3,2836,11
3,6285,13
3,5498,24
3,2180,71
3,3174,12
3,2030,14
3,5469,5
3,8962,8
3,4160,78
3,6308,22
3,7250,95
3,4608,72
3,4596,63
3,6035,47
3,5728,6
3,7180,61
3,6672,22
3,4564,30
3,4436,27
3,4045,91
3,5353,6
3,5147,35
3,7076,31
3,8410,86
3,6277,2
3,5316,79
3,3813,48
3,8513,12
3,5631,37
3,7766,36
3,1739,26
3,1308,4
3,7242,96
3,3937,60
3,8582,92
3,1932,98
3,1107,80
3,6913,67
3,4605,37
3,768,83
3,1209,4
3,3083,43
3,4057,68
3,633,14
3,1813,53
3,324,11
3,3957,15
3,534,57
3,4370,5
3,6461,10
3,5903,48
3,7074,0
3,4461,97
3,5086,18
3,8896,19
3,3513,75
3,8700,98
3,7019,49
3,3396,75
3,3859,15
3,6218,64
3,7088,57
3,992,20
3,6957,61
3,4347,37
3,5416,16
3,4320,91
3,5559,15
3,4167,3
3,1265,25
3,2979,21
3,5028,18
3,8657,98
3,897,14
3,4443,33
3,5222,97
3,596,20
3,8937,36
3,7589,49
3,8145,67
3,5916,40
3,6663,47
3,3509,72
3,4482,51
3,8107,84
3,7734,28
3,3754,35
3,1202,21
3,4790,12
3,2181,66
3,3369,51
3,7605,13
3,6309,10
3,5464,15
3,6259,89
3,7391,64
3,1244,17
3,8319,61
3,2939,88
3,8819,95
3,6777,2
3,1912,88
3,2196,52
3,6992,8
3,8817,61
3,5700,75
3,312,77
3,162,39
3,6526,56
3,8025,86
3,7225,61
3,4701,94
3,1137,29
3,4761,35
3,2343,11
3,4086,15
3,5203,60
3,1195,4
3,8235,36
3,2187,83
3,6098,8
3,3669,15
3,249,90
3,5579,75
3,4739,42
3,7289,8
3,2530,69
3,1927,59
3,2480,87
3,1568,83
3,4574,6
3,4404,30
3,374,4
3,2434,34
3,7594,82
3,2373,20
3,1140,85
3,3242,60
3,745,52
3,7128,13
3,4316,32
3,8895,46
3,7073,57
3,337,7
3,1559,90
3,8608,57
3,2984,17
3,6592,47
3,5604,40
3,3852,68
3,2623,80
3,46,38
3,6522,49
3,2737,77
3,3593,72
3,6412,8
3,5507,24
3,848,80
3,7813,67
3,5229,72
3,3293,68
3,2165,88
3,682,41
3,8386,1
3,8461,82
3,6322,57
3,7254,84
3,212,73
3,5841,37
3,2880,11
3,6482,98
3,2715,34
3,4285,5
3,4011,27
3,4481,60
3,938,69
3,8442,89
3,1280,70
3,4808,32
3,6321,13
3,3378,76
3,2890,66
3,484,53
3,3426,40
3,3172,63
3,3451,35
3,6868,31
3,3898,6
3,2283,26
3,441,21
3,7841,49
3,4636,9
3,5635,42
3,6560,92
3,1409,70
3,3113,43
3,5256,68
3,7258,57
3,1873,77
3,6087,85
3,1551,58
3,2845,14
3,6670,8
3,7020,31
3,5155,94
3,5494,43
3,2431,73
3,5499,48
3,1995,58
3,1839,54
3,197,83
3,597,11
3,7531,8
3,2208,14
3,4503,79
3,8674,2
3,6653,23
3,5157,5
3,5511,32
3,4039,35
3,208,11
3,5422,27
3,3608,42
3,3866,75
3,2106,7
3,8201,55
3,3356,6
3,5923,91
3,8413,22
3,1259,90
3,6557,36
3,6180,13
3,4258,27
3,7643,19
3,8620,8
3,8592,55
3,8021,49
3,3548,30
3,4926,75
3,4732,9
3,619,70
3,7553,67
3,8676,19
3,2462,90
3,3166,63
3,8660,12
3,2780,25
3,8708,82
3,258,20
3,1683,87
3,7788,47
3,2644,80
3,784,77
3,8534,1
3,4937,9
3,4380,72
3,5830,94
3,5736,68
3,6923,61
3,7082,61
3,2777,17
3,5347,5
3,3790,18
3,4162,40
3,1852,53
3,5460,6
3,3854,72
3,2502,93
3,1525,53
3,3400,97
3,5740,6
3,1911,52
3,8671,56
3,2674,11
3,7925,8
3,7274,64
3,6293,2
3,3459,30
3,288,14
3,1104,70
3,6113,82
3,4733,78
3,2439,69
3,8601,2
3,5753,35
3,5058,60
3,6328,28
3,5568,12
3,5590,15
3,8364,84
3,3329,33
3,4983,75
3,6655,61
3,5067,72
3,4283,5
3,4400,30
3,7181,2
3,264,20
3,7064,22
3,2070,66
3,6947,99
3,4345,68
3,5890,40
3,4460,81
3,5727,27
3,6883,84
3,2274,70
3,1294,90
3,2286,7
3,3013,18
3,4196,37
3,5625,9
3,4180,68
3,2113,80
3,354,38
3,456,58
3,6161,47
3,6078,82
3,8083,55
3,4091,27
3,3530,94
3,802,7
3,1532,20
3,7399,67
3,8163,92
3,929,58
3,3685,27
3,178,26
3,1668,20
3,8861,2
3,6608,22
3,7781,67
3,101,83
3,4490,81
3,5861,15
3,2179,83
3,8948,99
3,8713,96
3,3445,63
3,746,90
3,3318,33
3,3248,45
3,7787,92
3,3992,6
3,750,58
3,6386,99
3,5496,9
3,832,14
3,5144,45
3,4429,3
3,1482,80
3,6058,28
3,2170,73
3,1234,11
3,2163,14
3,3105,15
3,6884,47
3,14,34
3,2352,71
3,7436,64
3,2405,21
3,1993,39
3,4517,75
3,388,66
3,1032,77
3,2611,66
3,304,41
3,1577,90
3,5657,37
3,6455,2
3,4453,30
3,5771,45
3,7945,74
3,6225,57
3,5688,45
3,6343,61
3,2973,20
3,6071,56
3,5338,42
3,4438,79
3,3413,91
3,1304,4
3,4887,37
3,279,88
3,2513,73
3,2958,4
3,6364,1
3,1874,54
3,3079,40
3,6224,47
3,437,21
3,4751,60
3,3429,9
3,3725,60
3,3128,78
3,4018,27
3,3018,76
3,7669,47
3,1218,54
3,3394,63
3,1235,14
3,7570,98
3,8626,84
3,2889,77
3,7737,28
3,4944,63
3,295,11
3,1728,53
3,6152,12
3,6452,36
3,3289,45
3,8801,98
3,1385,29
3,2536,88
3,634,34
3,8430,19
3,6716,67
3,6634,28
3,2577,39
3,5208,68
3,7806,0
3,1048,20
3,472,77
3,8217,10
3,440,69
3,8069,0
3,8446,55
3,8297,89
3,2724,7
3,8016,96
3,485,70
3,1339,17
3,3031,45
3,8206,56
3,78,17
3,8570,22
3,1978,41
3,5271,79
3,3948,45
3,7361,8
3,6192,28
3,4,53
3,1982,7
3,5315,91
3,3373,15
3,2551,73
3,4862,5
3,2214,88
3,5089,63
3,4155,35
3,1634,34
3,1186,41
3,1956,74
3,5176,37
3,153,17
3,8618,98
3,8214,82
3,6239,22
3,6135,28
3,301,21
3,8850,23
3,5692,60
3,4978,78
3,5818,18
3,3234,81
3,4049,30
3,1548,74
3,8245,95
3,2999,73
3,1324,41
3,2657,25
3,3022,18
3,2389,4
3,2776,41
3,6705,19
3,1126,73
3,4754,75
3,1346,77
3,4097,76
3,8565,92
3,1642,69
3,7503,28
3,4170,72
3,2131,74
3,795,93
3,6428,55
3,2359,34
3,87,14
3,8736,55
3,6427,19
3,3829,63
3,2385,54
3,5857,43
3,2479,58
3,527,4
3,5891,32
3,1640,80
3,7357,46
3,5130,76
3,8122,95
3,2204,1
3,4123,81
3,5105,3
3,8084,2
3,5930,35
3,7667,44
3,308,19
3,6812,8
3,7629,36
3,7695,64
3,6619,64
3,1156,39
3,3789,3
3,7275,47
3,8377,67
3,1907,57
3,5184,91
3,3131,12
3,5589,24
3,468,41
3,6666,64
3,8603,95
3,1738,87
3,2340,39
3,1844,39
3,1595,70
3,946,14
3,941,53
3,7772,28
3,5033,60
3,8271,67
3,4238,79
3,3677,76
3,4422,91
3,7730,98
3,8964,28
3,5482,16
3,7098,44
3,6647,22
3,5715,30
3,4691,75
3,8323,57
3,1606,34
3,1483,87
3,6426,23
3,2538,10
3,862,25
3,2114,20
3,6020,89
3,7564,49
3,7583,46
3,2557,4
3,8587,57
3,7176,61
3,676,58
3,6942,22
3,6481,22
3,4628,32
3,4703,15
3,8496,64
3,969,41
3,4496,78
3,4566,33
3,4519,48
3,5567,15
3,2747,74
3,8234,61
3,1054,17
3,2503,11
3,1621,58
3,7673,65
3,3916,97
3,1853,7
3,5424,3
3,6382,65
3,4842,40
3,2493,26
3,4140,42
3,6015,8
3,3719,97
3,628,80
3,161,83
3,1013,4
3,8130,62
3,8331,22
3,7273,2
3,7231,65
3,8609,31
3,1240,70
3,989,53
3,110,39
3,6442,47
3,3793,18
3,7257,92
3,1612,71
3,4964,51
3,1825,50
3,2236,14
3,5140,16
3,1128,17
3,2914,25
3,8823,92
3,2769,21
3,8637,8
3,5536,27
3,741,73
3,4479,76
3,5113,16
3,6837,65
3,6901,99
3,2134,87
3,8307,93
3,7478,99
3,8926,19
3,8200,36
3,3860,91
3,942,50
3,7152,19
3,4120,75
3,2492,80
3,5973,72
3,3393,97
3,691,66
3,80,50
3,889,26
3,7435,13
3,8264,44
3,3380,3
3,6571,57
3,1576,88
3,5376,63
3,4601,15
3,1586,17
3,1553,58
3,8887,95
3,5231,9
3,6369,95
3,1717,52
3,3085,15
3,3578,3
3,5578,6
3,4212,27
3,6593,0
3,4024,51
3,6032,31
3,4397,24
3,4927,16
3,1293,87
3,696,88
3,98,58
3,6996,56
3,971,17
3,328,34
3,881,80
3,5746,75
3,6980,10
3,6836,64
3,555,14
3,5281,37
3,834,34
3,7486,36
3,1453,26
3,7625,19
3,7172,23
3,3678,30
3,2448,4
3,3929,60
3,8205,64
3,4107,75
3,3158,68
3,480,93
3,6631,67
3,8248,62
3,900,39
3,529,14
3,2708,88
3,2317,71
3,4292,43
3,6155,95
3,7099,8
3,1509,14
3,3225,30
3,8551,98
3,1727,34
3,7037,61
3,7491,64
3,8933,49
3,872,20
3,3067,68
3,3187,45
3,5547,75
3,7620,56
3,7319,92
3,4863,6
3,90,14
3,1366,41
3,53,56
3,5905,63
3,1779,21
3,378,53
3,1271,38
3,1702,20
3,7738,90
3,6081,82
3,6253,28
3,2870,54
3,4207,6
3,4366,9
3,244,39
3,8682,46
3,4563,60
3,4835,48
3,1458,77
3,8490,23
3,7747,92
3,7820,65
3,821,34
3,214,39
3,7561,49
3,3887,79
3,8779,82
3,8757,49
3,6862,1
3,6327,13
3,2893,11
3,5285,91
3,3857,78
3,961,80
3,5697,18
3,8249,64
3,826,25
3,6095,8
3,7779,19
3,8085,36
3,4851,63
3,6542,49
3,3153,97
3,8553,22
3,1066,89
3,2922,25
3,6370,2
3,2972,4
3,2584,85
3,2159,7
3,1151,25
3,6825,55
3,5344,79
3,4830,45
3,1164,20
3,3611,42
3,1533,17
3,6982,36
3,1527,20
3,4624,78
3,926,80
3,673,4
3,5950,97
3,271,80
3,6056,55
3,7376,86
3,5228,78
3,4058,32
3,2146,80
3,1651,90
3,5001,72
3,2307,20
3,7826,13
3,8385,57
3,6498,0
3,7253,2
3,686,93
3,615,20
3,6471,17
3,8690,13
3,8024,86
3,5481,37
3,3462,18
3,4654,9
3,6963,23
3,1362,80
3,8420,56
3,4507,78
3,4648,6
3,8185,36
3,2444,11
3,6970,47
3,5189,72
3,7905,8
3,5576,16
3,5241,79
3,321,74
3,7700,57
3,4512,51
3,5773,63
3,3567,6
3,3456,27
3,2757,83
3,4584,45
3,3712,72
3,2891,50
3,71,73
3,3447,40
3,6268,46
3,6440,61
3,3472,37
3,4819,5
3,5970,42
3,3506,68
3,3705,75
3,6039,98
3,7845,19
3,5989,94
3,1225,85
3,7026,13
3,4936,68
3,3195,3
3,1094,87
3,5455,30
3,8401,13
3,269,14
3,6779,84
3,6380,92
3,4268,60
3,7817,8
3,559,83
3,4545,75
3,2835,53
3,3487,24
3,3596,72
3,6417,86
3,8647,56
3,6012,62
3,8649,1
3,8694,47
3,3197,33
3,1761,38
3,5468,79
3,8221,50
3,5017,27
3,1393,87
3,3876,30
3,6267,1
3,4244,91
3,6072,2
3,6459,61
3,7459,0
3,1193,54
3,3871,63
3,1531,50
3,6256,19
3,1433,74
3,5780,40
3,8363,99
3,7124,86
3,6341,13
3,8277,61
3,6310,1
3,4644,33
3,2902,90
3,2532,29
3,7790,64
3,7904,2
3,4150,40
3,1876,52
3,4524,24
3,8118,46
3,352,85
3,8289,67
3,6048,23
3,8250,96
3,6537,93
3,2276,14
3,3524,30
3,2018,25
3,1364,26
3,222,7
3,4255,3
3,7008,2
3,729,53
3,6788,44
3,4502,30
3,2791,54
3,5793,48
3,7310,8
3,7490,8
3,2269,74
3,5863,68
3,8011,1
3,7943,67
3,7210,13
3,8153,19
3,6718,46
3,1160,20
3,405,50
3,7195,95
3,7512,31
3,6523,36
3,4472,42
3,3049,18
3,7644,49
3,6154,19
3,2104,25
3,5804,79
3,7007,64
3,166,0
3,7634,8
3,6069,57
3,7702,23
3,6692,67
3,3768,51
3,7312,31
3,7592,10
3,5584,24
3,3257,5
3,3488,18
3,8342,0
3,2831,4
3,6324,96
3,2741,85
3,8951,31
3,4500,42
3,3688,51
3,5967,68
3,1236,54
3,3617,3
3,8625,57
3,3023,18
3,2648,87
3,644,61
3,5026,51
3,1377,7
3,4858,32
3,495,54
3,7262,8
3,6886,99
3,2865,11
3,1670,74
3,4848,5
3,7657,36
3,7572,46
3,800,20
3,5209,72
3,1142,54
3,5693,45
3,7746,68
3,2626,85
3,8418,61
3,8049,57
3,8176,79
3,7344,44
3,3121,45
3,6063,10
3,7198,23
3,1866,14
3,5542,75
3,3682,9
3,8761,92
3,1162,71
3,1910,73
3,8002,49
3,5336,9
3,5760,60
3,3781,40
3,79,69
3,1705,26
3,6436,82
3,3252,91
3,6383,46
3,4700,15
3,6910,0
3,7206,82
3,966,20
3,5435,15
3,1720,88
3,2045,11
3,7158,65
3,1619,73
3,6799,98
3,2778,80
3,6590,98
3,6235,64
3,2386,66
3,3783,5
3,1660,50
3,419,17
3,2602,77
3,7256,46
3,7800,98
3,7104,25
3,1742,29
3,6092,85
3,8953,10
3,7307,46
3,5400,72
3,1247,39
3,5453,75
3,2228,58
3,5215,32
3,6091,23
3,3711,91
3,7263,47
3,3165,15
3,6962,67
3,8535,92
3,6616,95
3,4723,42
3,1092,87
3,7127,82
3,7990,0
3,4219,45
3,1161,90
3,1540,2
3,5809,18
3,1040,39
3,3304,51
3,1669,90
3,1840,87
3,5392,6
3,2341,73
3,2319,11
3,855,88
3,1221,41
3,1697,83
3,3446,16
3,2000,87
3,4749,79
3,8090,67
3,4537,42
3,7308,65
3,4839,3
3,7680,19
3,8280,19
3,7005,44
3,7851,0
3,6583,98
3,7535,31
3,2781,14
3,4243,81
3,7159,36
3,2720,4
3,3753,15
3,4410,42
3,395,4
3,6810,8
3,905,85
3,5641,75
3,3203,15
3,1859,38
3,3671,35
3,7596,36
3,4549,5
3,4949,5
3,1372,17
3,1686,21
3,150,14
3,867,98
3,8388,55
3,6496,55
3,5860,37
3,7427,57
3,6721,19
3,835,38
3,6102,10
3,3996,5
3,5982,42
3,3825,81
3,294,54
3,2119,54
3,8709,55
3,5497,30
3,5647,16
3,8832,55
3,8995,22
3,8681,23
3,7936,92
3,2617,74
3,6103,64
3,2637,21
3,215,7
3,8532,28
3,3019,33
3,1892,38
3,2327,80
3,4773,9
3,695,4
3,2059,53
3,8665,96
3,4892,18
3,7897,86
3,6817,99
3,7927,64
3,7018,86
3,6213,0
3,3127,72
3,1676,58
3,2533,53
3,5349,33
3,4916,15
3,4662,60
3,4386,68
3,6614,1
3,7170,22
3,5581,5
3,7970,61
3,1741,88
3,1800,14
3,6473,1
3,1658,80
3,1226,83
3,5061,3
3,654,58
3,3780,18
3,5978,30
3,3576,72
3,4073,15
3,3309,51
3,2336,41
3,3240,43
3,8261,86
3,7685,28
3,2529,14
3,4580,81
3,1687,14
3,8431,49
3,5278,18
3,5023,30
3,2079,87
3,1340,38
3,7009,47
3,8324,44
3,5022,30
3,8652,46
3,5429,81
3,5069,79
3,1076,38
3,1613,90
3,7092,0
3,7767,28
3,3005,51
3,8191,95
3,6391,1
3,3606,30
3,6775,36
3,3557,51
3,8474,64
3,5619,68
3,4080,37
3,8520,82
3,3590,9
3,5553,40
3,3739,15
3,8695,64
3,2222,39
3,8298,61
3,1661,17
3,5908,68
3,4063,81
3,7463,31
3,650,58
3,8809,0
3,3776,32
3,6578,8
3,4124,18
3,4367,15
3,2054,41
3,3670,75
3,995,14
3,7466,47
3,7909,28
3,2868,21
3,8037,31
3,4401,94
3,2151,59
3,8561,43
3,853,52
3,2207,53
3,5039,27
3,4745,97
3,3404,9
3,8108,31
3,6077,49
3,5551,30
3,1929,83
3,4067,42
3,2563,7
3,5611,97
3,5919,81
3,8973,65
3,6142,64
3,2863,58
3,697,85
3,1367,66
3,2085,59
3,4082,3
3,3989,68
3,360,29
3,5491,78
3,8243,36
3,3366,97
3,4448,76
3,3091,75
3,6843,19
3,8591,89
3,403,38
3,1589,21
3,1970,52
3,4032,18
3,6424,2
3,7336,84
3,3840,63
3,1924,71
3,7675,46
3,8097,19
3,2478,39
3,7430,96
3,6896,65
3,8204,8
3,4829,63
3,3142,37
3,4694,24
3,6990,55
3,4251,68
3,7929,0
3,4300,91
3,5998,9
3,626,59
3,4770,12
3,3907,45
3,3496,45
3,7888,56
3,7985,64
3,1353,17
3,1715,4
3,17,17
3,4111,91
3,4200,75
3,4144,37
3,1799,52
3,3612,42
3,4248,78
3,3468,91
3,2813,41
3,909,7
3,8963,89
3,6107,86
3,996,11
3,7910,13
3,4804,43
3,747,53
3,20,34
3,3029,12
3,6002,86
3,1467,77
3,3434,75
3,2063,70
3,8932,82
3,7245,64
3,7109,96
3,5102,51
3,3122,6
3,4356,81
3,3209,33
3,5059,60
3,4210,68
3,3801,75
3,4896,9
3,637,88
3,3118,32
3,7575,57
3,6632,89
3,38,74
3,5115,42
3,6379,1
3,5050,33
3,6059,96
3,523,26
3,8843,98
3,8530,82
3,5934,72
3,1674,20
3,6918,67
3,2909,80
3,7794,8
3,3518,33
3,5311,48
3,145,54
3,1429,26
3,4362,18
3,4555,97
3,7941,28
3,1565,74
3,439,80
3,8750,44
3,4735,68
3,2548,50
3,4757,68
3,915,83
3,19,52
3,735,73
3,2606,34
3,6630,82
3,7011,0
3,7785,84
3,8132,22
3,5302,91
3,2562,93
3,643,29
3,6334,44
3,4149,72
3,8491,0
3,1780,80
3,5928,43
3,6574,13
3,6134,46
3,5937,30
3,7546,96
3,5629,68
3,8961,64
3,8260,82
3,7646,82
3,1312,52
3,2935,53
3,4935,24
3,92,38
3,6551,61
3,5362,9
3,6040,44
3,5599,30
3,2278,73
3,8370,46
3,6339,57
3,331,90
3,6223,44
3,7392,0
3,1084,21
3,3276,30
3,3260,33
3,6353,56
3,7731,2
3,1055,17
3,3504,97
3,7765,55
3,1031,80
3,6065,98
3,3171,81
3,504,73
3,2900,53
3,4938,45
3,3888,5
3,7106,55
3,2108,83
3,1281,21
3,7047,22
3,4540,45
3,5912,94
3,8343,84
3,3057,33
3,7699,13
3,849,20
3,6475,57
3,8614,31
3,6184,19
3,3968,81
3,4884,37
3,8056,22
3,7880,22
3,8903,0
3,5907,3
3,8853,55
3,5763,63
3,4812,9
3,6358,65
3,5827,27
3,725,17
3,2959,80
3,7453,23
3,5405,37
3,3474,60
3,8680,46
3,3483,33
3,8141,8
3,1981,38
3,3778,75
3,7205,0
3,5280,75
3,2454,52
3,4776,42
3,5305,3
3,7956,61
3,4846,42
3,1360,83
3,1860,38
3,919,52
3,1111,74
3,2749,41
3,1328,50
3,1821,53
3,6159,44
3,1081,17
3,3245,45
3,467,54
3,8428,44
3,8267,98
3,4852,97
3,5703,91
3,3025,75
3,4520,42
3,6222,44
3,5065,6
3,3923,68
3,3150,6
3,8978,23
3,2296,26
3,1659,74
3,1091,10
3,973,52
3,7387,46
3,2566,74
3,1,58
3,8615,22
3,1461,4
3,1357,17
3,8143,56
3,3569,60
3,1593,54
3,3890,16
3,4442,24
3,4547,94
3,1490,52
3,6443,93
3,759,29
3,6677,1
3,7517,61
3,3879,6
3,5947,27
3,7863,2
3,5062,40
3,1210,11
3,7693,98
3,8212,89
3,1597,39
3,1510,80
3,4488,16
3,8464,44
3,3905,24
3,3836,60
3,493,85
3,7163,8
3,5433,63
3,4078,60
3,598,59
3,7334,62
3,5717,32
3,5638,91
3,3430,91
3,4643,42
3,2459,74
3,1070,87
3,4113,5
3,4001,3
3,3495,40
3,3220,81
3,7951,65
3,2924,7
3,1871,14
3,861,14
3,516,21
3,925,29
3,7182,89
3,7588,23
3,7196,13
3,8266,82
3,2258,50
3,7347,46
3,6500,96
3,7602,23
3,525,52
3,88,53
3,3800,40
3,1835,85
3,4142,6
3,5060,78
3,6920,93
3,7745,8
3,2055,88
3,6021,57
3,3189,12
3,5729,5
3,2888,90
3,4430,42
3,2839,11
3,5492,15
3,8924,19
3,112,50
3,2337,53
3,4369,40
3,7877,28
3,1495,14
3,4726,9
3,8237,0
3,3986,76
3,2020,39
3,7928,99
3,1192,88
3,1781,17
3,1395,77
3,1129,90
3,2712,39
3,8970,57
3,8619,36
3,8648,57
3,5449,3
3,5025,60
3,7363,95
3,224,11
3,377,26
3,2062,41
3,62,74
3,6187,89
3,205,66
3,1106,50
3,4756,63
3,2565,88
3,7353,2
3,7515,55
3,6350,84
3,3624,37
3,5610,27
3,4958,45
3,8870,93
3,5691,15
3,3055,30
3,6702,86
3,684,11
3,5845,15
3,8706,64
3,7266,23
3,3489,33
3,7394,19
3,3212,91
3,8238,2
3,247,7
3,8734,13
3,5261,79
3,1645,80
3,4188,30
3,6333,46
3,5501,79
3,5391,27
3,1141,25
3,8500,1
3,3699,75
3,4003,35
3,8065,0
3,6013,86
3,6581,64
3,5300,3
3,1501,50
3,6531,98
3,4576,33
3,4586,40
3,3661,6
3,8949,96
3,6355,47
3,2064,29
3,1806,88
3,7830,23
3,3206,60
3,1673,53
3,651,77
3,2306,85
3,8455,13
3,4194,43
3,6575,2
3,4295,60
3,2173,80
3,4297,78
3,6715,36
3,1159,20
3,5406,16
3,7276,92
3,3563,78
3,2190,4
3,7684,8
3,4466,27
3,2633,83
3,2280,36
3,8990,31
3,2457,20
3,4044,9
3,7921,86
3,2087,85
3,6348,36
3,4423,91
3,8322,55
3,7356,64
3,315,59
3,2025,58
3,5116,3
3,4716,72
3,828,54
3,573,26
3,6389,36
3,5,88
3,3178,63
3,8296,64
3,68,21
3,7804,2
3,4674,63
3,2219,41
3,4182,27
3,4661,51
3,8008,65
3,6127,64
3,1864,14
3,1351,90
3,4456,81
3,1125,38
3,5345,33
3,8701,82
3,6786,57
3,4489,27
3,8571,47
3,4602,16
3,2840,73
3,3147,91
3,6345,49
3,5790,51
3,2320,50
3,6564,19
3,4567,63
3,8425,22
3,5726,15
3,661,53
3,8759,93
3,5451,78
3,599,59
3,458,52
3,2287,83
3,8456,8
3,1934,54
3,8246,56
3,5838,9
3,4233,37
3,6121,10
3,4670,40
3,2884,73
3,960,4
3,627,87
3,8291,0
3,8313,95
3,8336,0
3,7395,84
3,8691,10
3,8253,96
3,1718,4
3,2802,88
3,7211,84
3,1171,34
3,5965,63
3,7027,55
3,1403,7
3,3261,75
3,3545,72
3,6833,46
3,647,39
3,8228,82
3,8834,31
3,5452,51
3,8089,46
3,5803,5
3,6172,67
3,7871,44
3,2601,73
3,3626,30
3,8460,86
3,2898,52
3,5862,6
3,8597,57
3,2881,88
3,978,93
3,389,20
3,7010,65
3,6514,28
3,7147,31
3,8407,44
3,8581,98
3,8009,57
3,8659,49
3,6587,44
3,7639,36
3,4298,5
3,7662,0
3,7151,98
3,2729,11
3,2246,71
3,1157,71
3,4223,27
3,2483,74
3,3389,32
3,7604,65
3,3600,40
3,4632,5
3,6232,82
3,3551,35
3,5218,9
3,3003,24
3,8576,95
3,284,17
3,6610,31
3,5665,12
3,2273,11
3,7374,61
3,1177,85
3,2725,4
3,2718,17
3,5156,68
3,7688,10
3,4940,68
3,5538,91
3,8593,28
3,4340,5
3,5204,16
3,4516,91
3,8526,13
3,2308,11
3,4713,32
3,5188,27
3,37,52
3,3281,79
3,3633,9
3,359,7
3,3120,60
3,8594,84
3,7562,65
3,6209,2
3,5710,15
3,8911,55
3,1257,26
3,3579,60
3,1319,80
3,5756,81
3,3436,18
3,765,87
3,4470,15
3,2755,57
3,7004,31
3,4105,40
3,445,88
3,8661,31
3,2710,52
3,3636,30
3,2288,66
3,5098,43
3,6397,22
3,7711,84
3,3832,63
3,2540,52
3,2242,93
3,7032,28
3,1170,83
3,1784,90
3,12,41
3,5917,24
3,7686,98
3,278,4
3,3906,51
3,4228,18
3,5385,3
3,4811,12
3,3024,12
3,4514,15
3,2576,87
3,4845,45
3,7343,95
3,8566,22
3,1298,38
3,8079,57
3,1543,52
3,854,58
3,3246,42
3,7864,46
3,7689,95
3,8918,62
3,3921,30
3,1786,7
3,4669,32
3,3664,42
3,2069,41
3,8508,65
3,614,77
3,2735,58
3,5378,60
3,5493,45
3,8754,65
3,6509,57
3,4476,15
3,5126,9
3,6888,46
3,1625,34
3,6419,56
3,86,70
3,7857,61
3,3111,51
3,931,59
3,8781,57
3,6425,67
3,3673,68
3,3691,15
3,8720,95
3,8718,46
3,2534,71
3,4247,48
3,3655,30
3,5369,60
3,3573,81
3,1939,54
3,7091,93
3,8826,2
3,45,80
3,5745,24
3,1296,11
3,5341,97
3,8372,47
3,5322,5
3,5617,63
3,1358,70
3,2631,59
3,2722,21
3,442,11
3,3418,72
3,2612,59
3,5582,45
3,7963,23
3,8560,96
3,4313,60
3,491,50
3,6649,19
3,1679,69
3,7212,13
3,5083,91
3,8427,13
3,8917,46
3,4531,16
3,4840,32
3,381,41
3,4780,32
3,892,58
3,5586,5
3,6099,0
3,5032,68
3,6404,22
3,3928,5
3,5695,45
3,8216,89
3,2112,54
3,567,50
3,4462,94
3,2832,25
3,1862,50
3,1665,41
3,1163,56
3,7252,44
3,7460,35
3,2820,20
3,6742,95
3,2093,25
3,5942,3
3,3388,43
3,4711,33
3,3799,15
3,2960,90
3,4495,32
3,111,74
3,8258,56
3,2895,50
3,2342,87
3,2205,41
3,8621,95
3,5187,15
3,4639,35
3,8797,92
3,5458,76
3,3343,18
3,141,80
3,1877,39
3,5471,9
3,2885,53
3,4687,12
3,3812,75
3,1441,39
3,379,87
3,3792,37
3,1418,10
3,5177,35
3,3526,43
3,2790,80
3,97,25
3,2541,70
3,4583,78
3,305,74
3,8448,64
3,5751,78
3,8465,61
3,2992,58
3,5181,9
3,3492,6
3,1517,20
3,4797,16
3,7403,1
3,8120,61
3,3605,18
3,5883,12
3,8230,61
3,3939,51
3,4139,9
3,4164,63
3,625,39
3,7524,56
3,7647,82
3,3951,37
3,2615,29
3,1402,17
3,8119,36
3,261,29
3,7955,99
3,5393,32
3,5974,97
3,827,23
3,6044,67
3,4434,63
3,8765,96
3,5721,9
3,1109,34
3,3279,60
3,833,17
3,7354,23
3,1986,20
3,4375,75
3,6965,31
3,2603,26
3,2638,83
3,2549,4
3,7732,86
3,7449,89
3,7162,28
3,4486,9
3,8612,64
3,6922,19
3,121,69
3,4881,42
3,2167,39
3,4281,15
3,41,14
3,8744,22
3,5244,40
3,611,11
3,2268,38
3,1112,29
3,1462,50
3,4198,72
3,2369,7
3,5879,37
3,6744,96
3,5999,32
3,164,53
3,580,87
3,890,34
3,7117,49
3,3723,37
3,5247,97
3,1906,59
3,1466,17
3,6981,47
3,5070,32
3,2869,53
3,1149,17
3,8796,89
3,858,66
3,6791,67
3,7079,61
3,122,64
3,5847,43
3,6181,2
3,3662,43
3,2785,26
3,3244,6
3,413,90
3,5380,15
3,7894,70
3,7998,57
3,3517,94
3,6118,61
3,2248,17
3,6547,95
3,5900,78
3,6226,31
3,5251,60
3,3351,45
3,7532,65
3,4993,15
3,4972,68
3,8368,19
3,5626,33
3,5461,6
3,118,14
3,8739,96
3,2632,66
3,3274,76
3,8043,22
3,7551,22
3,3059,76
3,2067,59
3,2175,77
3,6912,28
3,2527,90
3,1691,39
3,7957,10
3,3140,76
3,7576,46
3,5732,72
3,5169,43
3,91,66
3,4591,91
3,6550,1
3,4825,37
3,8511,2
3,8310,46
3,8548,62
3,423,29
3,3250,84
3,5977,81
3,7530,62
3,6617,28
3,3016,60
3,933,88
3,4618,15
3,8040,0
3,3903,43
3,7401,67
3,4204,27
3,4801,5
3,1987,85
3,5948,5
3,1098,53
3,8351,82
3,5608,37
3,2036,21
3,5319,40
3,874,54
3,5111,42
3,7558,64
3,3093,75
3,5794,48
3,5901,40
3,7611,57
3,1535,25
3,3078,3
3,1255,20
3,3570,32
3,1569,25
3,4810,63
3,6294,2
3,8943,65
3,3040,3
3,8974,36
3,1933,34
3,2450,73
3,8662,57
3,5421,5
3,5571,94
3,6555,28
3,6644,82
3,7093,64
3,2945,13
3,589,74
3,5205,63
3,4673,3
3,2596,41
3,1615,58
3,6083,19
3,6937,89
3,8753,8
3,5447,3
3,8821,96
3,3367,68
3,4660,15
3,25,77
3,6191,2
3,6925,62
3,7837,82
3,4565,91
3,5437,30
3,7615,8
3,7190,95
3,5787,18
3,8611,23
3,8117,22
3,4833,6
3,8838,44
3,5125,97
3,841,38
3,5201,27
3,3167,40
3,6939,2
3,1248,4
3,1914,52
3,7521,0
3,3308,15
3,5073,40
3,1217,0
3,3214,6
3,7847,98
3,5160,24
3,4392,48
3,4016,18
3,3352,5
3,5137,51
3,5010,45
3,1941,41
3,2650,83
3,2267,20
3,3784,51
3,2599,87
3,2137,73
3,7768,2
3,4689,9
3,2027,26
3,3552,5
3,4102,18
3,8190,93
3,7456,47
3,584,21
3,7621,31
3,4924,32
3,5384,78
3,4635,79
3,6624,84
3,3527,79
3,5990,68
3,4633,6
3,3927,40
3,4550,68
3,6860,56
3,4331,51
3,2977,54
3,3945,68
3,5535,91
3,8820,23
3,2522,90
3,936,90
3,3376,9
3,4590,94
3,5645,24
3,6554,22
3,5786,35
3,2330,53
3,1887,88
3,1227,74
3,3894,76
3,8855,23
3,6249,82
3,4521,79
3,8290,28
3,8451,31
3,3295,97
3,3218,72
3,6104,89
3,2145,14
3,837,58
3,2201,17
3,5944,9
3,2354,87
3,6975,62
3,6371,86
3,2346,21
3,186,85
3,8954,84
3,2420,88
3,3975,18
3,3931,68
3,7208,49
3,713,39
3,26,14
3,994,74
3,2561,88
3,1448,41
3,7259,84
3,8794,62
3,3215,79
3,7120,36
3,7509,8
3,3469,12
3,6602,28
3,3668,15
3,6682,28
3,8967,19
3,3649,78
3,4286,75
3,1743,29
3,757,77
3,5152,81
3,7457,56
3,2762,41
3,8941,1
3,2414,26
3,2193,26
3,2946,83
3,8247,47
3,5440,48
3,6070,55
3,1798,52
3,8793,0
3,335,74
3,6899,22
3,754,50
3,1592,80
3,2407,11
3,2681,34
3,2555,66
3,5767,16
3,612,14
3,5706,27
3,5630,9
3,8476,19
3,8136,67
3,1884,38
3,2372,69
3,5882,3
3,8760,64
3,2702,17
3,2177,90
3,5337,27
3,5163,60
3,7393,64
3,8202,64
3,2917,25
3,5318,37
3,7260,2
3,5676,33
3,2608,71
3,7383,0
3,6439,67
3,6269,19
3,3224,63
3,1789,17
3,5640,5
3,7633,47
3,8036,65
3,7169,2
3,655,52
3,6652,67
3,5549,68
3,3398,68
3,2293,87
3,5914,63
3,2809,70
3,3943,78
3,3219,16
3,8672,36
3,1624,93
3,3421,91
3,6525,61
3,1812,25
3,8366,95
3,5844,35
3,5955,32
3,7881,98
3,6541,10
3,329,41
3,4592,43
3,8070,19
3,5463,37
3,2217,87
3,6467,2
3,8663,46
3,8074,55
3,5655,9
3,1322,58
3,649,14
3,1251,53
3,8358,82
3,4469,76
3,2335,50
3,4671,30
3,1980,4
3,8639,55
3,2240,54
3,1158,69
3,2660,4
3,4619,94
3,8763,56
3,6804,49
3,7327,44
3,2332,39
3,8437,89
3,8272,23
3,899,88
3,3123,79
3,4290,68
3,5733,94
3,8877,2
3,6131,1
3,5712,76
3,6318,46
3,8575,64
3,85,90
3,4059,63
3,1734,83
3,1088,41
3,2804,17
3,6018,56
3,7890,56
3,4506,72
3,6772,47
3,8987,49
3,5350,27
3,5546,9
3,3205,60
3,238,39
3,2409,25
3,1756,39
3,6725,93
3,7397,84
3,4187,91
3,2672,17
3,6024,0
3,7426,2
3,7729,0
3,6768,19
3,6243,44
3,7022,65
3,1680,14
3,4796,6
3,7440,36
3,4109,63
3,2961,85
3,341,69
3,8719,47
3,1807,17
3,985,74
3,5742,76
3,7173,36
3,310,26
3,5334,43
3,6221,46
3,6627,13
3,1349,93
3,1778,7
3,3595,5
3,5831,72
3,1988,11
3,4597,78
3,2595,26
3,3730,43
3,6636,82
3,52,59
3,4355,6
3,1410,66
3,3470,3
3,2849,73
3,3255,91
3,7371,22
3,1292,34
3,8354,65
3,8134,23
3,1374,59
3,3338,6
3,8383,31
3,227,66
3,949,66
3,2878,39
3,8186,99
3,8102,57
3,1452,88
3,2364,74
3,3230,37
3,6728,22
3,4764,30
3,8590,86
3,7931,31
3,6361,64
3,8160,13
3,6916,67
3,5134,78
3,1297,41
3,198,90
3,6864,89
3,4426,63
3,6770,31
3,8802,82
3,6374,8
3,8219,36
3,3097,75
3,2652,50
3,8252,57
3,3070,6
3,7959,57
3,8656,8
3,177,80
3,7638,61
3,330,74
3,109,80
3,2556,85
3,7433,36
3,3346,75
3,4645,94
3,6722,36
3,3870,78
3,1792,85
3,4224,63
3,5014,33
3,6532,36
3,1498,39
3,5866,16
3,5100,63
3,4030,45
3,7514,98
3,5175,97
3,2642,80
3,2923,21
3,5819,79
3,2620,52
3,1414,73
3,1783,20
3,911,52
3,4986,72
3,3858,6
3,1710,50
3,2366,74
3,5689,68
3,8687,89
3,1554,52
3,7984,82
3,6958,23
3,3015,60
3,8633,47
3,6830,82
3,387,14
3,6182,17
3,1398,39
3,2828,80
3,2034,38
3,3911,97
3,2874,87
3,3635,30
3,3363,78
3,4501,5
3,1875,21
3,8947,49
3,1394,14
3,7694,67
3,2553,11
3,967,11
3,2686,74
3,839,4
3,7292,8
3,6530,89
3,138,90
3,115,11
3,2379,88
3,2803,69
3,4865,97
3,5562,33
3,1626,73
3,4274,94
3,230,29
3,3271,79
3,1975,53
3,6977,62
3,3973,5
3,7832,62
3,7741,49
3,4570,72
3,575,17
3,1000,39
3,3892,12
3,7942,95
3,818,52
3,433,25
3,2117,11
3,6144,47
3,2445,17
3,4813,45
3,2218,85
3,3145,94
3,7636,64
3,6395,65
3,340,87
3,4918,97
3,4847,27
3,4398,51
3,5946,97
3,7999,31
3,1752,26
3,7215,13
3,2203,54
3,1843,74
3,8756,64
3,211,87
3,2318,41
3,3924,94
3,6662,13
3,1274,59
3,7119,31
3,2435,58
3,2223,74
3,6487,8
3,5005,68
3,165,71
3,3301,9
3,6163,95
3,6740,65
3,7938,56
3,1507,54
3,7052,13
3,6710,13
3,7522,46
3,3399,72
3,3761,42
3,5654,60
3,3280,32
3,4999,33
3,136,14
3,4581,76
3,5698,15
3,2257,52
3,3834,5
3,5276,91
3,1302,70
3,6463,44
3,4625,91
3,7996,82
3,6903,8
3,6720,89
3,8051,99
3,1735,61
3,896,83
3,1096,88
3,6826,49
3,4554,9
3,290,52
3,8546,89
3,4871,35
3,8912,89
3,3249,75
3,2424,21
3,6320,67
3,2932,74
3,4843,75
3,6117,46
3,5810,37
3,3589,72
3,4163,16
4,1596,0
4,4432,1
4,486,0
4,6503,0
4,4650,1
4,5925,1
4,6407,0
4,6296,1
4,8374,1
4,2833,0
4,1529,0
4,393,0
4,2908,0
4,2172,0
4,6849,0
4,1191,0
4,7465,1
4,1041,0
4,4409,1
4,5980,1
4,1865,0
4,505,0
4,788,0
4,4728,1
4,3646,1
4,5238,1
4,6961,1
4,4403,1
4,8311,1
4,4306,1
4,4042,1
4,2528,0
4,8033,0
4,2368,0
4,8589,1
4,7666,0
4,5837,1
4,7902,0
4,4641,1
4,4779,1
4,4508,1
4,3941,1
4,6756,0
4,2614,0
4,466,0
4,4090,1
4,81,0
4,5167,1
4,8098,0
4,3693,1
4,7071,0
4,5514,1
4,4710,1
4,4731,1
4,4193,1
4,8569,0
4,2915,0
4,6712,0
4,7802,0
4,6109,0
4,6685,0
4,1542,0
4,1313,0
4,6108,1
4,3408,1
4,343,0
4,191,0
4,108,0
4,3370,1
4,7209,1
4,5237,1
4,1489,0
4,8936,0
4,8306,0
4,7861,0
4,1689,0
4,7439,1
4,2123,0
4,4794,1
4,3571,1
4,2058,0
4,7269,1
4,5527,1
4,2353,0
4,8939,1
4,6645,1
4,2103,0
4,5694,1
4,7139,1
4,3764,1
4,5085,1
4,154,0
4,785,0
4,2047,0
4,7713,0
4,1601,0
4,1582,0
4,291,0
4,1182,0
4,8480,1
4,1534,0
4,4108,1
4,5600,1
4,2421,0
4,7097,0
4,4021,1
4,5772,1
4,4176,1
4,3787,1
4,4324,1
4,2789,0
4,6330,0
4,7544,0
4,3782,1
4,1769,0
4,6727,0
4,8938,0
4,5624,1
4,2350,0
4,3851,1
4,4459,1
4,1015,0
4,1842,0
4,7822,0
4,446,0
4,7233,0
4,1858,0
4,581,0
4,5346,1
4,6928,1
4,8483,0
4,1343,0
4,8029,1
4,1729,0
4,5212,1
4,6096,0
4,3811,1
4,3256,1
4,498,0
4,2604,0
4,287,0
4,2139,0
4,3607,1
4,953,0
4,8523,0
4,8167,0
4,6234,0
4,2913,0
4,6674,0
4,1868,0
4,816,0
4,8023,1
4,2230,0
4,6743,1
4,8081,1
4,7635,0
4,3460,1
4,2150,0
4,7265,1
4,5383,1
4,7566,0
4,7954,0
4,2574,0
4,6611,0
4,7095,0
4,8013,0
4,3283,1
4,5632,1
4,6681,1
4,2449,0
4,4766,1
4,7156,1
4,7872,0
4,5802,1
4,8667,0
4,2266,0
4,2264,0
4,383,0
4,5450,1
4,7536,0
4,6393,0
4,1027,0
4,199,0
4,3334,1
4,786,0
4,8541,0
4,7021,0
4,2095,0
4,1500,0
4,5051,1
4,7284,1
4,5931,1
4,2400,0
4,7750,0
4,5091,1
4,5953,1
4,3207,1
4,2176,0
4,6577,1
4,5964,1
4,8722,0
4,6870,0
4,8862,1
4,4264,1
4,1916,0
4,5884,1
4,6097,1
4,5080,1
4,7423,0
4,2823,0
4,2403,0
4,4079,1
4,2164,0
4,6784,1
4,56,0
4,6863,0
4,267,0
4,1520,0
4,8357,0
4,1898,0
4,7805,0
4,6357,0
4,1622,0
4,8564,0
4,6041,0
4,6751,0
4,1762,0
4,8493,0
4,982,0
4,939,0
4,1428,0
4,2393,0
4,1305,0
4,3221,1
4,728,0
4,2858,0
4,6437,0
4,1087,0
4,3355,1
4,8224,0
4,4784,1
4,657,0
4,8799,1
4,2056,0
4,3222,1
4,4161,1
4,5409,1
4,4374,1
4,7086,1
4,588,0
4,2949,0
4,6512,0
4,8402,0
4,5150,1
4,3629,1
4,7298,0
4,991,0
4,671,0
4,4271,1
4,8997,1
4,3672,1
4,3913,1
4,8697,0
4,8847,0
4,1957,0
4,6818,0
4,5541,1
4,5329,1
4,1114,0
4,4890,1
4,8409,0
4,1342,0
4,6553,0
4,4319,1
4,8375,1
4,7325,1
4,4317,1
4,3254,1
4,4143,1
4,3340,1
4,3731,1
4,4775,1
4,2971,0
4,4226,1
4,3316,1
4,2987,0
4,7603,1
4,5872,1
4,5593,1
4,1958,0
4,2402,0
4,2098,0
4,8972,1
4,3119,1
4,1020,0
4,5961,1
4,4629,1
4,5502,1
4,1537,0
4,4186,1
4,4767,1
4,6769,1
4,3130,1
4,847,0
4,2245,0
4,7556,1
4,7674,1
4,8630,0
4,1194,0
4,3716,1
4,8792,1
4,155,0
4,3522,1
4,6011,0
4,483,0
4,2911,0
4,7495,0
4,8537,0
4,123,0
4,5207,1
4,1424,0
4,386,0
4,3580,1
4,2873,0
4,4805,1
4,4771,1
4,6747,1
4,3933,1
4,7755,0
4,2361,0
4,5690,1
4,2663,0
4,7227,1
4,5940,1
4,7749,0
4,6796,0
4,477,0
4,1077,0
4,7893,1
4,1348,0
4,8547,1
4,3405,1
4,6061,0
4,3901,1
4,128,0
4,7214,0
4,436,0
4,8888,0
4,2446,0
4,113,0
4,6480,1
4,8684,1
4,6874,1
4,5474,1
4,5666,1
4,6898,1
4,4282,1
4,2766,0
4,5750,1
4,5171,1
4,4965,1
4,799,0
4,4513,1
4,3910,1
4,7681,0
4,3021,1
4,1103,0
4,5987,1
4,6242,0
4,3988,1
4,7155,0
4,3525,1
4,281,0
4,7417,0
4,579,0
4,842,0
4,3694,1
4,18,0
4,1974,0
4,1561,0
4,260,0
4,7593,1
4,8254,1
4,4920,1
4,8113,0
4,1811,0
4,908,0
4,6629,0
4,6773,0
4,3519,1
4,3181,1
4,5153,1
4,1677,0
4,5430,1
4,1014,0
4,3149,1
4,5677,1
4,4497,1
4,2186,0
4,7185,0
4,7083,0
4,1973,0
4,8935,1
4,3273,1
4,6601,0
4,2292,0
4,770,0
4,7300,0
4,7492,1
4,6785,0
4,4378,1
4,2692,0
4,1290,0
4,6834,1
4,5517,1
4,1417,0
4,7962,0
4,2916,0
4,1237,0
4,5273,1
4,4934,1
4,8703,1
4,3139,1
4,6566,1
4,3796,1
4,3390,1
4,2469,0
4,8344,1
4,4866,1
4,4416,1
4,8771,0
4,4381,1
4,174,0
4,6726,0
4,3458,1
4,4321,1
4,103,0
4,4056,1
4,7563,0
4,4371,1
4,2811,0
4,2787,0
4,1954,0
4,6162,1
4,1460,0
4,4041,1
4,4913,1
4,7309,0
4,1334,0
4,2627,0
4,8233,0
4,7444,1
4,1232,0
4,3414,1
4,5161,1
4,1485,0
4,5441,1
4,3409,1
4,3531,1
4,3310,1
4,5448,1
4,6465,1
4,3868,1
4,6569,0
4,7914,0
4,1282,0
4,5132,1
4,1829,0
4,6717,0
4,3521,1
4,8183,0
4,2121,0
4,2947,0
4,8991,0
4,4894,1
4,3107,1
4,1496,0
4,714,0
4,1118,0
4,402,0
4,1124,0
4,7567,1
4,6515,0
4,4827,1
4,5071,1
4,2550,0
4,2310,0
4,5364,1
4,8679,1
4,8270,1
4,4921,1
4,8478,0
4,1423,0
4,5041,1
4,3317,1
4,6151,1
4,6026,0
4,2501,0
4,4177,1
4,61,0
4,7288,1
4,2901,0
4,8210,0
4,4473,1
4,700,0
4,3045,1
4,5885,1
4,8423,0
4,8791,0
4,1558,0
4,5853,1
4,8875,0
4,1900,0
4,6545,1
4,5129,1
4,2867,0
4,6572,0
4,604,0
4,6260,1
4,339,0
4,5240,1
4,8913,1
4,8536,1
4,4724,1
4,8373,0
4,2233,0
4,4758,1
4,8712,0
4,5602,1
4,2994,0
4,662,0
4,8071,0
4,5719,1
4,1966,0
4,7655,1
4,6264,0
4,7324,0
4,6711,1
4,1549,0
4,3485,1
4,4008,1
4,2508,0
4,552,0
4,6458,1
4,1771,0
4,6651,0
4,3466,1
4,5962,1
4,2866,0
4,6764,0
4,6418,1
4,1427,0
4,7112,1
4,7743,1
4,7518,0
4,2764,0
4,8220,0
4,7697,0
4,2490,0
4,4034,1
4,3666,1
4,6488,1
4,6125,0
4,4231,1
4,7230,0
4,1147,0
4,6450,0
4,7865,0
4,851,0
4,2730,0
4,6746,0
4,367,0
4,8330,1
4,5776,1
4,7415,0
4,687,0
4,6676,0
4,3058,1
4,6867,0
4,4133,1
4,6215,1
4,8082,0
4,1574,0
4,6388,1
4,2740,0
4,7934,0
4,5528,1
4,2969,0
4,8032,1
4,6449,0
4,7040,0
4,357,0
4,5327,1
4,8394,0
4,1138,0
4,3477,1
4,7698,1
4,7923,0
4,6317,0
4,6255,0
4,5683,1
4,717,0
4,7882,1
4,1051,0
4,8104,1
4,737,0
4,3465,1
4,8686,0
4,5741,1
4,2375,0
4,6750,0
4,7668,0
4,2519,0
4,3815,1
4,4066,1
4,7946,0
4,3546,1
4,107,0
4,1827,0
4,5739,1
4,4995,1
4,1242,0
4,8716,1
4,2825,0
4,708,0
4,4683,1
4,3994,1
4,4017,1
4,7380,1
4,1117,0
4,3875,1
4,2374,0
4,875,0
4,2862,0
4,5607,1
4,3497,1
4,5642,1
4,2927,0
4,1600,0
4,5351,1
4,3410,1
4,1047,0
4,7240,1
4,6749,0
4,8580,0
4,3471,1
4,8851,0
4,6278,0
4,4569,1
4,4893,1
4,5895,1
4,3700,1
4,981,0
4,6246,1
4,4197,1
4,1831,0
4,4214,1
4,5840,1
4,409,0
4,362,0
4,4991,1
4,1184,0
4,4202,1
4,6811,1
4,1061,0
4,8844,1
4,8125,0
4,4314,1
4,8172,0
4,2846,0
4,1746,0
4,4704,1
4,5288,1
4,8788,0
4,8188,1
4,49,0
4,5876,1
4,133,0
4,1154,0
4,1662,0
4,4239,1
4,1276,0
4,7493,0
4,8654,1
4,6582,1
4,3227,1
4,3162,1
4,4836,1
4,8332,0
4,8751,1
4,524,0
4,6536,1
4,7164,0
4,3068,1
4,1443,0
4,1530,0
4,5363,1
4,7980,0
4,2392,0
4,3919,1
4,8696,0
4,6914,0
4,7950,0
4,8106,0
4,1719,0
4,6997,0
4,4722,1
4,1113,0
4,2515,0
4,1952,0
4,6605,0
4,5117,1
4,4945,1
4,4130,1
4,3435,1
4,3619,1
4,4361,1
4,2495,0
4,6315,0
4,8755,1
4,4385,1
4,3675,1
4,4376,1
4,5758,1
4,6175,0
4,8646,0
4,6688,1
4,3411,1
4,4311,1
4,8772,1
4,4242,1
4,4627,1
4,6968,1
4,6408,0
4,1755,0
4,976,0
4,6206,0
4,4190,1
4,3004,1
4,3676,1
4,601,0
4,3616,1
4,6373,0
4,4132,1
4,8595,1
4,1335,0
4,4646,1
4,8058,1
4,2807,0
4,1856,0
4,6033,1
4,251,0
4,3561,1
4,1143,0
4,7447,1
4,5996,1
4,7143,1
4,3720,1
4,7282,0
4,6273,1
4,954,0
4,2752,0
4,3226,1
4,7056,0
4,6871,0
4,4395,1
4,758,0
4,5179,1
4,6210,0
4,681,0
4,8928,0
4,5558,1
4,363,0
4,5173,1
4,6626,0
4,1967,0
4,797,0
4,6829,1
4,8328,0
4,4886,1
4,3697,1
4,274,0
4,5427,1
4,6312,0
4,618,0
4,3,0
4,3618,1
4,4748,1
4,7869,0
4,3827,1
4,8653,1
4,1591,0
4,7895,0
4,2038,0
4,1709,0
4,3581,1
4,450,0
4,950,0
4,6266,1
4,7014,0
4,4147,1
4,2010,0
4,2756,0
4,6607,1
4,5485,1
4,7473,0
4,7842,0
4,1502,0
4,3243,1
4,4048,1
4,8733,0
4,2051,0
4,6752,0
4,8989,0
4,4152,1
4,67,0
4,42,0
4,2210,0
4,1045,0
4,250,0
4,3942,1
4,4205,1
4,8150,0
4,3702,1
4,5735,1
4,8041,0
4,8515,0
4,5047,1
4,139,0
4,5634,1
4,4900,1
4,4795,1
4,7559,1
4,2441,0
4,6637,1
4,7184,0
4,5444,1
4,685,0
4,4217,1
4,1093,0
4,1681,0
4,5881,1
4,4129,1
4,2447,0
4,3639,1
4,1492,0
4,8367,0
4,6595,0
4,5110,1
4,5015,1
4,646,0
4,8000,0
4,6776,0
4,8439,1
4,3568,1
4,2580,0
4,3432,1
4,5124,1
4,8795,0
4,1102,0
4,6760,0
4,5277,1
4,5270,1
4,6413,0
4,4577,1
4,7812,0
4,5705,1
4,2962,0
4,1246,0
4,8417,0
4,7948,0
4,2641,0
4,2396,0
4,5480,1
4,5045,1
4,5913,1
4,8497,0
4,6494,1
4,7554,0
4,5764,1
4,5052,1
4,6265,0
4,7586,0
4,6196,0
4,879,0
4,4265,1
4,415,0
4,932,0
4,3403,1
4,2736,0
4,6014,0
4,8890,0
4,4064,1
4,1950,0
4,8678,1
4,2277,0
4,3786,1
4,7062,0
4,1299,0
4,6594,0
4,2429,0
4,556,0
4,7317,0
4,268,0
4,1726,0
4,8762,0
4,3360,1
4,50,0
4,3315,1
4,499,0
4,7751,1
4,6929,0
4,6524,0
4,7748,0
4,3822,1
4,4199,1
4,2166,0
4,2057,0
4,1445,0
4,6166,0
4,3684,1
4,8994,0
4,4824,1
4,5226,1
4,469,0
4,5192,1
4,2857,0
4,1404,0
4,8816,0
4,372,0
4,4727,1
4,8193,0
4,7991,0
4,5230,1
4,7862,1
4,8629,0
4,257,0
4,8790,0
4,7188,1
4,4332,1
4,1172,0
4,5019,1
4,3837,1
4,5792,1
4,8488,0
4,3674,1
4,791,0
4,6101,1
4,7285,0
4,7330,0
4,7228,0
4,3952,1
4,2136,0
4,2942,0
4,4653,1
4,1036,0
4,1736,0
4,1101,0
4,6344,0
4,2688,0
4,127,0
4,7969,0
4,8884,1
4,8092,0
4,8259,0
4,7178,1
4,6111,0
4,4118,1
4,603,0
4,8998,0
4,672,0
4,5473,1
4,1607,0
4,521,0
4,8470,0
4,4350,1
4,7891,0
4,7378,1
4,1627,0
4,1716,0
4,6316,0
4,5164,1
4,5272,1
4,8398,0
4,7000,0
4,6708,1
4,520,0
4,7379,1
4,6476,0
4,8115,0
4,1617,0
4,4997,1
4,8142,0
4,4692,1
4,4294,1
4,3808,1
4,756,0
4,7796,0
4,6251,0
4,1089,0
4,8977,0
4,1913,0
4,7552,1
4,4558,1
4,3737,1
4,1359,0
4,4181,1
4,6615,1
4,7975,1
4,6414,0
4,4185,1
4,99,0
4,7915,1
4,3374,1
4,7500,1
4,4719,1
4,7642,0
4,7222,1
4,5133,1
4,6233,0
4,4491,1
4,5988,1
4,1745,0
4,2068,0
4,3080,1
4,5307,1
4,1940,0
4,4457,1
4,1134,0
4,1336,0
4,5868,1
4,8710,1
4,5503,1
4,3715,1
4,5722,1
4,7924,0
4,1998,0
4,871,0
4,2905,0
4,4184,1
4,1731,0
4,3585,1
4,7507,1
4,5748,1
4,6283,0
4,1017,0
4,8020,0
4,1144,0
4,5951,1
4,3027,1
4,8039,0
4,1960,0
4,5531,1
4,69,0
4,1832,0
4,956,0
4,4326,1
4,9,0
4,3186,1
4,4013,1
4,3625,1
4,219,0
4,2120,0
4,8182,0
4,7949,0
4,5678,1
4,3201,1
4,1289,0
4,804,0
4,5149,1
4,8789,0
4,7113,0
4,6469,1
4,6806,1
4,6704,0
4,4019,1
4,4568,1
4,998,0
4,4546,1
4,8584,0
4,7922,0
4,6396,0
4,1025,0
4,4157,1
4,5957,1
4,4192,1
4,3359,1
4,6406,0
4,5104,1
4,7819,0
4,303,0
4,4616,1
4,1538,0
4,5465,1
4,8361,0
4,8007,1
4,5718,1
4,8800,0
4,8504,0
4,692,0
4,4684,1
4,2531,0
4,3751,1
4,6220,1
4,5082,1
4,8184,0
4,3288,1
4,4088,1
4,8842,1
4,7165,0
4,2209,0
4,320,0
4,1419,0
4,812,0
4,4888,1
4,4651,1
4,7358,0
4,8517,0
4,4552,1
4,6068,0
4,1059,0
4,5672,1
4,3599,1
4,7884,0
4,4145,1
4,1506,0
4,8502,1
4,6441,1
4,8668,0
4,550,0
4,8073,0
4,3157,1
4,7645,0
4,2819,0
4,2156,0
4,8616,0
4,7328,0
4,8099,0
4,6814,0
4,8157,1
4,8334,1
4,2498,0
4,6894,0
4,7622,1
4,4880,1
4,7384,0
4,8835,1
4,5798,1
4,8723,0
4,190,0
4,5856,1
4,7122,0
4,8105,0
4,7715,0
4,1885,0
4,2035,0
4,8555,1
4,4484,1
4,7720,0
4,6193,1
4,8179,1
4,8602,0
4,7677,0
4,1759,0
4,6405,0
4,7978,0
4,5235,1
4,5198,1
4,1211,0
4,398,0
4,7448,1
4,1016,0
4,7187,0
4,4928,1
4,5185,1
4,5816,1
4,1231,0
4,5008,1
4,6263,0
4,8514,0
4,4823,1
4,196,0
4,3642,1
4,4245,1
4,7769,0
4,3850,1
4,152,0
4,2026,0
4,4341,1
4,6052,0
4,6570,0
4,35,0
4,1283,0
4,1711,0
4,5620,1
4,4587,1
4,5348,1
4,5320,1
4,3350,1
4,8550,1
4,5889,1
4,546,0
4,4864,1
4,5112,1
4,2313,0
4,659,0
4,3946,1
4,5282,1
4,1672,0
4,5724,1
4,8063,1
4,3443,1
4,763,0
4,2360,0
4,4087,1
4,7130,0
4,4977,1
4,7799,0
4,1888,0
4,4095,1
4,705,0
4,6847,1
4,4372,1
4,4522,1
4,1150,0
4,4033,1
4,225,0
4,1416,0
4,607,0
4,7061,0
4,382,0
4,3797,1
4,7631,0
4,5601,1
4,7716,0
4,4278,1
4,8257,1
4,1854,0
4,2202,0
4,660,0
4,4652,1
4,903,0
4,4857,1
4,7764,0
4,602,0
4,5470,1
4,8746,0
4,7110,0
4,1723,0
4,1074,0
4,5166,1
4,2130,0
4,3889,1
4,8415,1
4,884,0
4,7933,0
4,3037,1
4,2564,0
4,3175,1
4,6170,0
4,5815,1
4,1646,0
4,1552,0
4,5623,1
4,2586,0
4,8195,1
4,6274,0
4,1936,0
4,5063,1
4,3976,1
4,3912,1
4,33,0
4,7489,0
4,7783,0
4,6801,0
4,272,0
4,8320,1
4,4483,1
4,7650,0
4,296,0
4,1382,0
4,761,0
4,4335,1
4,6771,0
4,5949,1
4,4844,1
4,8769,0
4,4656,1
4,4250,1
4,8371,0
4,7854,0
4,1432,0
4,3643,1
4,2875,0
4,6292,0
4,1750,0
4,323,0
4,6346,1
4,620,0
4,1252,0
4,3922,1
4,8544,1
4,3687,1
4,539,0
4,901,0
4,1405,0
4,8381,1
4,180,0
4,5087,1
4,7402,0
4,766,0
4,2605,0
4,8907,0
4,4525,1
4,3155,1
4,6763,1
4,1894,0
4,6238,0
4,129,0
4,7683,1
4,3500,1
4,4572,1
4,2105,0
4,4556,1
4,193,0
4,7724,1
4,4216,1
4,6360,0
4,8180,1
4,6793,0
4,234,0
4,5274,1
4,4883,1
4,8326,0
4,3978,1
4,6270,0
4,7899,0
4,70,0
4,5367,1
4,4968,1
4,8048,1
4,5121,1
4,7701,1
4,2497,0
4,3278,1
4,4344,1
4,7411,1
4,4234,1
4,4329,1
4,8981,0
4,6444,0
4,8631,0
4,2680,0
4,8349,1
4,5495,1
4,6908,0
4,7031,0
4,6839,0
4,2746,0
4,3770,1
4,8481,1
4,970,0
4,2387,0
4,1086,0
4,4115,1
4,5899,1
4,7780,1
4,6129,0
4,7278,0
4,77,0
4,8038,0
4,4334,1
4,6276,0
4,6620,0
4,8869,1
4,4821,1
4,2358,0
4,1824,0
4,6089,0
4,6146,0
4,8971,0
4,2291,0
4,709,0
4,6472,1
4,7875,0
4,2788,0
4,6795,1
4,5097,1
4,4560,1
4,8458,1
4,5880,1
4,7175,0
4,4156,1
4,4276,1
4,5574,1
4,5839,1
4,4333,1
4,574,0
4,2090,0
4,3368,1
4,4096,1
4,3395,1
4,117,0
4,3415,1
4,8123,0
4,6938,0
4,7372,1
4,5669,1
4,2506,0
4,8279,0
4,2468,0
4,606,0
4,8885,0
4,1879,0
4,6336,0
4,2086,0
4,3054,1
4,3095,1
4,3565,1
4,1214,0
4,3168,1
4,5265,1
4,7654,0
4,4414,1
4,3806,1
4,1233,0
4,8315,0
4,5431,1
4,5057,1
4,4807,1
4,4806,1
4,2333,0
4,7930,0
4,3993,1
4,8600,1
4,462,0
4,5580,1
4,6074,1
4,622,0
4,1245,0
4,2882,0
4,2089,0
4,566,0
4,5259,1
4,6679,1
4,1688,0
4,6054,0
4,2836,0
4,6285,0
4,5498,1
4,2180,0
4,3174,1
4,2030,0
4,5469,1
4,8962,1
4,4160,1
4,6308,0
4,7250,0
4,4608,1
4,4596,1
4,6035,0
4,5728,1
4,7180,1
4,6672,0
4,4564,1
4,4436,1
4,4045,1
4,5353,1
4,5147,1
4,7076,0
4,8410,1
4,6277,0
4,5316,1
4,3813,1
4,8513,1
4,5631,1
4,7766,0
4,1739,0
4,1308,0
4,7242,0
4,3937,1
4,8582,0
4,1932,0
4,1107,0
4,6913,0
4,4605,1
4,768,0
4,1209,0
4,3083,1
4,4057,1
4,633,0
4,1813,0
4,324,0
4,3957,1
4,534,0
4,4370,1
4,6461,1
4,5903,1
4,7074,0
4,4461,1
4,5086,1
4,8896,1
4,3513,1
4,8700,0
4,7019,0
4,3396,1
4,3859,1
4,6218,0
4,7088,1
4,992,0
4,6957,1
4,4347,1
4,5416,1
4,4320,1
4,5559,1
4,4167,1
4,1265,0
4,2979,0
4,5028,1
4,8657,0
4,897,0
4,4443,1
4,5222,1
4,596,0
4,8937,1
4,7589,0
4,8145,0
4,5916,1
4,6663,0
4,3509,1
4,4482,1
4,8107,0
4,7734,1
4,3754,1
4,1202,0
4,4790,1
4,2181,0
4,3369,1
4,7605,0
4,6309,1
4,5464,1
4,6259,0
4,7391,0
4,1244,0
4,8319,0
4,2939,0
4,8819,0
4,6777,1
4,1912,0
4,2196,0
4,6992,1
4,8817,0
4,5700,1
4,312,0
4,162,0
4,6526,0
4,8025,0
4,7225,0
4,4701,1
4,1137,0
4,4761,1
4,2343,0
4,4086,1
4,5203,1
4,1195,0
4,8235,1
4,2187,0
4,6098,0
4,3669,1
4,249,0
4,5579,1
4,4739,1
4,7289,1
4,2530,0
4,1927,0
4,2480,0
4,1568,0
4,4574,1
4,4404,1
4,374,0
4,2434,0
4,7594,1
4,2373,0
4,1140,0
4,3242,1
4,745,0
4,7128,0
4,4316,1
4,8895,0
4,7073,1
4,337,0
4,1559,0
4,8608,0
4,2984,0
4,6592,0
4,5604,1
4,3852,1
4,2623,0
4,46,0
4,6522,0
4,2737,0
4,3593,1
4,6412,1
4,5507,1
4,848,0
4,7813,1
4,5229,1
4,3293,1
4,2165,0
4,682,0
4,8386,1
4,8461,1
4,6322,0
4,7254,0
4,212,0
4,5841,1
4,2880,0
4,6482,0
4,2715,0
4,4285,1
4,4011,1
4,4481,1
4,938,0
4,8442,0
4,1280,0
4,4808,1
4,6321,0
4,3378,1
4,2890,0
4,484,0
4,3426,1
4,3172,1
4,3451,1
4,6868,1
4,3898,1
4,2283,0
4,441,0
4,7841,0
4,4636,1
4,5635,1
4,6560,0
4,1409,0
4,3113,1
4,5256,1
4,7258,1
4,1873,0
4,6087,0
4,1551,0
4,2845,0
4,6670,0
4,7020,0
4,5155,1
4,5494,1
4,2431,0
4,5499,1
4,1995,0
4,1839,0
4,197,0
4,597,0
4,7531,0
4,2208,0
4,4503,1
4,8674,1
4,6653,0
4,5157,1
4,5511,1
4,4039,1
4,208,0
4,5422,1
4,3608,1
4,3866,1
4,2106,0
4,8201,0
4,3356,1
4,5923,1
4,8413,0
4,1259,0
4,6557,0
4,6180,0
4,4258,1
4,7643,1
4,8620,1
4,8592,0
4,8021,0
4,3548,1
4,4926,1
4,4732,1
4,619,0
4,7553,0
4,8676,1
4,2462,0
4,3166,1
4,8660,1
4,2780,0
4,8708,0
4,258,0
4,1683,0
4,7788,1
4,2644,0
4,784,0
4,8534,0
4,4937,1
4,4380,1
4,5830,1
4,5736,1
4,6923,0
4,7082,1
4,2777,0
4,5347,1
4,3790,1
4,4162,1
4,1852,0
4,5460,1
4,3854,1
4,2502,0
4,1525,0
4,3400,1
4,5740,1
4,1911,0
4,8671,1
4,2674,0
4,7925,1
4,7274,0
4,6293,1
4,3459,1
4,288,0
4,1104,0
4,6113,0
4,4733,1
4,2439,0
4,8601,1
4,5753,1
4,5058,1
4,6328,1
4,5568,1
4,5590,1
4,8364,1
4,3329,1
4,4983,1
4,6655,0
4,5067,1
4,4283,1
4,4400,1
4,7181,0
4,264,0
4,7064,0
4,2070,0
4,6947,1
4,4345,1
4,5890,1
4,4460,1
4,5727,1
4,6883,0
4,2274,0
4,1294,0
4,2286,0
4,3013,1
4,4196,1
4,5625,1
4,4180,1
4,2113,0
4,354,0
4,456,0
4,6161,1
4,6078,1
4,8083,0
4,4091,1
4,3530,1
4,802,0
4,1532,0
4,7399,0
4,8163,0
4,929,0
4,3685,1
4,178,0
4,1668,0
4,8861,1
4,6608,0
4,7781,1
4,101,0
4,4490,1
4,5861,1
4,2179,0
4,8948,1
4,8713,0
4,3445,1
4,746,0
4,3318,1
4,3248,1
4,7787,0
4,3992,1
4,750,0
4,6386,0
4,5496,1
4,832,0
4,5144,1
4,4429,1
4,1482,0
4,6058,1
4,2170,0
4,1234,0
4,2163,0
4,3105,1
4,6884,0
4,14,0
4,2352,0
4,7436,0
4,2405,0
4,1993,0
4,4517,1
4,388,0
4,1032,0
4,2611,0
4,304,0
4,1577,0
4,5657,1
4,6455,0
4,4453,1
4,5771,1
4,7945,0
4,6225,1
4,5688,1
4,6343,0
4,2973,0
4,6071,0
4,5338,1
4,4438,1
4,3413,1
4,1304,0
4,4887,1
4,279,0
4,2513,0
4,2958,0
4,6364,0
4,1874,0
4,3079,1
4,6224,0
4,437,0
4,4751,1
4,3429,1
4,3725,1
4,3128,1
4,4018,1
4,3018,1
4,7669,1
4,1218,0
4,3394,1
4,1235,0
4,7570,0
4,8626,1
4,2889,0
4,7737,0
4,4944,1
4,295,0
4,1728,0
4,6152,1
4,6452,1
4,3289,1
4,8801,0
4,1385,0
4,2536,0
4,634,0
4,8430,1
4,6716,0
4,6634,1
4,2577,0
4,5208,1
4,7806,0
4,1048,0
4,472,0
4,8217,1
4,440,0
4,8069,0
4,8446,0
4,8297,0
4,2724,0
4,8016,1
4,485,0
4,1339,0
4,3031,1
4,8206,0
4,78,0
4,8570,0
4,1978,0
4,5271,1
4,3948,1
4,7361,0
4,6192,0
4,4,0
4,1982,0
4,5315,1
4,3373,1
4,2551,0
4,4862,1
4,2214,0
4,5089,1
4,4155,1
4,1634,0
4,1186,0
4,1956,0
4,5176,1
4,153,0
4,8618,0
4,8214,1
4,6239,0
4,6135,1
4,301,0
4,8850,0
4,5692,1
4,4978,1
4,5818,1
4,3234,1
4,4049,1
4,1548,0
4,8245,0
4,2999,0
4,1324,0
4,2657,0
4,3022,1
4,2389,0
4,2776,0
4,6705,1
4,1126,0
4,4754,1
4,1346,0
4,4097,1
4,8565,0
4,1642,0
4,7503,1
4,4170,1
4,2131,0
4,795,0
4,6428,0
4,2359,0
4,87,0
4,8736,0
4,6427,1
4,3829,1
4,2385,0
4,5857,1
4,2479,0
4,527,0
4,5891,1
4,1640,0
4,7357,0
4,5130,1
4,8122,0
4,2204,0
4,4123,1
4,5105,1
4,8084,0
4,5930,1
4,7667,1
4,308,0
4,6812,1
4,7629,1
4,7695,0
4,6619,0
4,1156,0
4,3789,1
4,7275,1
4,8377,0
4,1907,0
4,5184,1
4,3131,1
4,5589,1
4,468,0
4,6666,0
4,8603,0
4,1738,0
4,2340,0
4,1844,0
4,1595,0
4,946,0
4,941,0
4,7772,1
4,5033,1
4,8271,0
4,4238,1
4,3677,1
4,4422,1
4,7730,0
4,8964,1
4,5482,1
4,7098,0
4,6647,0
4,5715,1
4,4691,1
4,8323,1
4,1606,0
4,1483,0
4,6426,0
4,2538,0
4,862,0
4,2114,0
4,6020,0
4,7564,0
4,7583,0
4,2557,0
4,8587,1
4,7176,1
4,676,0
4,6942,0
4,6481,0
4,4628,1
4,4703,1
4,8496,0
4,969,0
4,4496,1
4,4566,1
4,4519,1
4,5567,1
4,2747,0
4,8234,0
4,1054,0
4,2503,0
4,1621,0
4,7673,1
4,3916,1
4,1853,0
4,5424,1
4,6382,1
4,4842,1
4,2493,0
4,4140,1
4,6015,1
4,3719,1
4,628,0
4,161,0
4,1013,0
4,8130,0
4,8331,0
4,7273,1
4,7231,1
4,8609,0
4,1240,0
4,989,0
4,110,0
4,6442,1
4,3793,1
4,7257,0
4,1612,0
4,4964,1
4,1825,0
4,2236,0
4,5140,1
4,1128,0
4,2914,0
4,8823,0
4,2769,0
4,8637,1
4,5536,1
4,741,0
4,4479,1
4,5113,1
4,6837,1
4,6901,1
4,2134,0
4,8307,0
4,7478,0
4,8926,0
4,8200,1
4,3860,1
4,942,0
4,7152,1
4,4120,1
4,2492,0
4,5973,1
4,3393,1
4,691,0
4,80,0
4,889,0
4,7435,0
4,8264,0
4,3380,1
4,6571,1
4,1576,0
4,5376,1
4,4601,1
4,1586,0
4,1553,0
4,8887,0
4,5231,1
4,6369,0
4,1717,0
4,3085,1
4,3578,1
4,5578,1
4,4212,1
4,6593,0
4,4024,1
4,6032,1
4,4397,1
4,4927,1
4,1293,0
4,696,0
4,98,0
4,6996,1
4,971,0
4,328,0
4,881,0
4,5746,1
4,6980,0
4,6836,0
4,555,0
4,5281,1
4,834,0
4,7486,1
4,1453,0
4,7625,1
4,7172,0
4,3678,1
4,2448,0
4,3929,1
4,8205,0
4,4107,1
4,3158,1
4,480,0
4,6631,0
4,8248,1
4,900,0
4,529,0
4,2708,0
4,2317,0
4,4292,1
4,6155,0
4,7099,1
4,1509,0
4,3225,1
4,8551,0
4,1727,0
4,7037,0
4,7491,0
4,8933,0
4,872,0
4,3067,1
4,3187,1
4,5547,1
4,7620,1
4,7319,0
4,4863,1
4,90,0
4,1366,0
4,53,0
4,5905,1
4,1779,0
4,378,0
4,1271,0
4,1702,0
4,7738,0
4,6081,0
4,6253,0
4,2870,0
4,4207,1
4,4366,1
4,244,0
4,8682,1
4,4563,1
4,4835,1
4,1458,0
4,8490,0
4,7747,0
4,7820,1
4,821,0
4,214,0
4,7561,0
4,3887,1
4,8779,1
4,8757,0
4,6862,1
4,6327,0
4,2893,0
4,5285,1
4,3857,1
4,961,0
4,5697,1
4,8249,0
4,826,0
4,6095,1
4,7779,1
4,8085,0
4,4851,1
4,6542,0
4,3153,1
4,8553,1
4,1066,0
4,2922,0
4,6370,1
4,2972,0
4,2584,0
4,2159,0
4,1151,0
4,6825,0
4,5344,1
4,4830,1
4,1164,0
4,3611,1
4,1533,0
4,6982,1
4,1527,0
4,4624,1
4,926,0
4,673,0
4,5950,1
4,271,0
4,6056,0
4,7376,0
4,5228,1
4,4058,1
4,2146,0
4,1651,0
4,5001,1
4,2307,0
4,7826,0
4,8385,1
4,6498,0
4,7253,1
4,686,0
4,615,0
4,6471,0
4,8690,0
4,8024,0
4,5481,1
4,3462,1
4,4654,1
4,6963,0
4,1362,0
4,8420,1
4,4507,1
4,4648,1
4,8185,0
4,2444,0
4,6970,0
4,5189,1
4,7905,1
4,5576,1
4,5241,1
4,321,0
4,7700,1
4,4512,1
4,5773,1
4,3567,1
4,3456,1
4,2757,0
4,4584,1
4,3712,1
4,2891,0
4,71,0
4,3447,1
4,6268,0
4,6440,0
4,3472,1
4,4819,1
4,5970,1
4,3506,1
4,3705,1
4,6039,0
4,7845,1
4,5989,1
4,1225,0
4,7026,0
4,4936,1
4,3195,1
4,1094,0
4,5455,1
4,8401,0
4,269,0
4,6779,0
4,6380,0
4,4268,1
4,7817,1
4,559,0
4,4545,1
4,2835,0
4,3487,1
4,3596,1
4,6417,0
4,8647,1
4,6012,1
4,8649,0
4,8694,1
4,3197,1
4,1761,0
4,5468,1
4,8221,0
4,5017,1
4,1393,0
4,3876,1
4,6267,1
4,4244,1
4,6072,0
4,6459,0
4,7459,0
4,1193,0
4,3871,1
4,1531,0
4,6256,1
4,1433,0
4,5780,1
4,8363,1
4,7124,0
4,6341,0
4,8277,0
4,6310,0
4,4644,1
4,2902,0
4,2532,0
4,7790,0
4,7904,1
4,4150,1
4,1876,0
4,4524,1
4,8118,0
4,352,0
4,8289,0
4,6048,0
4,8250,0
4,6537,0
4,2276,0
4,3524,1
4,2018,0
4,1364,0
4,222,0
4,4255,1
4,7008,1
4,729,0
4,6788,1
4,4502,1
4,2791,0
4,5793,1
4,7310,1
4,7490,1
4,2269,0
4,5863,1
4,8011,1
4,7943,0
4,7210,0
4,8153,1
4,6718,0
4,1160,0
4,405,0
4,7195,0
4,7512,1
4,6523,1
4,4472,1
4,3049,1
4,7644,0
4,6154,1
4,2104,0
4,5804,1
4,7007,0
4,166,0
4,7634,1
4,6069,0
4,7702,0
4,6692,0
4,3768,1
4,7312,0
4,7592,0
4,5584,1
4,3257,1
4,3488,1
4,8342,0
4,2831,0
4,6324,0
4,2741,0
4,8951,1
4,4500,1
4,3688,1
4,5967,1
4,1236,0
4,3617,1
4,8625,1
4,3023,1
4,2648,0
4,644,0
4,5026,1
4,1377,0
4,4858,1
4,495,0
4,7262,1
4,6886,0
4,2865,0
4,1670,0
4,4848,1
4,7657,0
4,7572,0
4,800,0
4,5209,1
4,1142,0
4,5693,1
4,7746,1
4,2626,0
4,8418,0
4,8049,1
4,8176,1
4,7344,0
4,3121,1
4,6063,1
4,7198,0
4,1866,0
4,5542,1
4,3682,1
4,8761,0
4,1162,0
4,1910,0
4,8002,0
4,5336,1
4,5760,1
4,3781,1
4,79,0
4,1705,0
4,6436,0
4,3252,1
4,6383,0
4,4700,1
4,6910,0
4,7206,1
4,966,0
4,5435,1
4,1720,0
4,2045,0
4,7158,0
4,1619,0
4,6799,0
4,2778,0
4,6590,0
4,6235,0
4,2386,0
4,3783,1
4,1660,0
4,419,0
4,2602,0
4,7256,0
4,7800,0
4,7104,0
4,1742,0
4,6092,1
4,8953,1
4,7307,0
4,5400,1
4,1247,0
4,5453,1
4,2228,0
4,5215,1
4,6091,0
4,3711,1
4,7263,0
4,3165,1
4,6962,0
4,8535,0
4,6616,0
4,4723,1
4,1092,0
4,7127,1
4,7990,0
4,4219,1
4,1161,0
4,1540,0
4,5809,1
4,1040,0
4,3304,1
4,1669,0
4,1840,0
4,5392,1
4,2341,0
4,2319,0
4,855,0
4,1221,0
4,1697,0
4,3446,1
4,2000,0
4,4749,1
4,8090,0
4,4537,1
4,7308,1
4,4839,1
4,7680,1
4,8280,1
4,7005,1
4,7851,0
4,6583,0
4,7535,0
4,2781,0
4,4243,1
4,7159,1
4,2720,0
4,3753,1
4,4410,1
4,395,0
4,6810,1
4,905,0
4,5641,1
4,3203,1
4,1859,0
4,3671,1
4,7596,0
4,4549,1
4,4949,1
4,1372,0
4,1686,0
4,150,0
4,867,0
4,8388,0
4,6496,0
4,5860,1
4,7427,1
4,6721,1
4,835,0
4,6102,0
4,3996,1
4,5982,1
4,3825,1
4,294,0
4,2119,0
4,8709,0
4,5497,1
4,5647,1
4,8832,0
4,8995,0
4,8681,1
4,7936,0
4,2617,0
4,6103,0
4,2637,0
4,215,0
4,8532,1
4,3019,1
4,1892,0
4,2327,0
4,4773,1
4,695,0
4,2059,0
4,8665,0
4,4892,1
4,7897,1
4,6817,0
4,7927,0
4,7018,0
4,6213,0
4,3127,1
4,1676,0
4,2533,0
4,5349,1
4,4916,1
4,4662,1
4,4386,1
4,6614,0
4,7170,0
4,5581,1
4,7970,0
4,1741,0
4,1800,0
4,6473,0
4,1658,0
4,1226,0
4,5061,1
4,654,0
4,3780,1
4,5978,1
4,3576,1
4,4073,1
4,3309,1
4,2336,0
4,3240,1
4,8261,0
4,7685,1
4,2529,0
4,4580,1
4,1687,0
4,8431,0
4,5278,1
4,5023,1
4,2079,0
4,1340,0
4,7009,1
4,8324,0
4,5022,1
4,8652,0
4,5429,1
4,5069,1
4,1076,0
4,1613,0
4,7092,0
4,7767,1
4,3005,1
4,8191,0
4,6391,0
4,3606,1
4,6775,1
4,3557,1
4,8474,0
4,5619,1
4,4080,1
4,8520,1
4,3590,1
4,5553,1
4,3739,1
4,8695,0
4,2222,0
4,8298,0
4,1661,0
4,5908,1
4,4063,1
4,7463,0
4,650,0
4,8809,0
4,3776,1
4,6578,1
4,4124,1
4,4367,1
4,2054,0
4,3670,1
4,995,0
4,7466,1
4,7909,0
4,2868,0
4,8037,1
4,4401,1
4,2151,0
4,8561,1
4,853,0
4,2207,0
4,5039,1
4,4745,1
4,3404,1
4,8108,0
4,6077,1
4,5551,1
4,1929,0
4,4067,1
4,2563,0
4,5611,1
4,5919,1
4,8973,0
4,6142,0
4,2863,0
4,697,0
4,1367,0
4,2085,0
4,4082,1
4,3989,1
4,360,0
4,5491,1
4,8243,1
4,3366,1
4,4448,1
4,3091,1
4,6843,1
4,8591,0
4,403,0
4,1589,0
4,1970,0
4,4032,1
4,6424,1
4,7336,0
4,3840,1
4,1924,0
4,7675,1
4,8097,1
4,2478,0
4,7430,0
4,6896,0
4,8204,1
4,4829,1
4,3142,1
4,4694,1
4,6990,0
4,4251,1
4,7929,0
4,4300,1
4,5998,1
4,626,0
4,4770,1
4,3907,1
4,3496,1
4,7888,1
4,7985,0
4,1353,0
4,1715,0
4,17,0
4,4111,1
4,4200,1
4,4144,1
4,1799,0
4,3612,1
4,4248,1
4,3468,1
4,2813,0
4,909,0
4,8963,0
4,6107,0
4,996,0
4,7910,0
4,4804,1
4,747,0
4,20,0
4,3029,1
4,6002,0
4,1467,0
4,3434,1
4,2063,0
4,8932,0
4,7245,0
4,7109,0
4,5102,1
4,3122,1
4,4356,1
4,3209,1
4,5059,1
4,4210,1
4,3801,1
4,4896,1
4,637,0
4,3118,1
4,7575,0
4,6632,0
4,38,0
4,5115,1
4,6379,0
4,5050,1
4,6059,1
4,523,0
4,8843,0
4,8530,1
4,5934,1
4,1674,0
4,6918,0
4,2909,0
4,7794,1
4,3518,1
4,5311,1
4,145,0
4,1429,0
4,4362,1
4,4555,1
4,7941,1
4,1565,0
4,439,0
4,8750,1
4,4735,1
4,2548,0
4,4757,1
4,915,0
4,19,0
4,735,0
4,2606,0
4,6630,1
4,7011,0
4,7785,0
4,8132,0
4,5302,1
4,2562,0
4,643,0
4,6334,1
4,4149,1
4,8491,0
4,1780,0
4,5928,1
4,6574,0
4,6134,0
4,5937,1
4,7546,0
4,5629,1
4,8961,0
4,8260,0
4,7646,1
4,1312,0
4,2935,0
4,4935,1
4,92,0
4,6551,0
4,5362,1
4,6040,0
4,5599,1
4,2278,0
4,8370,0
4,6339,1
4,331,0
4,6223,0
4,7392,0
4,1084,0
4,3276,1
4,3260,1
4,6353,1
4,7731,0
4,1055,0
4,3504,1
4,7765,0
4,1031,0
4,6065,0
4,3171,1
4,504,0
4,2900,0
4,4938,1
4,3888,1
4,7106,0
4,2108,0
4,1281,0
4,7047,0
4,4540,1
4,5912,1
4,8343,0
4,3057,1
4,7699,0
4,849,0
4,6475,0
4,8614,1
4,6184,1
4,3968,1
4,4884,1
4,8056,0
4,7880,0
4,8903,0
4,5907,1
4,8853,0
4,5763,1
4,4812,1
4,6358,1
4,5827,1
4,725,0
4,2959,0
4,7453,0
4,5405,1
4,3474,1
4,8680,0
4,3483,1
4,8141,1
4,1981,0
4,3778,1
4,7205,0
4,5280,1
4,2454,0
4,4776,1
4,5305,1
4,7956,0
4,4846,1
4,1360,0
4,1860,0
4,919,0
4,1111,0
4,2749,0
4,1328,0
4,1821,0
4,6159,0
4,1081,0
4,3245,1
4,467,0
4,8428,1
4,8267,0
4,4852,1
4,5703,1
4,3025,1
4,4520,1
4,6222,1
4,5065,1
4,3923,1
4,3150,1
4,8978,0
4,2296,0
4,1659,0
4,1091,0
4,973,0
4,7387,0
4,2566,0
4,1,0
4,8615,0
4,1461,0
4,1357,0
4,8143,1
4,3569,1
4,1593,0
4,3890,1
4,4442,1
4,4547,1
4,1490,0
4,6443,0
4,759,0
4,6677,0
4,7517,0
4,3879,1
4,5947,1
4,7863,0
4,5062,1
4,1210,0
4,7693,0
4,8212,0
4,1597,0
4,1510,0
4,4488,1
4,8464,0
4,3905,1
4,3836,1
4,493,0
4,7163,1
4,5433,1
4,4078,1
4,598,0
4,7334,0
4,5717,1
4,5638,1
4,3430,1
4,4643,1
4,2459,0
4,1070,0
4,4113,1
4,4001,1
4,3495,1
4,3220,1
4,7951,0
4,2924,0
4,1871,0
4,861,0
4,516,0
4,925,0
4,7182,0
4,7588,0
4,7196,0
4,8266,1
4,2258,0
4,7347,0
4,6500,0
4,7602,0
4,525,0
4,88,0
4,3800,1
4,1835,0
4,4142,1
4,5060,1
4,6920,0
4,7745,1
4,2055,0
4,6021,1
4,3189,1
4,5729,1
4,2888,0
4,4430,1
4,2839,0
4,5492,1
4,8924,1
4,112,0
4,2337,0
4,4369,1
4,7877,1
4,1495,0
4,4726,1
4,8237,0
4,3986,1
4,2020,0
4,7928,1
4,1192,0
4,1781,0
4,1395,0
4,1129,0
4,2712,0
4,8970,0
4,8619,1
4,8648,1
4,5449,1
4,5025,1
4,7363,1
4,224,0
4,377,0
4,2062,0
4,62,0
4,6187,0
4,205,0
4,1106,0
4,4756,1
4,2565,0
4,7353,0
4,7515,0
4,6350,0
4,3624,1
4,5610,1
4,4958,1
4,8870,0
4,5691,1
4,3055,1
4,6702,0
4,684,0
4,5845,1
4,8706,0
4,7266,0
4,3489,1
4,7394,1
4,3212,1
4,8238,0
4,247,0
4,8734,0
4,5261,1
4,1645,0
4,4188,1
4,6333,1
4,5501,1
4,5391,1
4,1141,0
4,8500,0
4,3699,1
4,4003,1
4,8065,0
4,6013,0
4,6581,0
4,5300,1
4,1501,0
4,6531,0
4,4576,1
4,4586,1
4,3661,1
4,8949,0
4,6355,1
4,2064,0
4,1806,0
4,7830,0
4,3206,1
4,1673,0
4,651,0
4,2306,0
4,8455,0
4,4194,1
4,6575,1
4,4295,1
4,2173,0
4,4297,1
4,6715,0
4,1159,0
4,5406,1
4,7276,0
4,3563,1
4,2190,0
4,7684,0
4,4466,1
4,2633,0
4,2280,0
4,8990,1
4,2457,0
4,4044,1
4,7921,0
4,2087,0
4,6348,0
4,4423,1
4,8322,0
4,7356,0
4,315,0
4,2025,0
4,5116,1
4,4716,1
4,828,0
4,573,0
4,6389,0
4,5,0
4,3178,1
4,8296,0
4,68,0
4,7804,1
4,4674,1
4,2219,0
4,4182,1
4,4661,1
4,8008,0
4,6127,0
4,1864,0
4,1351,0
4,4456,1
4,1125,0
4,5345,1
4,8701,1
4,6786,1
4,4489,1
4,8571,0
4,4602,1
4,2840,0
4,3147,1
4,6345,0
4,5790,1
4,2320,0
4,6564,1
4,4567,1
4,8425,0
4,5726,1
4,661,0
4,8759,0
4,5451,1
4,599,0
4,458,0
4,2287,0
4,8456,1
4,1934,0
4,8246,1
4,5838,1
4,4233,1
4,6121,1
4,4670,1
4,2884,0
4,960,0
4,627,0
4,8291,0
4,8313,0
4,8336,0
4,7395,1
4,8691,1
4,8253,0
4,1718,0
4,2802,0
4,7211,0
4,1171,0
4,5965,1
4,7027,0
4,1403,0
4,3261,1
4,3545,1
4,6833,0
4,647,0
4,8228,0
4,8834,0
4,5452,1
4,8089,0
4,5803,1
4,6172,0
4,7871,0
4,2601,0
4,3626,1
4,8460,0
4,2898,0
4,5862,1
4,8597,1
4,2881,0
4,978,0
4,389,0
4,7010,1
4,6514,1
4,7147,0
4,8407,1
4,8581,0
4,8009,1
4,8659,0
4,6587,0
4,7639,1
4,4298,1
4,7662,0
4,7151,1
4,2729,0
4,2246,0
4,1157,0
4,4223,1
4,2483,0
4,3389,1
4,7604,1
4,3600,1
4,4632,1
4,6232,1
4,3551,1
4,5218,1
4,3003,1
4,8576,0
4,284,0
4,6610,0
4,5665,1
4,2273,0
4,7374,0
4,1177,0
4,2725,0
4,2718,0
4,5156,1
4,7688,1
4,4940,1
4,5538,1
4,8593,1
4,4340,1
4,5204,1
4,4516,1
4,8526,0
4,2308,0
4,4713,1
4,5188,1
4,37,0
4,3281,1
4,3633,1
4,359,0
4,3120,1
4,8594,0
4,7562,1
4,6209,0
4,5710,1
4,8911,0
4,1257,0
4,3579,1
4,1319,0
4,5756,1
4,3436,1
4,765,0
4,4470,1
4,2755,0
4,7004,0
4,4105,1
4,445,0
4,8661,1
4,2710,0
4,3636,1
4,2288,0
4,5098,1
4,6397,0
4,7711,0
4,3832,1
4,2540,0
4,2242,0
4,7032,1
4,1170,0
4,1784,0
4,12,0
4,5917,1
4,7686,0
4,278,0
4,3906,1
4,4228,1
4,5385,1
4,4811,1
4,3024,1
4,4514,1
4,2576,0
4,4845,1
4,7343,0
4,8566,0
4,1298,0
4,8079,0
4,1543,0
4,854,0
4,3246,1
4,7864,0
4,7689,0
4,8918,0
4,3921,1
4,1786,0
4,4669,1
4,3664,1
4,2069,0
4,8508,0
4,614,0
4,2735,0
4,5378,1
4,5493,1
4,8754,1
4,6509,0
4,4476,1
4,5126,1
4,6888,0
4,1625,0
4,6419,1
4,86,0
4,7857,1
4,3111,1
4,931,0
4,8781,1
4,6425,0
4,3673,1
4,3691,1
4,8720,0
4,8718,0
4,2534,0
4,4247,1
4,3655,1
4,5369,1
4,3573,1
4,1939,0
4,7091,0
4,8826,1
4,45,0
4,5745,1
4,1296,0
4,5341,1
4,8372,1
4,5322,1
4,5617,1
4,1358,0
4,2631,0
4,2722,0
4,442,0
4,3418,1
4,2612,0
4,5582,1
4,7963,0
4,8560,0
4,4313,1
4,491,0
4,6649,1
4,1679,0
4,7212,0
4,5083,1
4,8427,0
4,8917,0
4,4531,1
4,4840,1
4,381,0
4,4780,1
4,892,0
4,5586,1
4,6099,0
4,5032,1
4,6404,0
4,3928,1
4,5695,1
4,8216,0
4,2112,0
4,567,0
4,4462,1
4,2832,0
4,1862,0
4,1665,0
4,1163,0
4,7252,1
4,7460,0
4,2820,0
4,6742,0
4,2093,0
4,5942,1
4,3388,1
4,4711,1
4,3799,1
4,2960,0
4,4495,1
4,111,0
4,8258,0
4,2895,0
4,2342,0
4,2205,0
4,8621,0
4,5187,1
4,4639,1
4,8797,0
4,5458,1
4,3343,1
4,141,0
4,1877,0
4,5471,1
4,2885,0
4,4687,1
4,3812,1
4,1441,0
4,379,0
4,3792,1
4,1418,0
4,5177,1
4,3526,1
4,2790,0
4,97,0
4,2541,0
4,4583,1
4,305,0
4,8448,0
4,5751,1
4,8465,0
4,2992,0
4,5181,1
4,3492,1
4,1517,0
4,4797,1
4,7403,0
4,8120,0
4,3605,1
4,5883,1
4,8230,1
4,3939,1
4,4139,1
4,4164,1
4,625,0
4,7524,1
4,7647,0
4,3951,1
4,2615,0
4,1402,0
4,8119,0
4,261,0
4,7955,1
4,5393,1
4,5974,1
4,827,0
4,6044,0
4,4434,1
4,8765,1
4,5721,1
4,1109,0
4,3279,1
4,833,0
4,7354,0
4,1986,0
4,4375,1
4,6965,0
4,2603,0
4,2638,0
4,2549,0
4,7732,0
4,7449,0
4,7162,0
4,4486,1
4,8612,0
4,6922,1
4,121,0
4,4881,1
4,2167,0
4,4281,1
4,41,0
4,8744,0
4,5244,1
4,611,0
4,2268,0
4,1112,0
4,1462,0
4,4198,1
4,2369,0
4,5879,1
4,6744,0
4,5999,1
4,164,0
4,580,0
4,890,0
4,7117,0
4,3723,1
4,5247,1
4,1906,0
4,1466,0
4,6981,1
4,5070,1
4,2869,0
4,1149,0
4,8796,0
4,858,0
4,6791,0
4,7079,0
4,122,0
4,5847,1
4,6181,0
4,3662,1
4,2785,0
4,3244,1
4,413,0
4,5380,1
4,7894,0
4,7998,1
4,3517,1
4,6118,0
4,2248,0
4,6547,0
4,5900,1
4,6226,0
4,5251,1
4,3351,1
4,7532,1
4,4993,1
4,4972,1
4,8368,1
4,5626,1
4,5461,1
4,118,0
4,8739,0
4,2632,0
4,3274,1
4,8043,0
4,7551,0
4,3059,1
4,2067,0
4,2175,0
4,6912,1
4,2527,0
4,1691,0
4,7957,1
4,3140,1
4,7576,0
4,5732,1
4,5169,1
4,91,0
4,4591,1
4,6550,0
4,4825,1
4,8511,1
4,8310,0
4,8548,1
4,423,0
4,3250,1
4,5977,1
4,7530,1
4,6617,1
4,3016,1
4,933,0
4,4618,1
4,8040,0
4,3903,1
4,7401,0
4,4204,1
4,4801,1
4,1987,0
4,5948,1
4,1098,0
4,8351,1
4,5608,1
4,2036,0
4,5319,1
4,874,0
4,5111,1
4,7558,0
4,3093,1
4,5794,1
4,5901,1
4,7611,1
4,1535,0
4,3078,1
4,1255,0
4,3570,1
4,1569,0
4,4810,1
4,6294,1
4,8943,1
4,3040,1
4,8974,0
4,1933,0
4,2450,0
4,8662,1
4,5421,1
4,5571,1
4,6555,1
4,6644,0
4,7093,0
4,2945,0
4,589,0
4,5205,1
4,4673,1
4,2596,0
4,1615,0
4,6083,1
4,6937,0
4,8753,1
4,5447,1
4,8821,0
4,3367,1
4,4660,1
4,25,0
4,6191,1
4,6925,1
4,7837,1
4,4565,1
4,5437,1
4,7615,1
4,7190,0
4,5787,1
4,8611,0
4,8117,0
4,4833,1
4,8838,0
4,5125,1
4,841,0
4,5201,1
4,3167,1
4,6939,1
4,1248,0
4,1914,0
4,7521,0
4,3308,1
4,5073,1
4,1217,0
4,3214,1
4,7847,0
4,5160,1
4,4392,1
4,4016,1
4,3352,1
4,5137,1
4,5010,1
4,1941,0
4,2650,0
4,2267,0
4,3784,1
4,2599,0
4,2137,0
4,7768,1
4,4689,1
4,2027,0
4,3552,1
4,4102,1
4,8190,0
4,7456,0
4,584,0
4,7621,1
4,4924,1
4,5384,1
4,4635,1
4,6624,0
4,3527,1
4,5990,1
4,4633,1
4,3927,1
4,4550,1
4,6860,1
4,4331,1
4,2977,0
4,3945,1
4,5535,1
4,8820,0
4,2522,0
4,936,0
4,3376,1
4,4590,1
4,5645,1
4,6554,0
4,5786,1
4,2330,0
4,1887,0
4,1227,0
4,3894,1
4,8855,0
4,6249,1
4,4521,1
4,8290,1
4,8451,0
4,3295,1
4,3218,1
4,6104,0
4,2145,0
4,837,0
4,2201,0
4,5944,1
4,2354,0
4,6975,1
4,6371,0
4,2346,0
4,186,0
4,8954,1
4,2420,0
4,3975,1
4,3931,1
4,7208,0
4,713,0
4,26,0
4,994,0
4,2561,0
4,1448,0
4,7259,0
4,8794,0
4,3215,1
4,7120,1
4,7509,1
4,3469,1
4,6602,1
4,3668,1
4,6682,1
4,8967,1
4,3649,1
4,4286,1
4,1743,0
4,757,0
4,5152,1
4,7457,1
4,2762,0
4,8941,0
4,2414,0
4,2193,0
4,2946,0
4,8247,0
4,5440,1
4,6070,0
4,1798,0
4,8793,0
4,335,0
4,6899,0
4,754,0
4,1592,0
4,2407,0
4,2681,0
4,2555,0
4,5767,1
4,612,0
4,5706,1
4,5630,1
4,8476,1
4,8136,0
4,1884,0
4,2372,0
4,5882,1
4,8760,0
4,2702,0
4,2177,0
4,5337,1
4,5163,1
4,7393,0
4,8202,0
4,2917,0
4,5318,1
4,7260,1
4,5676,1
4,2608,0
4,7383,0
4,6439,1
4,6269,1
4,3224,1
4,1789,0
4,5640,1
4,7633,0
4,8036,0
4,7169,1
4,655,0
4,6652,0
4,5549,1
4,3398,1
4,2293,0
4,5914,1
4,2809,0
4,3943,1
4,3219,1
4,8672,0
4,1624,0
4,3421,1
4,6525,0
4,1812,0
4,8366,0
4,5844,1
4,5955,1
4,7881,0
4,6541,0
4,329,0
4,4592,1
4,8070,1
4,5463,1
4,2217,0
4,6467,1
4,8663,0
4,8074,0
4,5655,1
4,1322,0
4,649,0
4,1251,0
4,8358,0
4,4469,1
4,2335,0
4,4671,1
4,1980,0
4,8639,0
4,2240,0
4,1158,0
4,2660,0
4,4619,1
4,8763,0
4,6804,0
4,7327,0
4,2332,0
4,8437,0
4,8272,0
4,899,0
4,3123,1
4,4290,1
4,5733,1
4,8877,1
4,6131,0
4,5712,1
4,6318,0
4,8575,0
4,85,0
4,4059,1
4,1734,0
4,1088,0
4,2804,0
4,6018,1
4,7890,1
4,4506,1
4,6772,0
4,8987,0
4,5350,1
4,5546,1
4,3205,1
4,238,0
4,2409,0
4,1756,0
4,6725,0
4,7397,0
4,4187,1
4,2672,0
4,6024,0
4,7426,1
4,7729,0
4,6768,1
4,6243,0
4,7022,0
4,1680,0
4,4796,1
4,7440,1
4,4109,1
4,2961,0
4,341,0
4,8719,0
4,1807,0
4,985,0
4,5742,1
4,7173,0
4,310,0
4,5334,1
4,6221,0
4,6627,0
4,1349,0
4,1778,0
4,3595,1
4,5831,1
4,1988,0
4,4597,1
4,2595,0
4,3730,1
4,6636,1
4,52,0
4,4355,1
4,1410,0
4,3470,1
4,2849,0
4,3255,1
4,7371,0
4,1292,0
4,8354,1
4,8134,0
4,1374,0
4,3338,1
4,8383,1
4,227,0
4,949,0
4,2878,0
4,8186,1
4,8102,1
4,1452,0
4,2364,0
4,3230,1
4,6728,0
4,4764,1
4,8590,0
4,7931,1
4,6361,0
4,8160,0
4,6916,0
4,5134,1
4,1297,0
4,198,0
4,6864,0
4,4426,1
4,6770,1
4,8802,0
4,6374,1
4,8219,0
4,3097,1
4,2652,0
4,8252,0
4,3070,1
4,7959,0
4,8656,1
4,177,0
4,7638,0
4,330,0
4,109,0
4,2556,0
4,7433,0
4,3346,1
4,4645,1
4,6722,0
4,3870,1
4,1792,0
4,4224,1
4,5014,1
4,6532,0
4,1498,0
4,5866,1
4,5100,1
4,4030,1
4,7514,0
4,5175,1
4,2642,0
4,2923,0
4,5819,1
4,2620,0
4,1414,0
4,1783,0
4,911,0
4,4986,1
4,3858,1
4,1710,0
4,2366,0
4,5689,1
4,8687,0
4,1554,0
4,7984,1
4,6958,0
4,3015,1
4,8633,0
4,6830,1
4,387,0
4,6182,0
4,1398,0
4,2828,0
4,2034,0
4,3911,1
4,2874,0
4,3635,1
4,3363,1
4,4501,1
4,1875,0
4,8947,0
4,1394,0
4,7694,0
4,2553,0
4,967,0
4,2686,0
4,839,0
4,7292,1
4,6530,1
4,138,0
4,115,0
4,2379,0
4,2803,0
4,4865,1
4,5562,1
4,1626,0
4,4274,1
4,230,0
4,3271,1
4,1975,0
4,6977,0
4,3973,1
4,7832,1
4,7741,0
4,4570,1
4,575,0
4,1000,0
4,3892,1
4,7942,0
4,818,0
4,433,0
4,2117,0
4,6144,1
4,2445,0
4,4813,1
4,2218,0
4,3145,1
4,7636,0
4,6395,1
4,340,0
4,4918,1
4,4847,1
4,4398,1
4,5946,1
4,7999,0
4,1752,0
4,7215,0
4,2203,0
4,1843,0
4,8756,0
4,211,0
4,2318,0
4,3924,1
4,6662,0
4,1274,0
4,7119,1
4,2435,0
4,2223,0
4,6487,1
4,5005,1
4,165,0
4,3301,1
4,6163,0
4,6740,0
4,7938,0
4,1507,0
4,7052,0
4,6710,0
4,7522,0
4,3399,1
4,3761,1
4,5654,1
4,3280,1
4,4999,1
4,136,0
4,4581,1
4,5698,1
4,2257,0
4,3834,1
4,5276,1
4,1302,0
4,6463,0
4,4625,1
4,7996,1
4,6903,1
4,6720,0
4,8051,1
4,1735,0
4,896,0
4,1096,0
4,6826,0
4,4554,1
4,290,0
4,8546,0
4,4871,1
4,8912,0
4,3249,1
4,2424,0
4,6320,1
4,2932,0
4,4843,1
4,6117,1
4,5810,1
4,3589,1
4,4163,1
