CarID,symboling,CarName,fueltype,aspiration,doornumber,carbody,drivewheel,enginelocation,wheelbase,carlength,carwidth,carheight,curbweight,enginetype,cylindernumber,enginesize,fuelsystem,boreratio,stroke,compressionratio,horsepower,peakrpm,citympg,highwaympg,price
400,0.0,Zenith Core Prime-400,gas,std,four,wagon,fwd,front,99.95965373227203,183.67874643218508,66.47471074383296,55.95196316952181,3289.0,ohcv,six,179.0,mpfi,3.417886535912365,3.26641888740695,8.982751600911362,153.0,5193,17.0,22.0,14579.0
224,0.0,Voltara Runner Z-224,gas,turbo,four,wagon,4wd,front,96.82598597125757,173.1405074130348,65.43147155523316,54.84954516379528,2659.0,ohcf,four,107.0,mpfi,3.6247770276874496,2.6325180824397516,7.743210189259764,116.0,4804,23.0,23.0,13007.0
405,1.0,Voltara Strider Sonic-405,gas,std,two,hatchback,fwd,front,99.08860192767376,177.40992911211535,66.60313594120731,53.92943521460159,2394.0,ohc,four,120.0,2bbl,3.391787403157827,3.3970987973694835,8.899533549944405,84.0,4759,26.0,32.0,9933.0
103,0.0,Titan Nova Z-103,gas,std,four,wagon,fwd,front,100.4,184.6,66.5,56.1,3296.0,ohcv,six,181.0,mpfi,3.43,3.27,9.0,152.0,5200,17.0,22.0,14399.0
109,0.0,Ion Flow Hyper-109,diesel,turbo,four,sedan,rwd,front,107.9,186.7,68.4,56.7,3197.0,l,four,152.0,idi,3.7,3.52,21.0,95.0,4150,28.0,33.0,13200.0
214,0.0,Cyber Drift Prime-214,gas,std,four,wagon,fwd,front,100.56553239947173,186.3947250600856,66.6912980168416,56.04741847785631,3280.0,ohcv,six,185.0,mpfi,3.4315673492429295,3.286352571965853,8.956934276204413,152.0,5244,17.0,22.0,32204.0
455,2.0,Cyber Core Z-455,gas,std,two,hatchback,fwd,front,93.99926163425893,156.29571951228502,63.23413540322237,53.54680692594563,2059.0,ohcf,four,99.0,2bbl,3.642875713548791,2.3416914511076534,9.114709277762973,70.0,4946,31.0,36.0,6220.0
295,0.0,Cyber Core Grid-295,gas,std,four,sedan,rwd,front,112.24756716615401,198.74726504704586,69.56606884210147,52.511315443075404,4072.0,dohc,six,258.0,mpfi,3.62109464023632,4.156408033016684,8.452542253301234,177.0,4748,15.0,19.0,33810.0
247,3.0,Auralis Core Neo-247,gas,std,two,convertible,fwd,front,94.64025977597751,159.67286734668338,64.11757310831449,55.55225025048379,2226.0,ohc,four,110.0,mpfi,3.1971684787844987,3.3979289526640746,8.543903600457494,88.0,5510,24.0,29.0,10031.0
467,0.0,Titan Spectra Prime-467,gas,std,four,wagon,fwd,front,96.9718438844147,172.8752698472173,65.37344611055771,53.03735486112689,2257.0,ohcf,four,108.0,2bbl,3.6176249303857144,2.628502834241205,8.997940487008597,85.0,4795,27.0,32.0,8116.0
375,0.0,Titan Arc Alpha-375,gas,std,four,sedan,rwd,front,105.01593776245251,173.90065903091352,66.09814342666394,54.354074866782035,2647.0,ohc,four,139.0,mpfi,3.748605859874072,3.154218541074097,7.926852817076212,119.0,5018,20.0,28.0,15503.0
126,3.0,Voltara Pulse Alpha-126,gas,std,two,hatchback,rwd,front,94.5,168.9,68.3,50.2,2778.0,ohc,four,151.0,mpfi,3.94,3.11,9.5,143.0,5500,19.0,27.0,22018.0
404,3.0,Ion Flow X-404,gas,turbo,two,hatchback,fwd,front,99.31556883497733,186.7525087381285,66.55705516514847,56.218890998861184,2759.0,dohc,four,119.0,mpfi,3.500551872504639,3.0575654281498257,8.644211555998325,159.0,5498,19.0,26.0,16957.0
509,1.0,Cyber Drift Prime-509,gas,std,four,sedan,fwd,front,92.63378651127886,167.80103586634544,64.25609197889732,53.964611046546494,1940.0,ohc,four,90.0,2bbl,3.0389522869311745,3.1530835215121997,9.38022805974803,70.0,4965,30.0,38.0,7040.0
367,-1.0,Stellar Arc Hyper-367,gas,std,four,wagon,fwd,front,103.26921333649828,174.6204990184492,64.57817106007406,59.582016004876365,2559.0,ohc,four,121.0,2bbl,3.338210449803283,3.4602758231153765,8.790005567086105,87.0,4974,24.0,29.0,10861.0
572,2.0,Zenith Nova Neo-572,gas,std,four,sedan,fwd,front,99.90190636130195,176.11868791450422,66.3141197874415,54.415331351346815,2354.0,ohc,four,,mpfi,3.1953082562938273,3.4016388487832967,10.165708347123822,102.0,5494,24.0,30.0,13384.0
225,1.0,Nebula Spectra Hyper-225,gas,std,two,,fwd,front,92.70606112721441,160.79533646846602,64.30538800520466,54.255901738858476,1878.0,ohc,four,92.0,2bbl,3.04864950693408,3.1277160074211436,9.128917349956572,70.0,4989,31.0,38.0,6734.0
27,1.0,Chrome Core v2-27,gas,std,four,sedan,fwd,front,93.7,157.3,63.8,50.6,1989.0,ohc,four,90.0,2bbl,2.97,3.23,9.4,68.0,5500,31.0,38.0,7609.0
574,0.0,Auralis Nova Grid-574,gas,std,four,sedan,fwd,front,99.98843722086083,180.13591459761955,66.80363343885614,54.91702551602969,2677.0,ohc,five,138.0,mpfi,3.198063228772111,3.382295955114111,8.316523016067816,107.0,5447,18.0,24.0,13470.0
495,3.0,Cyber Flow Neo-495,gas,std,two,convertible,rwd,front,88.18748646325658,168.90178436743017,64.11193527216685,48.602622012026316,2566.0,dohc,four,128.0,mpfi,3.4682320045758144,2.652819208805459,8.495819795130341,114.0,4990,22.0,27.0,15689.0
314,1.0,Voltara Runner Grid-314,gas,turbo,four,sedan,fwd,front,105.45391299843585,191.56411388351384,71.25034082887309,55.97493919721806,3076.0,ohc,five,135.0,mpfi,3.120432865362706,3.3672147670358212,8.054693677994694,139.0,5513,17.0,20.0,21603.0
4,2.0,Cyber Drift Z-4,gas,std,four,sedan,fwd,front,99.8,176.6,66.2,54.3,2337.0,ohc,four,109.0,mpfi,3.19,3.4,10.0,102.0,5500,24.0,30.0,13950.0
135,3.0,Cyber Arc Sonic-135,gas,std,two,hatchback,fwd,front,99.1,186.6,66.5,56.1,2707.0,ohc,four,121.0,mpfi,2.54,2.07,9.3,110.0,5250,21.0,28.0,15040.0
490,0.0,Ion Nova Z-490,gas,std,four,sedan,fwd,front,97.32316443516181,171.91160084527792,65.32555413268692,52.54038846247116,2353.0,ohcf,four,105.0,mpfi,3.611087903885712,2.643893707697368,8.994807281564915,90.0,5221,26.0,32.0,9595.0
187,2.0,Zenith Pulse X-187,gas,std,four,sedan,fwd,front,97.3,171.7,65.5,55.7,2275.0,ohc,four,109.0,mpfi,3.19,3.4,9.0,85.0,5250,27.0,34.0,8495.0
437,1.0,Chrome Flow Sonic-437,gas,std,two,hatchback,rwd,front,98.83345071227046,176.03295074739947,72.1928680918001,50.5112317682829,3364.0,dohcv,eight,199.0,mpfi,3.9377381487815564,3.117922813106611,10.199393446267345,294.0,5723,17.0,28.0,33930.0
296,1.0,Quantum Strider Prime-296,gas,std,four,sedan,rwd,front,103.63486482445418,189.41836164225134,66.94367615343509,55.90679004843818,3037.0,ohc,six,167.0,mpfi,3.3101511055888375,3.1885558203230424,8.960805094911978,117.0,4249,20.0,25.0,20694.0
591,2.0,Zenith Spectra Z-591,diesel,turbo,four,sedan,fwd,front,97.37502558737447,171.2806663610472,65.50219869289572,55.666390140689685,2325.0,ohc,four,94.0,idi,2.9871629245232905,3.3897367871669535,23.116279975394086,67.0,4497,37.0,42.0,9273.0
558,-1.0,Titan Drift Z-558,gas,std,four,wagon,rwd,front,104.50283045854148,187.20110022169823,66.65333181651783,54.22984704386564,3153.0,dohc,six,157.0,mpfi,3.2608100731470637,3.3405509332402676,9.003345294757503,158.0,5222,19.0,24.0,16099.0
637,0.0,Auralis Pulse Sonic-637,gas,std,four,sedan,fwd,front,96.83877060410975,171.83154179898284,65.23235217254856,52.45911844367902,2351.0,ohcf,,107.0,mpfi,3.628960623444299,2.6575429806306503,8.843707727054172,94.0,5206,25.0,31.0,9400.0
226,3.0,Auralis Pulse Grid-226,gas,std,two,convertible,rwd,front,89.05545418882545,167.89259919128256,64.19605351375924,48.801353301718834,2576.0,dohc,four,130.0,mpfi,3.465253841965107,2.671385316579539,8.967549668182716,109.0,4984,21.0,27.0,15282.0
579,0.0,Stellar Spectra Hyper-579,gas,std,four,sedan,fwd,front,94.56648685949449,156.77294977495438,63.599920697795596,51.978961943503684,1933.0,ohc,four,88.0,2bbl,3.0040463907342203,3.141758410468312,9.944956355813945,69.0,5395,38.0,43.0,7712.0
429,0.0,Titan Spectra Grid-429,diesel,turbo,four,sedan,rwd,front,108.38758637762653,186.6837699697441,68.56272832499195,56.692522694147414,3214.0,l,four,151.0,idi,3.695767899954042,3.525896657827606,21.14937716752291,92.0,4136,28.0,33.0,15887.0
554,0.0,Quantum Core v2-554,gas,std,four,hatchback,fwd,front,96.07500221120367,165.23054852062202,64.28729579773861,52.844004654478525,2098.0,ohc,four,101.0,2bbl,3.1902450432979044,3.037593822207499,8.882598074903731,70.0,4811,31.0,37.0,7486.0
469,-2.0,Voltara Arc Alpha-469,gas,std,four,sedan,rwd,front,104.25634964054684,188.22480234383116,67.19029169861103,56.19827839265458,2883.0,ohc,four,140.0,mpfi,3.774650429449143,3.1563373724480543,9.384620386442114,112.0,5427,23.0,28.0,13350.0
675,0.0,Ion Strider Neo-675,gas,std,four,sedan,rwd,front,107.84561801468772,186.97106054736605,68.52906561867984,56.672028911638755,3070.0,l,four,120.0,mpfi,3.4753311546482974,3.18868393527384,8.69461774090713,93.0,4978,19.0,24.0,15161.0
442,0.0,Quantum Runner Omega-442,diesel,std,four,hatchback,fwd,front,95.32638161864392,166.48919151805828,64.38770388719465,52.91197258143809,2275.0,ohc,four,113.0,idi,3.2582147590084407,3.3529049910365365,22.23139788006089,54.0,4529,38.0,47.0,7589.0
457,1.0,Auralis Phantom v2-457,gas,std,four,sedan,fwd,front,94.60766870704323,165.0293239403772,63.585847132465126,54.49955297668013,1980.0,ohc,four,96.0,2bbl,3.1615032249251342,3.289223479038646,9.557697000128499,68.0,5170,31.0,37.0,7192.0
654,0.0,Ion Flow Neo-654,gas,turbo,four,wagon,4wd,front,96.8752365363909,172.023672823598,65.46733675921288,54.851702909279815,2641.0,ohcf,four,106.0,mpfi,3.615963600139571,2.630967352713563,7.269691475629424,112.0,4818,23.0,23.0,12260.0
533,2.0,Quantum Arc v2-533,gas,std,two,hardtop,rwd,front,98.27711415451877,177.21276148053917,65.4519385044704,52.03929337678545,2532.0,ohc,four,148.0,mpfi,3.613291401710335,3.488642382002309,9.290127873390329,118.0,4806,24.0,30.0,9609.0
113,0.0,Voltara Drift X-113,diesel,turbo,four,sedan,rwd,front,107.9,186.7,68.4,56.7,3252.0,l,four,152.0,idi,,3.52,21.0,95.0,4150,28.0,33.0,16900.0
493,1.0,Titan Nova Neo-493,gas,std,two,hatchback,fwd,front,98.37927123562834,177.10189796321137,66.40499303651167,53.74782827026812,2329.0,ohc,four,122.0,2bbl,3.3736965332377564,3.3784768594009424,8.870393512989885,82.0,4780,25.0,32.0,8793.0
21,0.0,Zenith Flow Alpha-21,gas,std,four,sedan,fwd,front,94.5,158.8,63.6,52.0,1909.0,ohc,four,90.0,2bbl,3.03,3.11,9.6,70.0,5400,38.0,43.0,6575.0
66,0.0,Stellar Flow Sonic-66,gas,std,four,sedan,rwd,front,104.9,175.0,66.1,54.4,2670.0,ohc,four,140.0,mpfi,3.76,3.16,8.0,120.0,5000,19.0,27.0,18280.0
299,0.0,Nebula Core Omega-299,gas,std,four,sedan,fwd,front,96.87833674726441,174.64166726744529,65.13158221241895,54.03464472117949,2289.0,ohc,four,111.0,1bbl,3.140977083643501,3.580376538256934,8.741215822724058,86.0,5831,27.0,33.0,8725.0
127,3.0,Nebula Nova Neo-127,gas,std,two,hardtop,rwd,rear,89.5,168.9,65.0,51.6,2756.0,ohcf,six,194.0,mpfi,3.74,2.9,9.5,207.0,5900,17.0,25.0,32528.0
260,-1.0,Ion Nova Prime-260,gas,std,four,sedan,fwd,front,95.78473711341029,173.03595169054546,65.42373751070991,51.89569559604271,2399.0,ohc,four,108.0,spdi,3.194743389029541,3.4626793460725063,7.680309393122908,114.0,5520,23.0,30.0,9482.0
527,0.0,Nebula Phantom Hyper-527,gas,std,four,wagon,rwd,front,114.66328447864626,199.5229852909195,68.41774464294417,58.61957729178392,3207.0,l,four,121.0,mpfi,3.4702685536505204,3.1918109676958024,8.336951171173428,96.0,5004,20.0,24.0,14213.0
353,1.0,Zenith Runner Sonic-353,gas,std,four,sedan,rwd,front,103.2560471856317,189.0536777418274,66.8220771329285,55.52661707039311,3032.0,ohc,six,164.0,mpfi,3.308999873884442,3.186551360404416,8.909140546327547,122.0,4258,20.0,25.0,21411.0
592,0.0,Titan Spectra Sonic-592,gas,std,four,sedan,rwd,front,107.99946497486225,185.6442118846059,68.40545669963626,56.454579129911394,3084.0,l,four,119.0,mpfi,3.453861711015328,3.178563569533873,8.133523165043876,95.0,5005,19.0,24.0,15134.0
138,2.0,Titan Drift X-138,gas,turbo,four,sedan,fwd,front,99.1,186.6,66.5,56.1,2847.0,dohc,four,121.0,mpfi,3.54,3.07,9.0,160.0,5500,19.0,26.0,18620.0
585,1.0,Chrome Arc Prime-585,gas,turbo,two,hatchback,fwd,front,94.20066366283505,156.38879146023353,63.64005967030385,50.73486599482238,2115.0,ohc,four,99.0,mpfi,3.005577313837042,3.3974627596259284,7.488829250053194,97.0,5493,,30.0,7647.0
8,1.0,Nebula Arc Omega-8,gas,std,four,wagon,fwd,front,105.8,192.7,71.4,55.7,2954.0,ohc,five,136.0,mpfi,3.19,3.4,8.5,110.0,5500,19.0,25.0,18920.0
649,1.0,Voltara Drift X-649,gas,std,four,hatchback,fwd,front,95.39510299038837,159.007967218586,63.62492633416975,54.549547400609534,1971.0,ohc,four,91.0,2bbl,3.059359730879429,3.0338120011495793,8.834411387339605,60.0,4813,31.0,38.0,6347.0
310,1.0,Chrome Spectra Hyper-310,gas,std,two,sedan,fwd,front,94.64943293100522,155.3276807132633,63.541827001891896,52.03065597953021,1877.0,ohc,four,92.0,2bbl,3.0459050564333547,3.133782164171357,9.724783742882623,71.0,5416,38.0,43.0,8438.0
485,1.0,Zenith Pulse Sonic-485,gas,std,two,hatchback,fwd,front,95.40565109015041,159.09203171188273,63.70913265199115,54.52850718259865,1986.0,ohc,four,88.0,2bbl,3.045930186964134,3.024261378474489,9.15406861376628,61.0,4825,35.0,39.0,5581.0
186,2.0,Quantum Spectra Z-186,gas,std,four,sedan,fwd,front,97.3,171.7,65.5,55.7,2212.0,ohc,four,109.0,mpfi,3.19,3.4,9.0,85.0,5250,27.0,34.0,8195.0
410,3.0,Nebula Strider Grid-410,gas,std,two,hatchback,rwd,front,95.23201466348975,168.53263204198163,65.68436184704504,49.72474357840493,2502.0,rotor,two,80.0,mpfi,3.3135328334053535,3.2213134798179692,9.33043781775149,134.0,5958,16.0,23.0,15190.0
154,0.0,Nebula Core Alpha-154,gas,std,four,wagon,fwd,front,95.7,169.7,63.6,59.1,2280.0,ohc,four,92.0,2bbl,3.05,3.03,9.0,62.0,4800,31.0,37.0,6918.0
55,1.0,Auralis Phantom Sonic-55,gas,std,four,sedan,fwd,front,93.1,166.8,64.2,54.1,1950.0,ohc,four,91.0,2bbl,3.08,3.15,9.0,68.0,5000,31.0,38.0,7395.0
31,2.0,Chrome Spectra Omega-31,gas,std,two,hatchback,fwd,front,86.6,144.6,63.9,50.8,1713.0,ohc,four,92.0,1bbl,2.91,3.41,9.6,58.0,4800,49.0,54.0,6479.0
573,1.0,Nebula Pulse Hyper-573,gas,std,two,hatchback,fwd,front,93.34448471567053,149.77817588666076,64.09575332979061,52.54217335639259,1992.0,ohc,four,94.0,1bbl,2.921591227804218,3.4079787059490165,9.476362232484474,74.0,5982,30.0,34.0,6943.0
631,3.0,Ion Core X-631,gas,std,two,hatchback,rwd,front,95.57861269385164,169.2823168367435,65.62770249698798,49.53547571057038,2344.0,rotor,two,71.0,4bbl,3.3171516589466425,3.2462691260767476,9.38347808258315,100.0,5999,17.0,23.0,11528.0
101,0.0,Nebula Strider Alpha-101,gas,std,four,sedan,fwd,front,97.2,173.4,65.2,54.7,2302.0,ohc,four,120.0,2bbl,3.33,3.47,8.5,97.0,5200,27.0,34.0,9549.0
396,1.0,Nebula Flow Neo-396,gas,std,four,hatchback,fwd,front,93.98422256258779,157.64646064341238,63.852221083133664,50.52932797866125,1982.0,ohc,four,87.0,2bbl,2.9872859164329304,3.242760127660703,9.66732326736034,69.0,5515,30.0,38.0,6842.0
703,3.0,Quantum Runner v2-703,gas,std,two,convertible,rwd,rear,89.35526151448263,169.2746744835489,64.95179934459074,51.64633396290095,2789.0,ohcf,six,196.0,mpfi,3.7429158220648175,2.936441167848553,9.674622203791447,204.0,5881,17.0,25.0,35547.0
670,2.0,Titan Core Neo-670,gas,std,four,sedan,4wd,front,99.57745687666133,176.38022967895748,66.4654405566872,54.4171795205255,2778.0,ohc,five,143.0,mpfi,3.201166569063261,3.3462903205676526,8.234662624772795,116.0,5459,18.0,22.0,17010.0
238,-1.0,Quantum Runner Neo-238,gas,std,four,sedan,fwd,front,96.2939089260497,173.0363760613722,65.60424266226133,51.60807129757199,2417.0,ohc,four,108.0,spdi,3.179874736906985,3.4828804346887847,7.550579853044242,116.0,5524,23.0,30.0,9452.0
57,3.0,Ion Arc Omega-57,gas,std,two,hatchback,rwd,front,95.3,169.0,65.7,49.6,2380.0,rotor,two,70.0,4bbl,3.33,3.255,9.4,101.0,6000,17.0,23.0,11845.0
61,0.0,Quantum Runner v2-61,gas,std,four,sedan,fwd,front,98.8,177.8,66.5,55.5,2410.0,ohc,four,122.0,2bbl,3.39,3.39,8.6,84.0,4800,26.0,32.0,8495.0
559,1.0,Ion Strider Alpha-559,gas,std,four,wagon,fwd,front,105.3797697499911,192.88699877475057,71.23353415324462,55.539784289024986,2960.0,ohc,five,137.0,mpfi,3.2002162545203245,3.4147977852853466,8.297774602670698,109.0,5508,20.0,25.0,18955.0
263,1.0,Zenith Core X-263,gas,turbo,four,sedan,fwd,front,106.32563820806588,192.49099674749365,71.26780604319559,55.76778218173594,3086.0,ohc,five,130.0,mpfi,3.1166341256675003,3.4120131776475913,8.455857760679711,138.0,5512,18.0,21.0,21383.0
658,0.0,Ion Nova Prime-658,gas,std,four,sedan,rwd,front,112.9677323584139,199.41589491578324,69.49419551559225,53.019904014696536,4076.0,dohc,six,260.0,mpfi,3.6433328646051457,4.175557675246823,8.147298696948026,176.0,4711,15.0,18.0,35034.0
265,1.0,Ion Drift X-265,gas,std,two,hatchback,fwd,front,93.4418678950461,160.67828080937227,64.08671817894434,53.88415452519413,1908.0,ohc,four,91.0,2bbl,3.0494588917849987,3.1543356553315127,9.122652263878532,70.0,5011,31.0,38.0,7057.0
659,3.0,Ion Strider Hyper-659,gas,std,two,hatchback,rwd,front,102.89524451392336,182.39473355601604,67.66514742968903,52.14612929833402,2975.0,dohc,six,171.0,mpfi,3.2796255881776797,3.3596970988421977,8.861466112039881,162.0,5182,19.0,24.0,16531.0
408,2.0,Ion Arc v2-408,gas,std,two,hatchback,rwd,front,98.76351260190737,174.76555603363994,65.73982383208568,52.14175501672772,2729.0,ohc,four,144.0,mpfi,3.6298617004088247,3.50646969980755,9.008588176471674,118.0,4794,24.0,29.0,12426.0
209,1.0,Quantum Pulse Hyper-209,gas,std,four,sedan,rwd,front,103.6255657511294,188.87817897175313,66.81305217375163,55.365657698557676,3046.0,ohc,six,160.0,mpfi,3.3166253086460595,3.1887744774103877,8.940966996218581,,4268,20.0,25.0,20805.0
532,2.0,Quantum Strider Omega-532,gas,std,four,sedan,fwd,front,97.36208951630854,172.29785805988342,65.61789688237711,55.628147629557155,2340.0,ohc,four,110.0,mpfi,3.1878618648731107,3.405118441346621,10.37246251298891,103.0,5522,26.0,32.0,10192.0
645,2.0,Chrome Strider v2-645,gas,std,two,hatchback,fwd,front,86.37638802239424,144.30323016542422,63.954060504049174,50.80006763819066,1826.0,ohc,four,92.0,1bbl,2.9120659576915093,3.4224980440621446,9.285287798399871,74.0,6021,32.0,39.0,6672.0
168,2.0,Stellar Flow Neo-168,gas,std,two,hardtop,rwd,front,98.4,176.2,65.6,52.0,2540.0,ohc,four,146.0,mpfi,3.62,3.5,9.3,116.0,4800,24.0,30.0,8449.0
39,0.0,Stellar Strider Sonic-39,gas,std,two,hatchback,fwd,front,96.5,167.5,65.2,53.3,2289.0,ohc,four,110.0,1bbl,3.15,3.58,9.0,86.0,5800,27.0,33.0,9095.0
610,1.0,Zenith Core X-610,gas,std,two,hatchback,fwd,front,96.07587537258637,158.86723748193597,63.57001252407984,54.383139917719895,1999.0,ohc,four,94.0,2bbl,3.0474158939546037,3.0349289721521626,8.69729037348529,62.0,4772,35.0,39.0,5959.0
578,0.0,Zenith Drift Hyper-578,gas,std,four,hatchback,fwd,front,95.77297783626909,165.46683235719752,64.37345787493702,52.75099339353904,2097.0,ohc,four,96.0,2bbl,3.1997285693285282,3.032044314642248,8.86353017840677,70.0,4818,30.0,38.0,7233.0
301,0.0,Zenith Drift Omega-301,diesel,turbo,four,wagon,rwd,front,114.4285291338762,198.41743510582913,68.52407840984787,58.75627165048297,3434.0,l,four,149.0,idi,3.70731861936011,3.5250299216318997,21.109009720666073,92.0,4198,25.0,25.0,14899.0
450,1.0,Chrome Runner Omega-450,gas,turbo,two,hatchback,fwd,front,93.75442518536971,156.9056630082365,63.70207590159209,50.70487626317412,2145.0,ohc,four,96.0,mpfi,3.0296026302666452,3.385708596865833,7.586816422717146,104.0,5482,24.0,30.0,8021.0
440,0.0,Titan Spectra Grid-440,diesel,std,four,hatchback,fwd,front,95.91699914636877,166.02058461645896,64.47035074652767,52.7683270737975,2353.0,ohc,four,110.0,idi,3.2504523539266827,3.3475578512906545,22.579417943561452,56.0,4524,38.0,47.0,8345.0
698,1.0,Auralis Runner Grid-698,gas,std,two,hatchback,fwd,front,98.43298684341754,178.62515417269182,66.27057240716134,53.77052968136973,2359.0,ohc,four,122.0,2bbl,3.394298236492354,3.3822222498441334,8.665630483412013,85.0,4832,26.0,32.0,9690.0
164,1.0,Auralis Spectra Prime-164,gas,std,two,sedan,rwd,front,94.5,168.7,64.0,52.6,2169.0,ohc,four,98.0,2bbl,3.19,3.03,9.0,70.0,4800,29.0,34.0,8058.0
125,3.0,Auralis Pulse Grid-125,gas,turbo,two,hatchback,rwd,front,95.9,173.2,66.3,50.2,2818.0,ohc,four,156.0,spdi,3.59,3.86,7.0,145.0,5000,19.0,24.0,12764.0
155,0.0,Voltara Runner Grid-155,gas,std,four,wagon,4wd,front,95.7,169.7,63.6,59.1,2290.0,ohc,four,92.0,2bbl,3.05,3.03,9.0,62.0,4800,27.0,32.0,7898.0
337,,Stellar Flow Grid-337,gas,std,two,hatchback,fwd,front,98.20695409452993,177.2120635395479,66.659104920855,53.73060499655984,2422.0,ohc,four,122.0,2bbl,3.387130563361229,3.3919816257856445,8.51109049928484,83.0,4798,26.0,32.0,10171.0
60,1.0,Chrome Spectra Grid-60,gas,std,two,hatchback,fwd,front,98.8,177.8,66.5,53.7,2385.0,ohc,four,122.0,2bbl,3.39,3.39,,84.0,4800,26.0,32.0,8845.0
507,0.0,Ion Nova Prime-507,gas,std,four,wagon,fwd,front,96.9719608668553,173.03776712360786,65.39311442006166,52.9935349263303,2444.0,ohcf,four,104.0,mpfi,3.603207144713746,2.6503134898567198,9.16327488374787,94.0,5201,25.0,31.0,10114.0
305,2.0,Auralis Drift Grid-305,diesel,turbo,four,sedan,fwd,front,96.8851250880776,171.45229031691423,65.37970338636364,55.6736957181828,2308.0,ohc,four,98.0,idi,3.0027693004879588,3.4089019187382075,22.53635300234342,68.0,4493,37.0,42.0,9246.0
663,1.0,Auralis Flow v2-663,gas,std,four,sedan,fwd,front,92.95773034470858,166.3992998921994,64.3371819261471,54.11652466245054,1922.0,ohc,four,91.0,2bbl,3.036637983650958,3.150878290139145,9.098514157017258,69.0,5040,31.0,38.0,7000.0
588,-1.0,Titan Pulse X-588,gas,std,four,sedan,rwd,front,104.37035688996093,187.24438878280472,66.48557877144037,54.08151345353639,3130.0,dohc,six,167.0,mpfi,3.273404104680702,3.345510526955663,8.857200121641394,155.0,5247,20.0,24.0,15767.0
344,0.0,Stellar Nova Neo-344,gas,std,four,sedan,fwd,front,96.83224622806026,172.99868805411523,65.34607963673496,54.82172384513682,2294.0,ohc,four,,2bbl,3.31307979036985,3.4669409244647267,8.452606576537471,98.0,5241,27.0,34.0,9209.0
387,3.0,Auralis Strider Grid-387,gas,std,two,convertible,fwd,front,94.26952922121873,159.75521832581026,64.13937147560597,55.60777252802062,2283.0,ohc,four,107.0,,3.1792808787542146,3.4021584646545127,8.475135588445584,92.0,5475,23.0,29.0,10888.0
312,-1.0,Titan Core X-312,gas,std,four,sedan,fwd,front,96.46127128516727,173.0676377921518,65.44603043924943,51.643818777289496,2422.0,ohc,four,109.0,spdi,3.1838506543920273,3.4792604290050364,7.397665525909252,116.0,5538,23.0,30.0,9645.0
421,1.0,Chrome Drift Z-421,gas,std,two,hatchback,rwd,front,98.62035825262767,176.12505026686733,72.44315700881809,50.80744580815322,3355.0,dohcv,eight,204.0,mpfi,3.945831395440731,3.10676091817769,9.858572286532349,290.0,5744,17.0,27.0,33952.0
159,0.0,Stellar Pulse v2-159,diesel,std,four,sedan,fwd,front,95.7,166.3,64.4,53.0,2275.0,ohc,four,110.0,idi,3.27,3.35,22.5,56.0,4500,34.0,36.0,7898.0
52,1.0,Zenith Pulse Grid-52,gas,std,two,hatchback,fwd,front,93.1,159.1,64.2,54.1,1900.0,ohc,four,91.0,2bbl,3.03,3.15,9.0,68.0,5000,31.0,38.0,6095.0
510,1.0,Cyber Pulse X-510,gas,turbo,two,hatchback,fwd,front,93.09797012695053,157.63201368464817,63.73636636190202,50.69275656524536,2131.0,ohc,four,99.0,spdi,3.0287052213047287,3.3901365010800033,7.8799148765947695,105.0,5522,24.0,30.0,7933.0
696,1.0,Chrome Pulse Alpha-696,gas,std,two,sedan,fwd,front,93.93769216650547,166.17510489563517,63.88658666070888,54.623279539348744,1882.0,ohc,four,96.0,2bbl,3.160028984832961,3.2913435535631126,9.106125967934616,74.0,5214,30.0,37.0,6938.0
459,-1.0,Cyber Arc Hyper-459,gas,std,four,wagon,fwd,front,103.40508940207218,174.21664049833112,64.68853244647792,59.68336194847322,2551.0,ohc,four,120.0,2bbl,3.3286801872760483,3.461259391978137,8.410991032514838,91.0,4994,24.0,30.0,10181.0
362,1.0,Nebula Runner Sonic-362,gas,std,two,hatchback,fwd,front,94.48881780736407,165.70147176350596,63.86327796006963,53.39617363235248,2062.0,ohc,,98.0,2bbl,3.1511770537329014,3.2714482792222404,9.122819074642223,69.0,5233,31.0,37.0,7990.0
407,1.0,Chrome Pulse Alpha-407,gas,std,two,hatchback,fwd,front,93.20980959625028,159.6962456463973,64.15465075550891,54.147883129314444,1849.0,ohc,four,91.0,2bbl,3.0360802665691926,3.164046116911252,8.958175829722055,68.0,4996,30.0,30.0,5736.0
433,1.0,Chrome Pulse Grid-433,gas,std,four,sedan,fwd,front,96.44058644790557,172.38498232250166,65.48391418189374,51.69358669986578,2427.0,ohc,four,125.0,2bbl,3.3687502962150173,3.4562506519468554,8.636038080944127,85.0,4958,25.0,33.0,8861.0
220,0.0,Stellar Flow Z-220,gas,std,four,hatchback,fwd,front,97.32710215589907,172.53906956895025,64.98322974203236,54.6231652518877,2304.0,ohc,four,119.0,2bbl,3.330358240016387,3.46560869115387,8.320105223565436,94.0,5228,27.0,34.0,9244.0
309,1.0,Cyber Flow v2-309,gas,std,four,sedan,rwd,front,103.21463866744423,189.36218653959202,66.97372692503453,55.74095370320861,3042.0,ohc,six,162.0,mpfi,3.3262165293311705,3.2044365813840643,9.108524305078053,122.0,4244,20.0,25.0,21329.0
75,1.0,Ion Strider Z-75,gas,std,two,hardtop,rwd,front,112.0,199.2,72.0,55.4,3715.0,ohcv,eight,304.0,mpfi,3.8,3.35,8.0,184.0,4500,14.0,16.0,45400.0
283,1.0,Nebula Spectra X-283,gas,std,four,sedan,fwd,front,93.14255626531647,166.56285287648694,64.29813355191192,54.14694809320177,1943.0,ohc,four,90.0,2bbl,3.031757951481089,3.159040650372007,8.926053139426118,67.0,5002,30.0,38.0,6542.0
458,-1.0,Chrome Spectra Grid-458,gas,std,four,sedan,rwd,front,109.04347405551616,,68.9724425462456,55.6403180595007,2949.0,ohc,four,142.0,mpfi,3.7807231874763194,3.1679714098366385,9.260383527560046,115.0,5396,23.0,27.0,18131.0
5,2.0,Stellar Drift X-5,gas,std,four,sedan,4wd,front,99.4,176.6,66.4,54.3,2824.0,ohc,five,136.0,mpfi,3.19,3.4,8.0,115.0,5500,18.0,22.0,17450.0
568,,Titan Drift Grid-568,gas,std,four,sedan,rwd,front,103.82124132979888,189.36244186806883,67.33390175877308,56.447807800531,2947.0,ohc,four,145.0,mpfi,3.7953430707553464,3.144419289234289,8.95089919609758,115.0,5393,24.0,28.0,16254.0
547,1.0,Titan Nova X-547,gas,std,two,hatchback,fwd,front,93.896118775228,149.787767814158,63.91069261115529,52.65486970556648,1835.0,ohc,four,79.0,1bbl,2.9211227881201554,3.0554437251067537,10.23469351126488,60.0,5482,38.0,42.0,5824.0
683,0.0,Quantum Arc Grid-683,gas,std,two,sedan,rwd,front,101.80482254882654,176.0128594576386,64.68492198268065,54.30953199601597,2685.0,ohc,six,164.0,mpfi,3.3101481757587194,3.1910042136579757,8.653967750335807,120.0,4223,21.0,28.0,19407.0
512,1.0,Ion Runner v2-512,gas,std,two,hatchback,fwd,front,96.25427334916162,158.37920616995072,63.757517041910255,54.56531876381068,2056.0,ohc,four,92.0,2bbl,3.053340880193783,3.024057847885272,9.004039736269137,59.0,4799,30.0,38.0,6497.0
6,2.0,Quantum Nova X-6,gas,std,two,sedan,fwd,front,99.8,177.3,66.3,53.1,2507.0,ohc,five,136.0,mpfi,3.19,3.4,8.5,110.0,5500,19.0,25.0,15250.0
142,0.0,Chrome Arc Neo-142,gas,std,four,sedan,fwd,front,97.2,172.0,65.4,52.5,2145.0,ohcf,four,108.0,2bbl,3.62,2.64,9.5,82.0,4800,32.0,37.0,7126.0
519,0.0,Auralis Phantom Prime-519,gas,std,four,sedan,fwd,front,100.54895920272048,183.18745968564605,66.34908213035892,55.38627901689351,3045.0,ohcv,six,180.0,mpfi,3.409490059309512,3.2609288956029783,9.093742879869978,145.0,5213,19.0,25.0,14010.0
136,2.0,Quantum Nova X-136,gas,std,four,sedan,fwd,front,99.1,186.6,66.5,56.1,2758.0,ohc,four,121.0,mpfi,3.54,3.07,9.3,110.0,5250,21.0,28.0,15510.0
632,0.0,Auralis Spectra v2-632,gas,std,four,sedan,fwd,front,96.43507858033327,163.79158508923004,63.84279884582657,54.601888626865374,1980.0,ohc,four,95.0,1bbl,2.9051856068288378,3.428029004382264,9.36196693476494,76.0,5992,30.0,34.0,7303.0
379,2.0,Zenith Runner Grid-379,diesel,std,four,sedan,fwd,front,97.29650995826537,171.3777855462264,65.7516100352728,55.775852994592775,2301.0,ohc,four,97.0,idi,3.006118232943925,3.3863202497500007,22.812210029609655,52.0,4806,37.0,46.0,9073.0
642,1.0,Ion Phantom Grid-642,gas,std,two,sedan,fwd,front,94.24252616244172,165.20324579276092,63.81777746892933,54.51313207107357,1894.0,ohc,four,,2bbl,3.1714251420253596,3.279206868311634,9.672337878504068,69.0,5178,31.0,37.0,6778.0
23,1.0,Cyber Pulse Z-23,gas,std,two,hatchback,fwd,front,93.7,157.3,63.8,50.8,1876.0,ohc,four,90.0,2bbl,2.97,3.23,9.4,68.0,5500,31.0,38.0,6377.0
639,-1.0,Nebula Arc v2-639,diesel,turbo,four,sedan,rwd,front,109.16718554341897,189.43754875985124,68.88601531687834,55.61939555500535,3240.0,ohc,six,142.0,idi,3.0232913877282646,3.3929091172785575,22.997178195356152,106.0,4780,26.0,27.0,21557.0
277,1.0,Voltara Nova Alpha-277,gas,std,two,sedan,rwd,front,94.13680783671327,168.14872022974757,63.978052246869076,52.63963760726961,2158.0,ohc,four,97.0,2bbl,3.163364827766302,3.0108928003577957,8.530733936535901,73.0,4779,30.0,34.0,8028.0
285,2.0,Titan Core Neo-285,gas,std,four,sedan,fwd,front,99.91358887882005,177.74445119791062,66.16649354650475,54.24562688801786,2359.0,ohc,four,109.0,mpfi,3.204500199983658,3.3859375803823206,10.02820589610228,101.0,5505,24.0,29.0,13620.0
271,-2.0,Zenith Flow v2-271,gas,turbo,four,sedan,rwd,front,103.81101575819928,188.30537166809665,67.06404231898726,56.2062082295367,3062.0,ohc,four,130.0,mpfi,3.614900914141446,3.13730876072936,7.553465795973553,163.0,5094,17.0,22.0,18854.0
676,1.0,Zenith Spectra Z-676,gas,std,four,wagon,fwd,front,94.65776308474925,170.15687966736087,63.80587719347346,53.43837795643442,1993.0,ohc,four,99.0,2bbl,3.133332044121665,3.2859630319522415,9.564150114330994,68.0,5221,31.0,36.0,7171.0
282,2.0,Titan Flow Omega-282,gas,std,four,sedan,fwd,front,98.83587132860323,186.58288445841904,66.49502558623661,56.0108591997523,2716.0,ohc,four,118.0,mpfi,3.543505114172682,3.0744370286216713,9.112914006378535,107.0,5225,21.0,28.0,13699.0
221,0.0,Nebula Flow v2-221,gas,std,four,sedan,fwd,front,100.89762754112587,184.8531652559461,66.47190553882001,55.22455852998849,3088.0,ohcv,six,181.0,mpfi,3.4403362176678765,3.248250622408039,9.051724855256422,,5183,19.0,25.0,14444.0
674,0.0,Cyber Core Neo-674,diesel,turbo,four,sedan,rwd,front,107.89155032619952,187.29225166688607,68.54586273290015,56.90170020882536,3175.0,l,four,155.0,idi,3.7083467286216956,3.5234917799216943,21.017505964669038,96.0,4127,28.0,33.0,14183.0
321,2.0,Stellar Flow Sonic-321,gas,std,four,sedan,fwd,front,99.11589698713146,187.05494623630602,66.61696195487372,56.32009068196753,2762.0,ohc,four,122.0,mpfi,3.5458957181460526,3.0848574671938467,9.780305631356692,110.0,5236,21.0,28.0,14890.0
494,0.0,Nebula Runner v2-494,diesel,turbo,four,sedan,rwd,front,108.11624745062461,186.49848018905305,68.53308535821387,56.573831049738175,3227.0,l,four,154.0,idi,3.7132438219603316,3.531500139050629,21.01441619399717,92.0,4146,28.0,33.0,16188.0
121,1.0,Titan Core v2-121,gas,std,four,hatchback,fwd,front,93.7,157.3,63.8,50.6,1967.0,ohc,four,90.0,2bbl,2.97,3.23,9.4,68.0,5500,31.0,38.0,6229.0
82,3.0,Auralis Phantom v2-82,gas,std,two,hatchback,fwd,front,96.3,173.0,65.4,49.4,2328.0,ohc,four,122.0,2bbl,3.35,3.46,8.5,88.0,5000,25.0,32.0,8499.0
693,1.0,Voltara Drift Z-693,gas,std,two,sedan,fwd,front,94.43538550018643,165.54147464637373,63.54914140357394,54.302444259196456,1871.0,ohc,four,97.0,2bbl,3.1527264054525297,3.3246928146049997,9.56355214173416,69.0,5148,31.0,37.0,6792.0
14,0.0,Zenith Runner Prime-14,gas,std,four,sedan,rwd,front,101.2,176.8,64.8,54.3,2765.0,ohc,six,164.0,mpfi,3.31,3.19,,121.0,4250,21.0,28.0,21105.0
427,3.0,Zenith Runner Z-427,gas,turbo,two,hatchback,fwd,front,96.41112695954239,173.62625278438253,65.39884497402778,49.37601812841959,2420.0,ohc,four,110.0,spdi,3.1432625725887156,3.4738664853598276,7.264825237877959,120.0,5503,23.0,30.0,9434.0
705,1.0,Titan Core Z-705,gas,std,four,sedan,fwd,front,94.4725327123687,167.6839139188983,63.78148395312301,50.68143006246071,1994.0,ohc,four,91.0,2bbl,2.9230830249096846,3.2124202789513667,9.348969180423683,69.0,5497,31.0,38.0,7488.0
687,0.0,Auralis Strider Z-687,gas,std,four,hatchback,fwd,front,96.06306443341552,165.6829915822197,64.35166352068862,52.72241909349267,2071.0,ohc,four,99.0,2bbl,3.184420636097514,3.0373701658062284,8.930162764946656,70.0,4852,30.0,38.0,7234.0
161,0.0,Chrome Strider Z-161,gas,std,four,sedan,fwd,front,95.7,166.3,64.4,53.0,2094.0,ohc,four,98.0,2bbl,3.19,3.03,9.0,70.0,4800,38.0,47.0,7738.0
690,1.0,Zenith Arc Alpha-690,gas,turbo,two,hatchback,fwd,front,94.1215918855298,158.37513181654793,63.80621959118236,50.59359915101116,2102.0,ohc,four,100.0,spdi,3.0109945318430835,3.3985401278147447,7.36374451046188,104.0,5468,25.0,30.0,7793.0
239,0.0,Titan Runner Z-239,gas,std,four,sedan,rwd,front,112.9590415869795,199.23888963167337,69.58008477302786,52.89092347194877,4066.0,dohc,six,261.0,mpfi,3.6190490915080553,4.195737005583211,8.012997961255774,177.0,4775,15.0,19.0,36487.0
380,2.0,Auralis Phantom Neo-380,gas,std,four,sedan,fwd,front,99.47412347713106,187.29137605510738,66.39850705903923,56.105495394202855,2738.0,ohc,four,119.0,mpfi,3.5496996129533533,3.055713941917634,8.9415340965389,111.0,5191,21.0,28.0,13577.0
453,1.0,Voltara Pulse Neo-453,gas,std,four,wagon,fwd,front,94.51705671107752,,63.80059774862003,53.43820153371625,2017.0,ohc,four,98.0,2bbl,3.150754581299087,3.2808296466665885,9.248821916779788,71.0,5249,31.0,37.0,7895.0
496,3.0,Titan Pulse Grid-496,gas,std,two,convertible,rwd,rear,89.8374213830143,169.85756577814536,65.06753258065423,51.36907302586488,2800.0,ohcf,six,196.0,mpfi,3.7396259815136044,2.9088182852387257,8.98129018995837,207.0,5883,17.0,25.0,35618.0
503,2.0,Chrome Drift Omega-503,gas,std,two,hardtop,fwd,front,94.24052477687968,162.62070848242206,63.60925075313424,53.55627316502921,2013.0,ohc,four,97.0,2bbl,3.156824909029523,3.298453559110218,9.510026637551679,67.0,5211,31.0,37.0,7527.0
643,1.0,Chrome Pulse Omega-643,gas,std,four,wagon,fwd,front,94.5310736582231,170.72710590453204,63.71644425767851,53.28363071720436,2035.0,ohc,four,99.0,2bbl,3.1307106214909193,3.2710669371561854,9.7136867679237,69.0,5251,31.0,37.0,7939.0
196,-1.0,Titan Spectra Prime-196,gas,std,four,wagon,rwd,,104.3,188.8,67.2,57.5,3034.0,ohc,four,141.0,mpfi,3.78,3.15,9.5,114.0,5400,,28.0,13415.0
192,0.0,Ion Drift Neo-192,gas,std,four,sedan,fwd,front,100.4,180.2,66.9,55.1,2661.0,ohc,five,136.0,mpfi,3.19,3.4,8.5,110.0,5500,19.0,24.0,13295.0
117,0.0,Quantum Pulse Prime-117,diesel,turbo,four,sedan,rwd,front,107.9,186.7,68.4,56.7,3252.0,l,four,152.0,idi,3.7,3.52,21.0,95.0,4150,28.0,33.0,17950.0
540,,Titan Pulse Prime-540,gas,std,four,wagon,fwd,front,97.43610741198832,173.1433316627265,65.38666938884438,52.95427036270422,2450.0,ohcf,four,112.0,mpfi,3.636046017503913,2.644944728483187,8.967901629291717,94.0,5210,25.0,31.0,10043.0
580,0.0,Auralis Phantom Z-580,diesel,turbo,four,sedan,rwd,front,108.34908035299769,187.25247267451323,68.45336833906866,56.797761080513965,3243.0,l,four,153.0,idi,3.6993497846069854,3.5105853322267015,20.794431690304172,94.0,4151,28.0,33.0,16658.0
165,1.0,Zenith Phantom Omega-165,gas,std,two,hatchback,rwd,front,94.5,168.7,64.0,52.6,2204.0,ohc,four,98.0,2bbl,3.19,3.03,9.0,70.0,4800,29.0,34.0,8238.0
107,1.0,Quantum Strider Sonic-107,gas,std,two,hatchback,rwd,front,99.2,178.5,67.9,49.7,3139.0,ohcv,six,181.0,mpfi,3.43,3.27,9.0,160.0,5200,19.0,25.0,18399.0
17,0.0,Quantum Strider Alpha-17,gas,std,two,sedan,rwd,front,103.5,193.8,67.9,53.7,3380.0,ohc,six,209.0,mpfi,3.62,3.39,8.0,182.0,5400,16.0,22.0,41315.0
64,0.0,Quantum Pulse Prime-64,diesel,std,four,sedan,fwd,front,98.8,177.8,66.5,55.5,2443.0,ohc,four,122.0,idi,3.39,3.39,22.7,64.0,4650,36.0,42.0,10795.0
385,3.0,Quantum Flow Hyper-385,gas,turbo,two,hatchback,fwd,front,96.18419772962982,173.26411478629933,66.30907708255712,50.050471203003376,2944.0,ohc,four,152.0,spdi,3.603661672894152,3.874368901774543,7.049464337146032,144.0,4996,19.0,24.0,14967.0
655,3.0,Quantum Spectra X-655,gas,std,two,hatchback,rwd,front,94.7812899088871,169.16184936459183,65.76901941498723,49.478783356914064,2366.0,rotor,two,74.0,4bbl,3.3567523397399435,3.2443070413088373,9.177681054289224,104.0,5996,17.0,23.0,11805.0
106,3.0,Ion Flow X-106,gas,turbo,two,hatchback,rwd,front,91.3,170.7,67.9,49.7,3139.0,ohcv,six,181.0,mpfi,3.43,3.27,7.8,200.0,5200,17.0,23.0,19699.0
500,0.0,Titan Spectra v2-500,gas,std,four,wagon,fwd,front,95.60315525253948,158.52463742846354,64.02463681147675,58.163233759188714,2002.0,ohc,four,91.0,1bbl,2.917811120906088,3.4262392036491773,9.397118051835852,75.0,6015,30.0,34.0,7487.0
666,1.0,Auralis Drift Omega-666,gas,std,four,wagon,fwd,front,106.00132262945843,191.78355532500998,71.44345600742847,55.64924394920174,2935.0,ohc,five,135.0,mpfi,3.1918692170378944,3.3899638450527965,8.475824008198723,111.0,5471,19.0,26.0,18701.0
330,-1.0,Nebula Drift Neo-330,gas,std,four,sedan,rwd,front,108.87038982076487,189.24751757528983,68.89267922217448,55.789550390893304,2904.0,ohc,four,139.0,mpfi,3.7941778775862045,3.1122558679334236,9.209490512740247,116.0,5394,23.0,28.0,17779.0
346,0.0,Auralis Runner Prime-346,gas,std,four,wagon,fwd,front,95.79454177262305,181.65501225679915,66.4242698791453,55.226268338701615,2566.0,ohc,four,133.0,mpfi,3.4807671112353953,3.8999972333391817,8.66743520642049,88.0,5090,23.0,31.0,10465.0
657,1.0,Stellar Runner Z-657,gas,std,four,sedan,fwd,front,96.22644441516233,172.4607154408738,65.46017263515242,51.42697142451479,2359.0,ohc,four,125.0,2bbl,3.347663682611721,3.4532781571533255,8.516610012170739,85.0,5028,25.0,33.0,7465.0
406,1.0,Stellar Drift Grid-406,gas,std,two,hatchback,rwd,front,94.30051732199051,168.20400455210256,64.00654194892475,52.682749286530104,2152.0,ohc,four,99.0,2bbl,3.1806293620049177,3.031366427701699,9.049385231906925,67.0,4769,28.0,34.0,7830.0
528,3.0,Nebula Runner Hyper-528,gas,std,two,hatchback,fwd,front,96.44691176879121,173.17128691892844,65.4515987662162,49.162595646826645,2280.0,ohc,four,124.0,2bbl,3.354199884190371,3.460577567470094,8.31167693580074,92.0,4943,25.0,32.0,8703.0
94,1.0,Titan Arc Hyper-94,gas,std,four,wagon,fwd,front,94.5,170.2,63.8,53.5,2024.0,ohc,four,97.0,2bbl,3.15,3.29,9.4,69.0,5200,31.0,37.0,7349.0
524,1.0,Cyber Phantom Omega-524,gas,std,four,sedan,fwd,front,93.98273036846685,165.70736883689767,63.699566936084395,54.64468482426668,1899.0,ohc,four,98.0,2bbl,3.148628806776744,3.255505671261113,9.361647864075689,68.0,5213,31.0,37.0,6710.0
434,3.0,Nebula Core Prime-434,gas,std,two,convertible,rwd,rear,89.64692372616845,168.99092290084556,65.03197225122496,,2774.0,ohcf,six,195.0,mpfi,3.7359209911721663,2.914215523043254,9.595239258565092,208.0,5893,17.0,25.0,34682.0
84,3.0,Auralis Arc X-84,gas,turbo,two,hatchback,fwd,front,95.9,173.2,66.3,50.2,2921.0,ohc,four,156.0,spdi,3.59,3.86,7.0,145.0,5000,19.0,24.0,14869.0
597,3.0,Chrome Pulse Hyper-597,gas,std,two,hardtop,rwd,rear,89.00980669122733,168.52791601662364,64.9296700753191,51.54601802858674,2745.0,ohcf,six,191.0,mpfi,3.740949033451898,2.9062309585502604,9.737708857706535,208.0,5897,17.0,25.0,33833.0
349,0.0,Ion Phantom X-349,gas,std,four,sedan,fwd,front,96.65778021327984,172.2955154893047,65.5552680409968,52.455121503224696,2113.0,ohcf,four,107.0,2bbl,3.6317147558916747,2.629641584444149,9.676795615724243,78.0,4757,32.0,37.0,7226.0
549,-1.0,Ion Flow Omega-549,diesel,turbo,four,sedan,rwd,front,109.10498467335344,189.0631298064253,68.74144276373282,55.38905203385144,3226.0,ohc,six,145.0,idi,3.012052621418093,3.3879970788025995,22.862245403486877,105.0,4806,26.0,27.0,21104.0
456,0.0,Stellar Core v2-456,gas,std,four,sedan,fwd,front,97.11402376103712,172.38810370237408,65.37464149007104,52.63556198390049,2327.0,ohcf,four,107.0,mpfi,3.6339599344700013,2.636354497790179,8.973192942477569,94.0,5156,26.0,32.0,9665.0
199,-2.0,Titan Arc Omega-199,gas,turbo,four,sedan,rwd,front,104.3,188.8,67.2,56.2,3045.0,ohc,four,130.0,mpfi,3.62,3.15,7.5,162.0,5100,17.0,22.0,18420.0
146,0.0,Nebula Arc X-146,gas,turbo,four,sedan,4wd,front,97.0,172.0,65.4,54.3,2510.0,ohcf,four,108.0,mpfi,3.62,2.64,7.7,111.0,4800,24.0,29.0,11259.0
415,0.0,Quantum Pulse Hyper-415,diesel,turbo,four,sedan,rwd,front,107.95347013892481,187.4289691694192,68.38485929394244,56.690365255044924,3264.0,l,four,151.0,idi,3.725162004698716,3.4997468711468915,20.89182744998259,92.0,4169,28.0,33.0,16488.0
151,1.0,Auralis Nova Alpha-151,gas,std,two,hatchback,fwd,front,95.7,158.7,63.6,54.5,1985.0,ohc,four,92.0,2bbl,3.05,3.03,9.0,62.0,4800,35.0,39.0,5348.0
669,0.0,Auralis Core Omega-669,gas,std,four,sedan,rwd,front,108.37303774362564,187.07711664209052,68.57192287486347,56.49888055521694,3017.0,l,four,118.0,mpfi,3.469016434628698,3.193859580976392,8.418271326292851,97.0,5033,19.0,25.0,13213.0
40,0.0,Nebula Runner Sonic-40,gas,std,four,sedan,fwd,front,96.5,175.4,65.2,54.1,2304.0,ohc,four,110.0,1bbl,3.15,3.58,9.0,86.0,5800,27.0,33.0,8845.0
520,3.0,Auralis Pulse Grid-520,gas,turbo,two,hatchback,fwd,front,95.57986668690752,171.82250855302507,66.49614907662944,50.15929838771763,2909.0,ohc,four,157.0,spdi,3.58427747199621,3.8788598622216637,6.573122700979982,147.0,5011,19.0,24.0,14108.0
518,1.0,Auralis Strider Z-518,gas,std,two,sedan,rwd,front,94.61983312181904,169.15118461022712,63.948729835854245,52.686048956617284,2279.0,dohc,four,98.0,mpfi,3.2414104112101976,3.080566336817906,9.471176134790877,111.0,6617,26.0,29.0,9462.0
646,3.0,Quantum Strider Prime-646,gas,std,two,hatchback,fwd,front,94.55773270467738,164.89164403108575,64.18280596931724,51.50533332775692,2256.0,ohc,four,105.0,mpfi,3.18792799645057,3.389034471277646,8.44561640121772,91.0,5498,24.0,29.0,9902.0
673,2.0,Titan Strider Neo-673,gas,std,two,sedan,fwd,front,99.63730392308247,176.84234746100057,66.31171924104082,53.135541182388955,2505.0,ohc,five,136.0,mpfi,3.1857182532494037,3.4082053202192517,8.876246579660702,108.0,5507,20.0,25.0,15085.0
323,0.0,Nebula Nova Z-323,gas,std,four,sedan,fwd,front,95.57273499380001,166.28878848169032,64.46109454085389,52.80901492988719,2164.0,ohc,four,97.0,2bbl,3.1940400407932588,3.038523368213494,8.868917743690943,69.0,4810,28.0,34.0,8264.0
254,3.0,Cyber Core Omega-254,gas,std,two,hatchback,fwd,front,99.19771668869915,186.86530759696612,66.39399930103693,56.097531109305045,2703.0,ohc,four,122.0,mpfi,2.5311245581709017,2.094362178489754,9.391565124081108,110.0,5228,21.0,29.0,13416.0
633,2.0,Stellar Drift Grid-633,gas,std,two,convertible,rwd,front,98.40434438828619,176.69530585387923,65.46507787427802,52.86878111984414,2967.0,ohc,four,147.0,mpfi,3.629959520253548,3.4748831473621054,9.030099938300609,117.0,4749,24.0,30.0,15120.0
517,1.0,Quantum Flow v2-517,gas,std,two,sedan,rwd,front,95.11531815049966,168.84109914628783,63.9036221058851,52.83464646569494,2217.0,ohc,four,100.0,2bbl,3.190383883128788,3.0378193669632148,9.090806007841861,69.0,4794,29.0,34.0,8400.0
694,3.0,Auralis Nova Omega-694,gas,std,two,hatchback,rwd,front,95.5579875590198,168.62603567312846,65.74600050376007,49.63462543973216,2388.0,rotor,two,70.0,4bbl,3.3391869777524894,3.2322998705493795,9.523315141476257,104.0,5984,17.0,23.0,13465.0
358,3.0,Zenith Drift v2-358,gas,std,two,hatchback,rwd,front,103.19095115905868,183.73888816996538,67.72539071392805,52.142717007485906,2999.0,dohc,six,171.0,mpfi,3.2595140011083896,3.3335873045714157,9.064744162281114,164.0,5207,20.0,25.0,16560.0
70,0.0,Auralis Pulse Omega-70,diesel,turbo,two,hardtop,rwd,front,106.7,187.5,70.3,54.9,,ohc,five,183.0,idi,3.58,3.64,21.5,123.0,4350,22.0,25.0,28176.0
3,1.0,Stellar Pulse Neo-3,gas,std,two,hatchback,rwd,front,94.5,171.2,65.5,52.4,2823.0,ohcv,six,152.0,mpfi,2.68,3.47,9.0,154.0,5000,19.0,26.0,16500.0
341,0.0,Quantum Drift Sonic-341,gas,std,four,sedan,fwd,front,99.68493332331904,185.11117162512832,66.4146136249182,55.111248223098094,3089.0,ohcv,,182.0,mpfi,3.4364826861067512,3.2809958662730736,9.0109675123387,149.0,5225,18.0,25.0,13977.0
222,1.0,Titan Spectra Hyper-222,gas,std,two,hatchback,fwd,front,96.14105010801215,158.3939973675919,63.64106872074984,54.512226514469134,2094.0,ohc,four,93.0,2bbl,3.046445770836367,3.025354078810685,9.076523191240623,61.0,4777,30.0,38.0,6402.0
679,1.0,Auralis Pulse X-679,gas,std,four,sedan,fwd,front,93.02064845582974,168.1051618970989,64.16625636697593,53.980249551562345,1926.0,ohc,four,90.0,2bbl,3.083148762361933,3.149942778966425,8.83340719490216,65.0,5014,31.0,39.0,6765.0
147,0.0,Nebula Strider Grid-147,gas,std,four,wagon,fwd,front,97.0,173.5,65.4,53.0,2290.0,ohcf,four,108.0,2bbl,3.62,2.64,9.0,82.0,4800,28.0,32.0,7463.0
290,0.0,Ion Spectra Omega-290,gas,std,four,hatchback,fwd,front,95.57773066631569,166.4339125363897,64.38877781222354,52.87128041211929,2173.0,ohc,four,97.0,2bbl,3.1888825174155317,3.037659529430239,9.165517844688509,68.0,4781,28.0,34.0,8122.0
242,2.0,Voltara Pulse X-242,diesel,turbo,four,sedan,fwd,front,97.61881591063353,173.08970795944293,65.51944702454334,55.69102143816014,2340.0,ohc,four,96.0,idi,2.9791649839647465,3.395935539710179,22.85377915225508,68.0,4486,37.0,41.0,9332.0
30,3.0,Voltara Pulse Sonic-30,gas,turbo,two,,fwd,front,95.9,173.2,66.3,50.2,2811.0,ohc,four,156.0,mfi,3.6,3.9,7.0,145.0,5000,19.0,24.0,12964.0
583,-1.0,Zenith Arc Sonic-583,gas,std,four,wagon,fwd,front,103.61251156495572,174.71386240836827,64.53677320713633,59.90011839831265,2521.0,ohc,four,124.0,2bbl,3.3387094689256585,3.4514556978630266,8.853434359029517,91.0,4999,24.0,30.0,9723.0
115,0.0,Quantum Core Omega-115,diesel,turbo,four,wagon,rwd,front,114.2,198.9,68.4,58.7,3485.0,l,four,152.0,idi,3.7,3.52,21.0,95.0,4150,25.0,25.0,17075.0
498,2.0,Auralis Flow X-498,gas,std,two,hatchback,fwd,front,93.09939833929093,157.86527476274526,63.712606006324535,53.77145222433969,2086.0,ohcf,four,106.0,2bbl,3.62339304999532,2.6451130865669246,8.38738577089732,74.0,4386,26.0,31.0,7233.0
701,3.0,Nebula Flow Hyper-701,gas,turbo,two,hatchback,fwd,front,99.40638088304678,185.51742161592114,66.4803660286182,56.03105434454041,2827.0,dohc,four,121.0,mpfi,3.5327508250636575,3.0973600253601434,9.125570774067114,159.0,5507,19.0,26.0,17747.0
570,0.0,Quantum Runner Omega-570,gas,std,four,sedan,rwd,front,112.65600533656708,200.10743807934418,69.68538808583979,52.75233867527698,4050.0,dohc,six,260.0,mpfi,3.6235973641612786,4.172172308241372,8.228051984817348,174.0,4734,16.0,19.0,33923.0
562,0.0,Zenith Flow Grid-562,gas,std,four,sedan,fwd,front,94.93435749040549,158.74551726586893,63.67951557638714,52.07324032316377,1965.0,ohc,four,92.0,2bbl,3.031145698809608,3.106614509094764,9.740904264252105,69.0,5346,39.0,43.0,7205.0
177,-1.0,Cyber Arc Z-177,gas,std,four,sedan,fwd,front,102.4,175.6,66.5,54.9,2414.0,ohc,four,122.0,,3.31,3.54,8.7,92.0,4200,27.0,32.0,10898.0
623,1.0,Stellar Spectra Prime-623,gas,std,four,sedan,fwd,front,93.8568043502969,156.2326814051344,63.81067917720165,50.555683563984346,1984.0,ohc,four,92.0,2bbl,2.974162423864814,3.235603384414426,9.266605019757682,69.0,5539,31.0,39.0,7122.0
373,1.0,Chrome Pulse X-373,gas,std,four,sedan,fwd,front,96.67219976271018,173.32253963198252,65.49036042427423,51.69254818244792,2411.0,ohc,four,121.0,2bbl,3.3608911319277555,3.4465606463756266,8.585553737094058,88.0,5064,25.0,32.0,8541.0
169,2.0,Zenith Runner Grid-169,gas,std,two,hardtop,rwd,front,98.4,176.2,65.6,52.0,,ohc,four,146.0,mpfi,3.62,3.5,9.3,116.0,4800,24.0,30.0,9639.0
348,2.0,Nebula Flow Hyper-348,gas,std,four,sedan,4wd,front,99.25468739919742,176.7670526215912,66.3270936331692,54.45711320319584,2837.0,ohc,five,137.0,mpfi,3.1929968917994653,3.4179434645737894,8.091827604179025,116.0,5508,17.0,21.0,16968.0
377,1.0,Cyber Strider Z-377,gas,std,two,sedan,fwd,front,94.53599334354683,156.46774451879358,63.54463456115688,51.959737386365745,1828.0,ohc,four,90.0,2bbl,3.036609138205644,3.1054944957211466,9.830080597074161,74.0,5433,38.0,43.0,8101.0
537,0.0,Ion Flow Neo-537,gas,std,four,sedan,fwd,front,97.23658010068976,171.2477431782383,65.36990867866585,52.427074345104494,2185.0,ohcf,four,108.0,2bbl,3.6182009709650775,2.6293072635300097,9.440496517572969,80.0,4780,32.0,37.0,7570.0
619,1.0,Titan Core Alpha-619,gas,std,two,sedan,fwd,front,96.85041552283472,169.85107156725428,65.99366369862949,50.96771804074078,2245.0,ohc,four,111.0,2bbl,3.1554439346691985,3.5748034462033766,8.888894479820188,96.0,5521,25.0,32.0,8840.0
604,-1.0,Zenith Runner Omega-604,gas,std,four,sedan,fwd,front,102.4934354257786,175.72503066226187,66.52514364764794,54.73318257183682,2320.0,ohc,four,121.0,mpfi,3.2733207814675804,3.5453879508371178,8.621476528539377,94.0,4210,29.0,34.0,9392.0
543,3.0,Voltara Phantom v2-543,gas,std,two,hatchback,fwd,front,99.3321560365572,186.88675683893308,66.66637264392725,55.87985965125847,2680.0,ohc,four,121.0,mpfi,2.530843983683388,2.092804696283408,9.47625596681558,110.0,5243,21.0,28.0,14028.0
190,3.0,Ion Spectra Prime-190,gas,std,two,convertible,fwd,front,94.5,159.3,64.2,55.6,2254.0,ohc,four,109.0,mpfi,3.19,3.4,8.5,90.0,5500,24.0,29.0,11595.0
137,3.0,Nebula Pulse Prime-137,gas,turbo,two,hatchback,fwd,front,99.1,186.6,66.5,56.1,2808.0,dohc,four,121.0,mpfi,3.54,3.07,9.0,160.0,5500,19.0,26.0,18150.0
447,1.0,Quantum Runner Hyper-447,gas,std,four,sedan,fwd,front,93.76652752705047,167.15966866054413,63.68071830145943,50.85164405361285,2214.0,ohc,four,99.0,2bbl,2.9695932504006035,3.2403080992704365,9.288874547492977,71.0,5439,31.0,37.0,7410.0
594,0.0,Ion Drift X-594,diesel,std,four,hatchback,fwd,front,95.95143006873028,166.95673795768684,64.49057288640236,52.93153442437691,2263.0,ohc,four,109.0,idi,3.290196019742059,3.3771480362952473,22.629233215148446,53.0,4537,38.0,47.0,7840.0
255,0.0,Voltara Spectra Prime-255,gas,std,four,sedan,fwd,front,94.43146840596805,158.76842426897733,63.59105476164674,52.002276994326145,1924.0,ohc,four,92.0,2bbl,3.04806673604562,3.09979419002678,9.965887447697376,68.0,5414,38.0,43.0,6808.0
438,1.0,Auralis Core Neo-438,gas,std,two,hatchback,fwd,front,92.72216426737339,160.0610493834983,64.18499773746242,54.06359909809053,1933.0,ohc,four,89.0,,3.0316603603578125,3.163129237115688,9.151176685880326,68.0,4982,31.0,39.0,6433.0
383,0.0,Voltara Pulse Z-383,gas,std,four,sedan,rwd,front,108.28478295106527,186.63215456890413,68.36801687884753,56.74071708709258,3032.0,l,four,122.0,mpfi,3.4670722374475234,3.174133300223915,8.622766585123383,97.0,5014,19.0,24.0,13894.0
626,1.0,Stellar Spectra v2-626,gas,,four,hatchback,fwd,front,95.62887957532998,158.17201347221734,63.499199791548776,54.47282666184553,2023.0,ohc,four,90.0,2bbl,3.0366319471651377,3.046435455606284,9.03334796342735,63.0,4830,32.0,38.0,6389.0
291,-1.0,Titan Phantom Sonic-291,gas,turbo,four,sedan,rwd,front,109.61903027112345,188.918281097491,68.63935257850525,55.639282942146195,2998.0,ohc,four,142.0,mpfi,3.759757903538118,3.1795375179013656,8.26141875519993,160.0,5321,19.0,25.0,18420.0
668,1.0,Nebula Pulse Sonic-668,gas,std,two,hatchback,fwd,front,98.72367168086049,176.81734519325147,66.41671957492929,53.685628793109046,2427.0,ohc,four,124.0,2bbl,3.382772253566246,3.3903895579358028,8.528809158265352,84.0,4752,26.0,33.0,10032.0
624,2.0,Titan Spectra Grid-624,gas,std,two,hardtop,fwd,front,95.0763412574133,161.39513547000792,64.05987701454757,53.45839081757854,2018.0,ohc,four,94.0,2bbl,3.169333698165878,3.301233744000523,9.55537353507777,67.0,5206,31.0,37.0,7442.0
599,1.0,Zenith Pulse Alpha-599,gas,std,four,hatchback,fwd,front,93.16844014063342,157.01487158505273,63.94901494503351,50.761509068488785,1981.0,ohc,four,90.0,2bbl,2.954435594441844,3.2265364970181256,9.54711284866886,68.0,5528,31.0,37.0,6162.0
233,0.0,Ion Arc Prime-233,gas,std,four,sedan,fwd,front,93.99820365036985,159.29487876728126,63.61172486907842,52.018126592287864,1890.0,ohc,four,86.0,2bbl,3.031541650564952,3.113807283856327,9.717092954337854,71.0,5407,38.0,43.0,6986.0
34,1.0,Stellar Drift X-34,gas,std,two,hatchback,fwd,front,93.7,150.0,64.0,52.6,1940.0,ohc,four,92.0,1bbl,2.91,3.41,9.2,76.0,6000,30.0,34.0,6529.0
89,-1.0,Voltara Phantom Prime-89,gas,std,four,sedan,fwd,front,96.3,172.4,65.4,51.6,2403.0,ohc,four,110.0,spdi,3.17,3.46,7.5,116.0,5500,23.0,30.0,9279.0
45,1.0,Zenith Flow Sonic-45,gas,std,two,sedan,fwd,front,94.5,155.9,63.6,52.0,1874.0,ohc,four,90.0,2bbl,3.03,3.11,9.6,70.0,5400,38.0,43.0,8916.0
342,1.0,Auralis Nova Grid-342,gas,std,two,hatchback,fwd,front,93.86461251197603,150.4101387385123,63.94990818521594,52.639712203753746,1917.0,ohc,four,94.0,1bbl,2.9166711384265374,3.4122343018961763,9.166381223868092,78.0,5957,30.0,33.0,6950.0
62,1.0,Auralis Core Z-62,gas,std,two,hatchback,fwd,front,98.8,177.8,66.5,53.7,2385.0,ohc,four,122.0,2bbl,3.39,3.39,8.6,84.0,4800,26.0,32.0,10595.0
677,2.0,Zenith Core Alpha-677,gas,std,two,hatchback,rwd,front,96.01389934662747,172.70367002329687,64.95626446693593,51.47286378339871,2745.0,ohc,four,117.0,spfi,3.437300718989925,3.2470225469413436,9.089307734756066,91.0,5025,24.0,29.0,11947.0
200,-1.0,Titan Spectra Alpha-200,gas,turbo,four,wagon,rwd,front,104.3,188.8,67.2,57.5,3157.0,ohc,four,130.0,mpfi,3.62,3.15,7.5,162.0,5100,17.0,22.0,18950.0
430,3.0,Stellar Arc v2-430,gas,std,two,convertible,rwd,front,88.4483846000694,169.37069782381215,64.13847331181722,48.86914842144834,2544.0,dohc,four,131.0,mpfi,3.4680177499405596,2.6881404850088546,9.162299149936603,111.0,4992,21.0,27.0,14919.0
395,3.0,Chrome Core Grid-395,gas,std,two,convertible,fwd,front,94.30368340333214,159.9856881877628,64.3126622942946,55.57772292589958,2245.0,ohc,four,110.0,mpfi,3.195417541797881,3.3646707257029904,8.5763690338954,91.0,5522,24.0,29.0,10905.0
298,3.0,Chrome Spectra Sonic-298,gas,std,two,convertible,fwd,front,94.16007395479258,159.2717457818815,63.852293836012656,55.46449183181255,2225.0,ohc,four,110.0,mpfi,3.17808717476963,3.4001949884771863,8.716337072121824,88.0,5506,24.0,29.0,9788.0
74,0.0,Chrome Phantom Omega-74,gas,std,four,sedan,rwd,front,120.9,208.1,71.7,56.7,3900.0,ohcv,eight,308.0,mpfi,3.8,3.35,8.0,184.0,4500,14.0,16.0,40960.0
394,1.0,Voltara Flow Prime-394,gas,std,four,sedan,fwd,front,94.61378335613601,158.0376564386093,63.908695261675476,50.73158333849868,1985.0,ohc,four,88.0,2bbl,2.9655831420311842,3.2407603289101936,9.595158443718143,67.0,5530,31.0,38.0,6977.0
605,1.0,Titan Flow Neo-605,gas,turbo,two,hatchback,fwd,front,93.68371315830206,157.54543422090933,63.732959130200214,50.98951781122743,2132.0,ohc,four,100.0,mpfi,3.0371075150622424,3.3837651795474875,7.541049685981948,96.0,5485,24.0,30.0,8242.0
589,1.0,Stellar Strider Alpha-589,gas,std,two,sedan,fwd,front,94.68534002718671,165.43405327876692,64.02570476546238,54.56059688030511,1922.0,ohc,four,99.0,2bbl,3.1607845712281044,3.297135531403784,9.61861484684194,67.0,5201,32.0,37.0,6792.0
606,0.0,Quantum Drift Hyper-606,gas,std,four,wagon,rwd,front,114.24657753434542,198.4048281858364,68.52364522160819,56.57797006405878,3259.0,l,four,118.0,mpfi,3.469965072146772,2.2062207425607356,8.01291968849505,98.0,4995,19.0,24.0,15982.0
218,1.0,Chrome Drift Alpha-218,gas,turbo,four,sedan,fwd,front,96.1647091255002,172.42711416508865,65.46505653561925,51.60961312107165,2400.0,ohc,four,109.0,spdi,3.1620134846085244,3.4387529146575266,7.53317753955618,118.0,5488,23.0,30.0,9243.0
584,0.0,Quantum Drift Prime-584,gas,std,four,wagon,fwd,front,96.62394500419181,156.72242879470133,63.82373498117468,58.449001057911545,2028.0,ohc,four,93.0,1bbl,2.929809216096877,3.379590242551254,8.916062723779206,71.0,5990,30.0,34.0,7416.0
422,0.0,Voltara Phantom Z-422,gas,,four,wagon,fwd,front,96.00299022024615,181.86990239730102,66.47972703590378,55.23928377941078,2623.0,ohc,four,137.0,mpfi,3.4686583731595113,3.8961377662074055,8.90249500778315,88.0,5089,23.0,31.0,10488.0
139,2.0,Stellar Pulse Omega-139,gas,std,two,hatchback,fwd,front,93.7,156.9,63.4,53.7,2050.0,ohcf,four,97.0,2bbl,3.62,2.36,9.0,69.0,4900,31.0,36.0,5118.0
213,0.0,Nebula Strider Neo-213,gas,std,four,sedan,fwd,front,94.56749755181313,157.95639074639794,63.55181324805365,51.91063765220789,1875.0,ohc,four,91.0,2bbl,3.039453430538228,3.156083813896772,9.590032548693067,69.0,5369,38.0,43.0,6633.0
596,0.0,Chrome Arc Prime-596,diesel,std,four,sedan,rwd,front,104.68380521580923,176.44596698684262,66.24900516647143,54.48473118841628,2698.0,ohc,four,130.0,idi,3.424017144107316,3.6505847188017055,22.24272657610517,74.0,4181,31.0,39.0,15319.0
593,3.0,Nebula Strider Sonic-593,gas,std,two,hatchback,fwd,front,94.71786168520666,165.21221239709172,63.90022981457161,51.4823071842471,2217.0,ohc,four,113.0,mpfi,3.181513070916486,3.414727935261833,8.558868631897052,90.0,5450,24.0,29.0,9961.0
650,2.0,Titan Runner Sonic-650,gas,std,four,sedan,fwd,front,97.51616296895344,172.10309956755015,65.41850536193893,55.771810993685236,2190.0,ohc,four,108.0,mpfi,3.1746486111697725,3.4232771955546144,9.022506962748922,86.0,5265,27.0,34.0,8119.0
235,-1.0,Auralis Phantom Grid-235,diesel,turbo,four,sedan,rwd,front,108.86110480430138,189.0529499123664,68.73953389210148,55.3407528884397,3169.0,ohc,six,145.0,idi,2.9939362770388915,3.3876158320522745,23.279886748770952,106.0,4820,26.0,27.0,21038.0
68,-1.0,Zenith Spectra v2-68,diesel,turbo,four,sedan,rwd,front,110.0,190.9,70.3,56.5,3515.0,ohc,five,183.0,idi,3.58,3.64,21.5,123.0,4350,22.0,25.0,25552.0
25,1.0,Zenith Flow Alpha-25,gas,std,four,hatchback,fwd,front,93.7,157.3,63.8,50.6,1967.0,ohc,four,90.0,2bbl,2.97,3.23,9.4,68.0,5500,31.0,38.0,6229.0
382,1.0,Cyber Arc X-382,gas,turbo,two,sedan,fwd,front,94.24148940179172,157.39749527747247,63.84234612056358,50.581509718114646,2217.0,ohc,four,96.0,mpfi,3.0203806987924775,3.398498845025569,7.322611568701655,101.0,5496,24.0,30.0,8393.0
217,-1.0,Cyber Runner Sonic-217,gas,std,four,sedan,rwd,front,109.45995323610356,188.7462779104948,69.06711201123605,55.51652151952203,2981.0,ohcv,six,172.0,mpfi,3.579419482346471,2.8517057147183356,8.615803483496219,131.0,5488,18.0,23.0,19844.0
130,1.0,Stellar Pulse Z-130,gas,std,two,hatchback,rwd,front,98.4,175.7,,50.5,3366.0,dohcv,eight,203.0,mpfi,3.94,3.11,10.0,288.0,5750,17.0,28.0,31400.0
350,0.0,Titan Phantom Z-350,gas,std,four,wagon,fwd,front,100.62101459562152,184.39364772549962,66.4812597316908,56.16959622209478,3299.0,ohcv,six,181.0,mpfi,3.4361679063496817,3.278504133536989,8.96060413427009,153.0,5184,17.0,22.0,14408.0
112,0.0,Chrome Flow Alpha-112,gas,std,four,sedan,rwd,front,107.9,186.7,68.4,56.7,3075.0,l,four,120.0,mpfi,3.46,2.19,8.4,95.0,5000,19.0,24.0,15580.0
167,1.0,Cyber Arc v2-167,gas,std,two,hatchback,rwd,,94.5,168.7,64.0,52.6,2300.0,dohc,four,98.0,mpfi,3.24,3.08,9.4,112.0,6600,26.0,29.0,9538.0
208,1.0,Nebula Flow Grid-208,gas,std,four,sedan,fwd,front,93.9113763684894,164.84097504929164,63.909272082080605,54.21215510291522,1974.0,ohc,four,97.0,2bbl,3.1466716666414842,3.27614412952071,9.162781889732708,70.0,5199,31.0,37.0,7304.0
439,2.0,Ion Spectra Z-439,gas,std,two,hatchback,rwd,front,97.94920993260072,175.46592424190845,65.55577563799369,52.00080294993221,2726.0,ohc,four,145.0,mpfi,3.638674872525732,3.501444686300743,9.30561109960269,115.0,4795,24.0,30.0,12449.0
275,1.0,Auralis Nova Alpha-275,gas,std,two,hatchback,fwd,front,93.70771318031755,149.8416245677721,64.13089788798051,52.473986710702015,1935.0,ohc,four,93.0,1bbl,2.907765294492044,3.4169220031155763,9.089427568710837,77.0,6017,30.0,34.0,6752.0
688,0.0,Voltara Drift Alpha-688,gas,std,four,wagon,fwd,front,97.38797563745788,173.32283255484901,65.20892811679413,52.83105822962887,2281.0,ohcf,four,108.0,2bbl,3.615013174977533,2.6035005343854865,8.697473586098996,83.0,4816,28.0,32.0,7821.0
565,1.0,Auralis Flow v2-565,gas,turbo,two,sedan,fwd,front,93.59151767485834,157.01537563881092,63.736090771548504,50.691594207026924,2183.0,ohc,four,101.0,mpfi,3.0269743623867114,3.381145380822172,7.696373960968196,104.0,5456,24.0,30.0,8582.0
526,3.0,Cyber Drift Hyper-526,gas,std,two,hardtop,rwd,rear,89.38844232552306,168.91398158134797,64.75886269484849,51.78661164182085,2775.0,ohcf,six,197.0,mpfi,3.7683379751420905,2.8603119087085673,9.314877430709176,207.0,5882,17.0,25.0,34202.0
288,0.0,Nebula Runner Hyper-288,gas,turbo,four,sedan,4wd,front,97.45309360008149,172.70148962590653,65.32225304790033,54.36200530733339,2536.0,ohcf,four,107.0,mpfi,3.634396127400561,2.666341321192995,7.94124549004732,113.0,4794,25.0,29.0,10699.0
470,0.0,Zenith Spectra Alpha-470,gas,std,four,wagon,fwd,front,97.3903214670549,173.0875972080457,65.3959873512245,52.98769396430926,2249.0,ohcf,four,109.0,2bbl,3.6107093331487428,2.6335085050395293,8.971584323009854,84.0,4786,28.0,32.0,7816.0
327,0.0,Titan Core Grid-327,gas,std,four,sedan,fwd,front,97.3433503018095,175.54157351643494,62.43325875006189,54.01931817285568,2387.0,ohc,four,108.0,1bbl,3.160232963072531,3.555831835209092,8.874214369208305,81.0,5766,27.0,33.0,9651.0
122,1.0,Titan Arc X-122,gas,std,four,sedan,fwd,front,93.7,167.3,63.8,50.8,1989.0,ohc,four,90.0,,2.97,3.23,9.4,68.0,5500,31.0,38.0,6692.0
508,1.0,Nebula Spectra X-508,gas,std,two,hatchback,fwd,front,95.91710044737187,158.69645956076508,63.67233374793624,54.34182192582642,2090.0,ohc,four,92.0,2bbl,3.031565843133288,3.0178406268319993,8.997433160258538,65.0,4820,31.0,38.0,6559.0
229,0.0,Quantum Phantom Hyper-229,gas,std,two,hatchback,fwd,front,97.27541726278528,168.12616443705545,65.19279571320985,53.44070025708514,2223.0,ohc,four,108.0,1bbl,3.173505918058171,3.595504879672825,8.727484805229205,86.0,5784,28.0,33.0,8127.0
446,2.0,Nebula Drift Omega-446,gas,std,two,sedan,fwd,front,97.20807495568272,170.38586866369607,65.54348103639596,55.74694813222965,2179.0,ohc,four,111.0,mpfi,,3.3766862455495437,9.101954879389464,84.0,5269,27.0,34.0,8098.0
118,0.0,Cyber Arc Neo-118,gas,turbo,four,sedan,rwd,front,108.0,186.7,68.3,56.0,3130.0,l,four,134.0,mpfi,3.61,3.21,7.0,142.0,5600,18.0,24.0,18150.0
465,2.0,Zenith Drift Neo-465,gas,std,four,sedan,fwd,front,97.26581251955733,171.48539332618103,65.71997858959347,55.85094412637227,2254.0,ohc,four,111.0,mpfi,3.1894920189276625,3.421978482457757,9.201897856732888,83.0,5227,,34.0,8426.0
26,1.0,Voltara Nova v2-26,gas,std,four,sedan,fwd,front,93.7,157.3,63.8,50.6,1989.0,ohc,four,90.0,2bbl,2.97,3.23,9.4,68.0,5500,31.0,38.0,6692.0
111,0.0,Nebula Phantom Hyper-111,diesel,turbo,four,wagon,rwd,front,114.2,198.9,68.4,58.7,3430.0,l,four,152.0,idi,3.7,3.52,21.0,95.0,4150,25.0,25.0,13860.0
150,0.0,Auralis Nova Grid-150,gas,turbo,four,wagon,4wd,front,96.9,173.6,65.4,54.9,2650.0,ohcf,four,108.0,mpfi,3.62,2.64,7.7,111.0,4800,23.0,23.0,11694.0
153,1.0,Quantum Phantom Neo-153,gas,std,four,hatchback,fwd,front,95.7,158.7,63.6,54.5,2015.0,ohc,four,92.0,2bbl,3.05,3.03,9.0,62.0,4800,31.0,38.0,6488.0
529,0.0,Stellar Phantom Z-529,gas,std,four,wagon,fwd,front,100.02033144039419,182.82802296944632,66.96973151840258,55.022039105109556,2533.0,ohc,four,111.0,mpfi,3.2047824041382644,3.388040737389564,8.840909976262447,88.0,5515,25.0,30.0,10839.0
462,1.0,Stellar Drift Alpha-462,gas,std,four,sedan,fwd,front,94.8769222469636,164.31218503972622,63.75282097806699,54.573088587673936,1936.0,ohc,four,99.0,2bbl,3.142050195061333,3.337888960720915,9.480560638175902,69.0,5218,31.0,37.0,7221.0
140,2.0,Voltara Pulse v2-140,gas,std,two,hatchback,fwd,front,93.7,157.9,63.6,53.7,2120.0,ohcf,four,108.0,2bbl,3.62,2.64,8.7,73.0,4400,26.0,31.0,7053.0
261,1.0,Nebula Strider Z-261,gas,std,two,hatchback,fwd,front,99.17013547217557,177.92159413458347,66.59162343076699,53.70423910855916,2394.0,ohc,four,120.0,2bbl,3.391906190054533,3.3845716656363467,8.244977217769977,84.0,4788,26.0,32.0,9239.0
324,1.0,Quantum Core Prime-324,gas,std,two,hatchback,fwd,front,93.30995478214449,148.68830212782512,63.98278593909418,52.456259121561395,1834.0,ohc,four,77.0,1bbl,2.9061116606199913,3.0570819585792175,9.859553903916403,60.0,5502,38.0,42.0,5635.0
636,1.0,Cyber Spectra Sonic-636,gas,std,four,wagon,fwd,front,105.74254814184627,192.63467459507044,71.53839152396397,55.78168966251134,2992.0,ohc,five,133.0,mpfi,3.2014348631811536,3.4000951908632664,8.607293381763755,109.0,5488,19.0,25.0,19074.0
249,0.0,Voltara Arc Z-249,gas,std,four,sedan,rwd,front,107.61119530146671,185.86570033726457,68.28492664608063,56.68281813270576,3044.0,l,four,121.0,mpfi,3.4652397712751615,3.1781383263948135,8.504995561164213,97.0,5007,19.0,24.0,14225.0
451,-1.0,Stellar Strider Neo-451,diesel,turbo,four,wagon,rwd,front,109.88739468485592,190.20484299188385,70.22382607976114,58.648338470845694,3733.0,ohc,five,182.0,idi,3.5944140220970127,3.6403658202152944,21.668722450555205,124.0,4446,22.0,25.0,21048.0
411,0.0,Ion Flow Alpha-411,gas,turbo,four,sedan,rwd,front,108.18485463320333,186.26652931581486,68.26521907990467,55.926455739085895,3134.0,l,four,134.0,mpfi,3.598944666628746,3.2103125969140276,7.037152838215425,142.0,5598,18.0,24.0,17847.0
20,1.0,Auralis Core Sonic-20,gas,std,two,hatchback,fwd,front,94.5,155.9,63.6,52.0,1874.0,ohc,four,90.0,2bbl,3.03,3.11,9.6,70.0,5400,38.0,43.0,6295.0
329,3.0,Quantum Drift v2-329,gas,std,two,hatchback,fwd,front,99.8765708276225,187.12413092476652,66.36536030449841,56.1719014326397,2743.0,ohc,four,121.0,mpfi,2.5378121736971027,2.092056239426879,9.230647602482444,110.0,5254,22.0,28.0,15043.0
297,-1.0,Auralis Core Sonic-297,gas,turbo,four,wagon,rwd,front,104.2722778201571,189.79312636012665,67.20676267414765,57.46774028078264,3175.0,ohc,four,131.0,mpfi,3.6415319830599877,3.1492423603272774,7.469656189029631,162.0,5084,17.0,22.0,18638.0
270,2.0,Cyber Core Prime-270,diesel,turbo,four,sedan,fwd,front,97.22353794973405,171.36471810275043,65.2345290580974,55.87475157378095,2324.0,ohc,four,93.0,idi,3.0089106426156076,3.399425883209158,22.859128225812,66.0,4507,37.0,42.0,9140.0
227,1.0,Quantum Core Alpha-227,gas,turbo,four,sedan,fwd,front,96.34740583186473,172.4349302599781,65.30311670597777,51.54790271233609,2394.0,ohc,four,112.0,spdi,3.178181043926285,3.4400403859270687,7.630094533302443,115.0,5510,23.0,30.0,9475.0
95,1.0,Quantum Spectra Z-95,gas,std,two,sedan,fwd,front,94.5,165.3,63.8,54.5,1951.0,ohc,four,97.0,2bbl,3.15,3.29,9.4,69.0,5200,31.0,37.0,7299.0
516,-1.0,Nebula Strider X-516,gas,turbo,four,wagon,rwd,front,104.45383565441789,188.80424940869185,67.09854721386601,57.54621435694822,3200.0,ohc,four,131.0,mpfi,3.6146681913378647,3.1242619740670223,7.537935201331422,161.0,5086,17.0,22.0,18499.0
281,3.0,Cyber Drift Grid-281,gas,std,two,convertible,rwd,front,87.95186033412281,168.29625418771911,64.07686532512992,48.73508279227085,2531.0,dohc,four,131.0,mpfi,3.482994642274433,2.6957001889934866,8.64153882564835,108.0,5010,21.0,26.0,15033.0
287,3.0,Voltara Phantom Sonic-287,gas,std,two,hatchback,fwd,front,93.78742758036103,166.2389193037595,64.18868827932721,51.51105693933017,2211.0,ohc,four,109.0,mpfi,3.1989333422913027,3.415427870513818,8.381028726550618,93.0,5559,24.0,29.0,10244.0
661,0.0,Voltara Strider Grid-661,diesel,turbo,two,hardtop,rwd,front,106.4521589103448,187.67781509572615,70.44328018329063,54.83829157338712,3489.0,ohc,five,179.0,idi,3.5690490988656767,3.6490614199611584,21.484302321612315,127.0,4341,22.0,25.0,21212.0
445,-1.0,Titan Pulse Grid-445,gas,std,four,sedan,rwd,front,108.64907727832639,189.24719143672394,68.89839318560074,55.58190508094503,3031.0,ohcv,six,173.0,mpfi,3.578334381952056,2.8819742235556634,8.728979302190165,132.0,5508,18.0,23.0,20773.0
185,2.0,Zenith Flow v2-185,diesel,std,four,sedan,fwd,front,97.3,171.7,65.5,55.7,2264.0,ohc,four,97.0,idi,3.01,3.4,23.0,52.0,4800,37.0,46.0,7995.0
372,2.0,Zenith Drift X-372,gas,std,four,sedan,fwd,front,97.41237889000311,172.01239959284456,65.3946628155674,55.908052307220885,2232.0,ohc,four,109.0,mpfi,3.221178669052436,3.4092902825944336,8.786417233590601,87.0,5211,27.0,33.0,8215.0
620,-1.0,Nebula Arc Omega-620,gas,std,four,hatchback,fwd,front,102.66818319830843,175.02050468756843,66.43313703221544,53.972902330628095,2410.0,ohc,four,125.0,mpfi,3.3123504749703048,3.534180648058068,8.525178254626526,90.0,4177,27.0,33.0,10055.0
689,0.0,Quantum Spectra X-689,gas,std,four,sedan,4wd,front,97.13977184054954,171.97048752033655,65.51507733338956,54.22483050276777,2394.0,ohcf,four,107.0,2bbl,3.617759568578997,2.6089664551403318,9.086290554899518,79.0,4816,24.0,25.0,10316.0
276,3.0,Ion Phantom Z-276,gas,turbo,two,hatchback,fwd,front,96.85314771999133,174.41281157341118,65.43551915246184,49.44694845650058,2326.0,ohc,four,110.0,spdi,3.1637806272915516,3.465036541322724,6.886412111085358,113.0,5537,23.0,30.0,9599.0
664,2.0,Auralis Drift Prime-664,diesel,turbo,four,sedan,fwd,front,96.7289620178849,172.071108284086,65.41108932685125,55.64295728836732,2310.0,ohc,four,93.0,idi,2.9858118878184476,3.4034916888960614,23.08587929025631,69.0,4494,37.0,42.0,9068.0
183,2.0,Chrome Drift Alpha-183,diesel,std,two,sedan,fwd,front,97.3,171.7,65.5,55.7,2261.0,ohc,four,97.0,idi,3.01,3.4,23.0,52.0,4800,37.0,46.0,7775.0
33,1.0,Chrome Core Hyper-33,gas,std,two,hatchback,fwd,front,93.7,150.0,64.0,52.6,1837.0,ohc,four,79.0,1bbl,2.91,3.07,10.1,60.0,5500,38.0,42.0,5399.0
81,3.0,Chrome Flow Sonic-81,gas,turbo,two,hatchback,fwd,front,96.3,173.0,65.4,49.4,2370.0,ohc,four,110.0,spdi,3.17,3.46,7.5,116.0,5500,23.0,30.0,9959.0
308,0.0,Cyber Phantom Omega-308,gas,std,four,sedan,fwd,front,95.7095117399907,166.39640748583244,64.27338278882874,53.071982265243655,2079.0,ohc,four,97.0,2bbl,3.1977455335025295,3.039943220759807,9.121087056582505,71.0,4790,30.0,37.0,7538.0
12,0.0,Titan Flow v2-12,gas,std,four,sedan,rwd,front,101.2,176.8,64.8,54.3,2395.0,ohc,four,108.0,mpfi,3.5,2.8,8.8,101.0,5800,23.0,29.0,16925.0
44,0.0,Stellar Drift Neo-44,gas,std,four,sedan,rwd,front,94.3,170.7,61.8,53.5,2337.0,ohc,four,111.0,2bbl,3.31,3.23,8.5,78.0,4800,24.0,29.0,6785.0
87,1.0,Stellar Nova Alpha-87,gas,std,four,sedan,fwd,front,96.3,172.4,65.4,51.6,2405.0,ohc,four,122.0,2bbl,3.35,3.46,8.5,88.0,5000,25.0,32.0,8189.0
37,0.0,Nebula Nova Z-37,gas,std,four,wagon,fwd,front,96.5,157.1,63.9,58.3,2024.0,ohc,four,92.0,1bbl,2.92,3.41,9.2,76.0,6000,30.0,34.0,7295.0
59,3.0,Chrome Core Prime-59,gas,std,two,hatchback,rwd,front,95.3,169.0,65.7,49.6,2500.0,rotor,,80.0,mpfi,3.33,3.255,9.4,135.0,6000,16.0,23.0,15645.0
42,0.0,Titan Core X-42,gas,std,four,sedan,fwd,front,96.5,175.4,65.2,54.1,2465.0,ohc,four,110.0,mpfi,3.15,3.58,9.0,101.0,5800,24.0,28.0,12945.0
412,0.0,Chrome Phantom Sonic-412,diesel,std,four,hatchback,fwd,front,95.30364821754745,166.73213771788247,64.38038836025969,52.804269799748326,2260.0,ohc,four,108.0,idi,3.2394996385529256,3.3577407549767746,22.41084514764828,57.0,4498,39.0,47.0,7895.0
563,3.0,Zenith Pulse Neo-563,gas,turbo,two,hatchback,fwd,front,96.28527336385794,173.16300050518637,66.31667126259606,50.22196128131818,2823.0,ohc,four,154.0,mfi,3.601100345805563,3.8978102694392405,6.950640027479481,146.0,5022,19.0,24.0,13630.0
210,1.0,Auralis Spectra Omega-210,gas,std,two,hatchback,rwd,front,99.1208728650702,178.99642462370616,67.72233705958199,49.712194362730344,3157.0,ohcv,six,183.0,mpfi,3.426921179288839,3.2705320090868604,9.058211335138429,162.0,5198,19.0,25.0,32676.0
149,0.0,Cyber Spectra Neo-149,gas,std,four,wagon,4wd,front,96.9,173.6,65.4,54.9,2420.0,ohcf,four,108.0,2bbl,3.62,2.64,9.0,82.0,4800,23.0,29.0,8013.0
595,0.0,Titan Arc Prime-595,gas,std,four,sedan,fwd,front,95.70964431677025,167.05720479102627,64.29129296183663,52.73276307940964,2089.0,ohc,four,99.0,2bbl,3.200012675549753,3.0340031239065888,8.81273667136504,71.0,4759,38.0,47.0,7615.0
124,-1.0,Ion Nova Neo-124,gas,std,four,wagon,fwd,front,103.3,174.6,64.6,59.8,2535.0,ohc,,122.0,2bbl,3.35,3.46,8.5,88.0,5000,24.0,30.0,8921.0
575,0.0,Stellar Arc Prime-575,gas,std,four,sedan,rwd,front,113.00241651555915,199.62472276232012,69.67026995818728,52.78420451070074,4038.0,dohc,six,258.0,mpfi,3.6340353708235424,4.183440155151437,7.959916795626486,179.0,4706,15.0,19.0,36427.0
99,2.0,Stellar Pulse Hyper-99,gas,std,two,hardtop,fwd,front,95.1,162.4,63.8,53.3,2008.0,ohc,four,97.0,2bbl,3.15,3.29,9.4,69.0,5200,31.0,37.0,8249.0
378,1.0,Ion Strider Prime-378,gas,std,two,hatchback,fwd,front,99.0715993025095,178.41055874065947,66.50997808324232,53.77799612788635,2414.0,ohc,four,122.0,2bbl,3.402376233282381,3.412280639976978,8.649398800409248,86.0,4790,26.0,31.0,9798.0
131,0.0,Ion Pulse Alpha-131,gas,std,four,wagon,fwd,front,96.1,181.5,66.5,55.2,2579.0,ohc,four,132.0,mpfi,3.46,3.9,8.7,90.0,5100,23.0,31.0,9295.0
24,1.0,Chrome Phantom Neo-24,gas,turbo,two,hatchback,fwd,front,93.7,157.3,63.8,50.8,2128.0,ohc,four,98.0,mpfi,3.03,3.39,7.6,102.0,5500,24.0,30.0,7957.0
617,0.0,Voltara Phantom Neo-617,gas,std,four,sedan,fwd,front,95.6442819602813,166.64061546537513,,52.90452951941961,2064.0,ohc,four,102.0,2bbl,3.184005164893055,3.033523237501761,9.034478284477196,72.0,4801,38.0,47.0,7456.0
556,0.0,Quantum Runner Sonic-556,diesel,turbo,four,sedan,rwd,front,108.08910120948643,186.39282065967993,68.3539094377527,56.631026482856456,3189.0,l,four,152.0,idi,3.7077121340211234,3.522682431713909,21.083286299775345,96.0,4130,28.0,33.0,14601.0
371,-1.0,Voltara Arc Z-371,diesel,turbo,four,sedan,rwd,front,115.15344172353332,203.60421743385015,71.59709309574467,56.299571164761474,3776.0,ohc,five,182.0,idi,3.5892942612678977,3.643117202049279,21.470004803724038,121.0,4346,22.0,25.0,21148.0
513,0.0,Nebula Spectra Z-513,gas,std,four,sedan,rwd,front,108.05386426768057,186.30384690580394,68.46254361039792,56.60298463742441,3043.0,l,four,123.0,mpfi,3.4777030176003803,3.1693289611368565,8.58053041212138,101.0,5002,19.0,24.0,14137.0
384,0.0,Ion Arc Sonic-384,gas,std,four,sedan,rwd,front,94.735570126255,170.41147903040968,61.79567517982219,53.46563504346044,2328.0,ohc,four,111.0,2bbl,3.334596619246661,3.2174364434898335,8.489850198502193,81.0,4801,24.0,29.0,8161.0
202,-1.0,Auralis Nova Omega-202,gas,turbo,four,sedan,rwd,front,109.1,188.8,68.8,55.5,3049.0,ohc,four,,mpfi,3.78,3.15,8.7,160.0,5300,19.0,25.0,19045.0
369,0.0,Zenith Arc Sonic-369,gas,std,two,sedan,rwd,front,100.99727201652085,176.54268828259313,64.8078714585075,54.28898508872112,2757.0,ohc,six,166.0,mpfi,3.312399052523286,3.192406901815017,8.893084664076632,122.0,4249,21.0,28.0,20439.0
555,0.0,Voltara Spectra Hyper-555,gas,std,two,hatchback,fwd,front,96.72823488618265,169.5299057470418,65.27782524277556,53.329939158901105,2220.0,ohc,four,109.0,1bbl,3.154658141587106,3.581732495511578,9.165933545742508,84.0,5778,27.0,34.0,8251.0
611,0.0,Titan Nova Sonic-611,gas,std,,wagon,fwd,front,100.1555216238628,181.8890008995744,66.86106194193067,55.10888994263384,2571.0,ohc,four,111.0,mpfi,3.1875281136075495,3.3888314090428806,8.933385434846738,87.0,5473,25.0,30.0,12134.0
388,1.0,Ion Flow X-388,gas,std,two,hardtop,rwd,front,112.12356124959025,199.97486836004666,71.94865859484747,55.535284265688986,3718.0,ohcv,eight,303.0,mpfi,3.7972917363428893,3.3661010757836047,7.975451405487384,182.0,4553,14.0,16.0,42748.0
293,0.0,Nebula Core Alpha-293,gas,std,four,sedan,rwd,front,101.1070304508286,176.5566824752194,64.75157115559769,54.465874877674004,2741.0,ohc,six,163.0,mpfi,3.3024956938527907,3.2261372035497176,9.112380709147013,119.0,4269,21.0,28.0,19928.0
257,1.0,Auralis Pulse Z-257,gas,std,two,hatchback,rwd,front,94.79230243886154,169.10963230187286,63.81263333808627,52.62996777160087,2323.0,dohc,four,97.0,mpfi,3.2332177712655046,3.0671224747741554,9.656663261321226,110.0,6650,26.0,29.0,9448.0
607,2.0,Voltara Phantom X-607,gas,std,two,hatchback,fwd,front,86.94735861155098,143.815234830214,63.83846463432489,50.83348357026089,1812.0,ohc,four,95.0,1bbl,2.9312950029907117,3.4074356556598,9.25055624839836,75.0,5952,31.0,39.0,6695.0
198,-1.0,Titan Drift Grid-198,gas,std,four,wagon,rwd,front,104.3,188.8,67.2,57.5,3042.0,ohc,four,141.0,mpfi,3.78,3.15,9.5,114.0,5400,24.0,28.0,16515.0
96,1.0,Auralis Arc Alpha-96,gas,std,two,,fwd,front,94.5,165.6,63.8,53.3,2028.0,ohc,four,97.0,2bbl,3.15,3.29,9.4,69.0,5200,31.0,37.0,7799.0
682,0.0,Stellar Drift Prime-682,gas,std,four,sedan,fwd,front,97.01511176095751,171.77427810479892,65.37815714644294,52.59536910545108,2342.0,ohcf,four,108.0,mpfi,3.6230566903327794,2.6256979974906653,9.100280248699939,93.0,5198,26.0,32.0,9672.0
170,2.0,Stellar Arc Alpha-170,gas,std,two,hatchback,rwd,front,98.4,176.2,65.6,52.0,2551.0,ohc,four,146.0,mpfi,3.62,3.5,9.3,116.0,4800,24.0,30.0,9989.0
582,2.0,Auralis Pulse Prime-582,gas,std,two,hardtop,fwd,front,94.64997075289152,162.0766935698209,63.63332896295497,53.274698047977935,2005.0,ohc,four,101.0,2bbl,3.153451535830777,3.2713695161055747,9.621928026098422,68.0,5209,31.0,36.0,7354.0
306,-1.0,Ion Core Hyper-306,gas,std,four,wagon,fwd,front,103.19615808922974,173.9258944080284,64.76993873106487,59.81969508223519,2502.0,ohc,four,123.0,2bbl,3.346412098242673,3.455527139907222,8.615445780224231,90.0,5041,24.0,29.0,9928.0
561,1.0,Cyber Phantom Omega-561,gas,std,four,sedan,fwd,front,93.9802871733953,157.39890462309936,63.98336942147443,50.77082141103642,2003.0,ohc,four,88.0,2bbl,2.979264036553004,3.2250778172064702,9.223204679719284,65.0,5488,31.0,38.0,7111.0
374,1.0,Zenith Runner Sonic-374,gas,turbo,two,sedan,fwd,front,94.01202567926006,156.10011182707842,63.817448437758294,50.61112223976932,2153.0,ohc,four,,mpfi,3.0243838162726773,3.3789966279231995,7.966197122120549,102.0,5518,24.0,30.0,8350.0
228,0.0,Ion Pulse Neo-228,gas,std,four,hatchback,fwd,front,95.73292202888884,166.4661576000688,64.3744827381182,52.802983199976126,2147.0,ohc,four,96.0,2bbl,3.178361289099893,3.041734225484081,8.922053880258188,66.0,4754,30.0,37.0,7876.0
144,0.0,Zenith Spectra v2-144,gas,std,four,sedan,fwd,front,97.2,172.0,65.4,52.5,2340.0,ohcf,four,108.0,mpfi,3.62,2.64,9.0,94.0,5200,26.0,32.0,9960.0
181,-1.0,Chrome Nova Sonic-181,gas,std,four,sedan,rwd,front,104.5,187.8,66.5,54.1,3131.0,dohc,six,171.0,mpfi,3.27,3.35,9.2,156.0,5200,20.0,24.0,15690.0
132,2.0,Stellar Core Hyper-132,gas,std,two,hatchback,fwd,front,96.1,176.8,66.6,50.5,2460.0,ohc,four,132.0,mpfi,3.46,3.9,8.7,90.0,5100,23.0,31.0,9895.0
48,0.0,Stellar Core v2-48,gas,std,four,sedan,rwd,front,113.0,199.6,69.6,52.8,4066.0,dohc,six,258.0,mpfi,3.63,4.17,8.1,176.0,4750,15.0,19.0,32250.0
325,1.0,Cyber Flow Hyper-325,gas,std,four,sedan,fwd,front,93.57377399292326,168.00900577294485,63.78693919230265,50.716279245234745,2193.0,ohc,four,98.0,2bbl,2.9621368865870785,,9.492413912006592,68.0,5487,31.0,38.0,7586.0
204,-1.0,Cyber Flow Prime-204,diesel,turbo,four,sedan,rwd,front,109.1,188.8,68.9,55.5,3217.0,ohc,six,145.0,idi,3.01,3.4,23.0,106.0,4800,26.0,27.0,22470.0
85,3.0,Stellar Core Z-85,gas,turbo,two,hatchback,fwd,front,95.9,173.2,66.3,50.2,2926.0,ohc,four,156.0,spdi,3.59,3.86,7.0,145.0,5000,19.0,24.0,14489.0
634,1.0,Cyber Strider Neo-634,gas,std,two,hatchback,fwd,front,94.31812280057558,156.11748574718214,63.615042057137735,51.89484889845536,1821.0,ohc,four,85.0,2bbl,3.0254532565368555,3.1113402913259343,9.645168135089566,73.0,5377,38.0,43.0,6152.0
566,0.0,Stellar Pulse Prime-566,diesel,turbo,four,wagon,rwd,front,114.63709129266866,198.97142738065614,68.25016107013387,58.82206133195791,3421.0,l,four,153.0,idi,3.7003874053210817,3.5056591479551407,21.064185170403594,97.0,4106,25.0,25.0,14813.0
612,3.0,Ion Runner Alpha-612,gas,std,two,hardtop,rwd,rear,89.75793530135437,169.22264243351285,65.10018253405732,51.52297745418354,2726.0,ohcf,six,193.0,mpfi,3.7446465779365132,2.9307169221976026,9.138486502979488,207.0,5911,17.0,26.0,33236.0
399,1.0,Auralis Pulse X-399,gas,std,two,hatchback,rwd,front,94.74311267924486,170.18293240751876,65.28988355479895,52.617367161915844,2816.0,ohcv,six,154.0,mpfi,2.6946267411295826,3.4864328932605826,8.884749827914384,156.0,5000,19.0,27.0,16812.0
92,1.0,Cyber Strider Omega-92,gas,std,two,sedan,fwd,front,94.5,165.3,63.8,54.5,1918.0,ohc,four,97.0,2bbl,3.15,3.29,9.4,69.0,5200,31.0,37.0,6649.0
83,3.0,Auralis Flow X-83,gas,turbo,two,hatchback,fwd,front,95.9,173.2,66.3,50.2,2833.0,ohc,four,156.0,spdi,3.58,3.86,7.0,145.0,5000,,24.0,12629.0
431,1.0,Auralis Drift Grid-431,gas,std,two,hatchback,rwd,front,98.93253695947337,175.1915388696712,72.42012069406626,50.462538446294815,3365.0,dohcv,eight,205.0,mpfi,3.9306252516987774,3.1146599413059888,9.892021113137634,287.0,5752,17.0,28.0,33507.0
120,1.0,Auralis Core Alpha-120,gas,turbo,two,hatchback,fwd,front,93.7,157.3,63.8,50.8,2128.0,ohc,four,98.0,,3.03,3.39,7.6,102.0,5500,24.0,30.0,7957.0
292,3.0,Chrome Core X-292,gas,std,two,convertible,fwd,front,94.9370933047346,159.612953687735,64.27950236078091,55.571508750970004,2248.0,ohc,four,107.0,mpfi,3.1808590735888997,3.3960369545764997,8.416653545360367,90.0,5515,24.0,29.0,10677.0
58,3.0,Quantum Core v2-58,gas,std,two,hatchback,rwd,front,95.3,169.0,65.7,49.6,2385.0,rotor,two,70.0,4bbl,3.33,3.255,9.4,101.0,6000,17.0,23.0,13645.0
322,0.0,Nebula Arc Grid-322,gas,std,four,sedan,fwd,front,95.6707364024789,165.8963439145714,64.26833247642308,52.834324932718246,2125.0,ohc,four,97.0,2bbl,3.2125289228328824,3.0384863314448864,8.838043942238379,68.0,4825,28.0,34.0,8246.0
258,0.0,Quantum Nova Neo-258,gas,std,four,sedan,rwd,front,109.32898525649017,197.1332210065135,70.98312176191618,56.40395007949225,3492.0,ohc,six,207.0,mpfi,3.6263969852733764,3.3896108581668125,8.17875031953193,186.0,5390,15.0,20.0,34888.0
672,-1.0,Auralis Nova Alpha-672,gas,std,four,wagon,rwd,front,103.6921377817536,188.8655367384321,67.23143768245583,57.66394954979337,3010.0,ohc,four,143.0,mpfi,3.7600982284008917,3.150399884633025,9.670323336298065,114.0,5378,23.0,28.0,13871.0
443,-1.0,Titan Phantom Grid-443,diesel,turbo,four,sedan,rwd,front,110.02807681378015,190.84269529624856,70.3682601191418,56.620598041344984,3505.0,ohc,five,184.0,idi,3.5665034561156674,3.6250083898014362,21.49867924320183,123.0,4368,22.0,25.0,27178.0
43,1.0,Zenith Runner Sonic-43,gas,std,two,sedan,fwd,front,96.5,169.1,66.0,51.0,2293.0,ohc,four,110.0,2bbl,3.15,3.58,9.1,100.0,5500,25.0,31.0,10345.0
618,3.0,Auralis Phantom Prime-618,gas,turbo,two,hatchback,fwd,front,99.15200361656152,186.6331516870158,66.36718164509868,56.24218979957913,2806.0,dohc,four,119.0,mpfi,3.5443151967676934,3.03894798297387,9.050452594974132,161.0,5477,19.0,26.0,16738.0
389,3.0,Zenith Nova Hyper-389,gas,std,two,hardtop,rwd,rear,88.81270924713372,169.84450573525325,65.07069993608077,51.55595390809232,2737.0,ohcf,six,195.0,mpfi,3.753811809427781,2.9012753320527676,9.217511925879712,210.0,5906,17.0,25.0,34073.0
336,1.0,Chrome Spectra Neo-336,gas,std,two,hatchback,fwd,front,95.66352502969826,157.84127215693215,63.606629368730815,54.52968157252581,1992.0,ohc,four,91.0,2bbl,3.0359940854728693,3.0339163803777502,,60.0,4838,35.0,39.0,5985.0
274,-1.0,Nebula Drift Z-274,diesel,turbo,four,sedan,fwd,front,102.72106756197826,175.16510229889732,66.3878554736082,54.927673030637294,2473.0,ohc,four,110.0,idi,3.254708937411064,3.3416644462659284,22.45000521167432,72.0,4477,30.0,33.0,10599.0
489,1.0,Nebula Core Neo-489,gas,std,four,sedan,fwd,front,105.5111246941994,193.80461404043803,71.48831105638695,55.82912390118247,2839.0,ohc,five,140.0,mpfi,,3.398029201006115,8.474611719410165,109.0,5460,19.0,24.0,18181.0
551,0.0,Auralis Core Prime-551,diesel,turbo,four,wagon,rwd,front,114.72367353531023,199.29250157119174,68.45060655852241,58.70368667016715,3480.0,l,four,152.0,idi,3.687355854651235,3.5385714677682043,20.91788606041254,93.0,4151,25.0,24.0,16171.0
54,1.0,Voltara Flow Hyper-54,gas,std,four,sedan,fwd,front,93.1,166.8,64.2,54.1,1945.0,ohc,four,91.0,2bbl,3.03,3.15,9.0,68.0,5000,31.0,38.0,6695.0
665,0.0,Quantum Runner Z-665,gas,std,four,sedan,fwd,front,96.75221367040639,173.77778710555546,65.30328803841286,54.52172089671584,2277.0,ohc,four,124.0,2bbl,3.3201054155043,3.473693567763927,8.487788755642402,98.0,5213,27.0,34.0,8922.0
129,3.0,Zenith Phantom X-129,gas,std,two,convertible,rwd,rear,89.5,168.9,65.0,51.6,2800.0,ohcf,six,194.0,mpfi,3.74,2.9,9.5,207.0,5900,17.0,25.0,37028.0
29,-1.0,Titan Spectra Alpha-29,gas,std,four,wagon,fwd,front,103.3,174.6,64.6,59.8,2535.0,ohc,four,122.0,2bbl,3.34,3.46,,88.0,5000,24.0,30.0,8921.0
184,2.0,Auralis Spectra Prime-184,gas,std,two,sedan,fwd,front,97.3,171.7,65.5,55.7,2209.0,ohc,four,109.0,mpfi,3.19,3.4,9.0,85.0,5250,27.0,34.0,7975.0
460,2.0,Stellar Runner Sonic-460,gas,std,four,sedan,fwd,front,97.94812209240504,171.57108504079966,65.48932925157492,55.53887441820178,2268.0,ohc,four,110.0,mpfi,3.216996351049106,3.3939303746394347,8.723569405714173,89.0,5223,27.0,34.0,8385.0
511,0.0,Chrome Spectra Alpha-511,gas,,four,sedan,fwd,front,95.6681166390049,166.2294437089648,64.52315380288219,53.0645955714682,2094.0,ohc,four,99.0,2bbl,3.2012941763809595,3.030835175919309,8.943249144774034,71.0,4756,38.0,46.0,7757.0
152,1.0,Ion Drift Prime-152,gas,std,two,hatchback,fwd,front,95.7,158.7,63.6,54.5,2040.0,ohc,four,92.0,2bbl,3.05,3.03,9.0,62.0,4800,31.0,38.0,6338.0
245,3.0,Nebula Phantom Omega-245,gas,std,two,convertible,fwd,front,94.37361832669794,159.32276583647214,64.1394308395986,55.54557432978132,2281.0,ohc,four,108.0,mpfi,3.1800351993726492,3.4065223152447954,8.28665970994715,90.0,5502,24.0,29.0,10724.0
544,-2.0,Voltara Phantom Sonic-544,gas,std,four,sedan,rwd,front,103.69507281514144,188.91353506714427,67.16630689153575,56.23331073688621,2938.0,ohc,four,141.0,mpfi,3.7886613803693043,3.1666479682799475,9.613166607456776,114.0,5372,23.0,28.0,14746.0
545,0.0,Cyber Nova X-545,gas,std,four,sedan,4wd,front,97.15140446656461,171.9812206378151,65.34133554595117,54.24885427084637,2350.0,ohcf,four,110.0,2bbl,3.597657035439177,2.635152532352174,9.125480005277156,83.0,4812,24.0,25.0,9337.0
640,0.0,Zenith Runner v2-640,diesel,turbo,four,wagon,rwd,front,114.19057552257188,198.45984034281156,68.33122292753721,58.74739661721861,3521.0,l,four,151.0,idi,3.7031172260108858,3.5154472295606007,20.82430422481834,97.0,4148,25.0,25.0,16202.0
266,1.0,Zenith Runner Hyper-266,gas,std,two,hatchback,rwd,front,98.29294519677373,175.16592677064384,72.25979651072373,50.78140122004704,3375.0,dohcv,eight,204.0,mpfi,3.9614749951224484,3.0943153188749593,9.695882138849145,287.0,5772,17.0,28.0,34290.0
289,0.0,Voltara Core Alpha-289,gas,std,four,sedan,rwd,front,93.80963484002304,170.43919035374574,61.79065699708207,53.41315692871137,2316.0,ohc,four,112.0,2bbl,3.301510639492196,3.233415509260789,8.391350600318725,79.0,4775,24.0,29.0,7747.0
424,0.0,Ion Runner Alpha-424,gas,std,four,sedan,fwd,front,96.09598313043385,172.5588901329415,65.31129490122719,54.81398429882441,2282.0,ohc,four,123.0,2bbl,3.310923526733373,3.420692948779755,8.060396509704361,97.0,5185,27.0,34.0,8864.0
148,0.0,Voltara Phantom Sonic-148,gas,std,four,wagon,fwd,front,97.0,173.5,65.4,53.0,2455.0,ohcf,four,108.0,mpfi,3.62,2.64,9.0,94.0,5200,25.0,31.0,10198.0
660,2.0,Auralis Core v2-660,gas,std,two,hatchback,rwd,front,98.24202838882728,177.54720052371627,65.6496635712243,51.767087544890714,2530.0,ohc,four,145.0,mpfi,3.6082887857192363,3.4910742599679048,9.18618763288147,116.0,4790,25.0,30.0,9969.0
178,-1.0,Titan Phantom X-178,gas,std,four,hatchback,fwd,front,102.4,175.6,66.5,53.9,2458.0,ohc,four,122.0,mpfi,3.31,3.54,8.7,92.0,4200,27.0,32.0,11248.0
100,0.0,Cyber Runner Sonic-100,gas,std,four,hatchback,fwd,front,97.2,173.4,65.2,54.7,2324.0,ohc,four,120.0,2bbl,3.33,3.47,,97.0,5200,27.0,34.0,8949.0
449,0.0,Stellar Drift Sonic-449,gas,std,two,hatchback,fwd,front,96.23602375894244,167.17046775121705,65.2193560739411,53.39150467933958,2253.0,ohc,four,111.0,1bbl,3.150354623687175,3.587151977082083,9.254016042036023,84.0,5830,27.0,33.0,8161.0
432,1.0,Quantum Spectra Neo-432,gas,std,four,sedan,fwd,front,93.55092972793834,166.85030122318503,64.20100959758103,54.202297800185264,1977.0,ohc,four,94.0,2bbl,3.0166959315520976,3.1268497523396057,8.913556098063767,67.0,4990,31.0,38.0,6921.0
116,0.0,Stellar Flow Neo-116,gas,std,four,sedan,rwd,front,107.9,186.7,68.4,56.7,3075.0,l,four,120.0,mpfi,3.46,3.19,8.4,97.0,5000,19.0,24.0,16630.0
73,3.0,Cyber Core Z-73,gas,std,two,convertible,rwd,front,96.6,180.3,70.5,50.8,3685.0,ohcv,eight,234.0,mpfi,3.46,3.1,8.3,155.0,4750,16.0,18.0,35056.0
538,0.0,Cyber Arc X-538,gas,std,four,sedan,fwd,front,94.16248697338911,159.14026578624498,63.672356037888086,51.921672429372855,1884.0,ohc,four,92.0,2bbl,3.032184114971988,3.083723953504098,9.361293789372299,70.0,5384,39.0,42.0,6755.0
678,2.0,Ion Drift Omega-678,gas,std,two,hardtop,fwd,front,94.98705059184412,162.77205408907994,63.71998913406747,53.25417732409614,2013.0,ohc,four,94.0,2bbl,3.162394606158436,3.3024474003662174,9.229349324855212,69.0,5182,31.0,37.0,7570.0
695,2.0,Quantum Strider Hyper-695,diesel,std,two,sedan,fwd,front,96.68183554646656,171.38037541079714,65.43048084819787,55.71803443384685,2268.0,ohc,four,95.0,idi,3.0183169487500967,3.4003109626673127,22.831164442214984,53.0,4781,37.0,46.0,7909.0
175,-1.0,Nebula Arc v2-175,diesel,turbo,four,sedan,fwd,front,102.4,175.6,66.5,54.9,2480.0,ohc,four,110.0,idi,3.27,3.35,22.5,73.0,4500,30.0,33.0,10698.0
88,1.0,Quantum Drift Hyper-88,gas,turbo,four,sedan,fwd,front,96.3,172.4,65.4,51.6,2403.0,ohc,four,110.0,spdi,3.17,3.46,7.5,116.0,5500,23.0,30.0,9279.0
552,1.0,Zenith Runner Omega-552,gas,std,two,hatchback,fwd,front,94.00908090441824,156.88277101147798,64.0976736303022,50.92540911229994,1914.0,ohc,four,94.0,2bbl,2.970320439624866,3.2072910703048096,9.378927465204773,,5516,37.0,41.0,5822.0
487,0.0,Voltara Pulse Hyper-487,gas,std,four,sedan,fwd,front,96.38392663950142,174.16538927085787,,54.206608703489636,2480.0,ohc,four,111.0,mpfi,3.1624383640610785,3.567521249108021,9.029657108161379,101.0,5795,24.0,28.0,12356.0
315,1.0,Stellar Pulse Grid-315,gas,turbo,four,sedan,fwd,front,96.19984111981648,172.67984036863078,65.50295274961496,51.698974077530096,2400.0,ohc,four,108.0,spdi,3.1605912838260135,3.4826695805860424,7.529229777205846,117.0,5456,23.0,30.0,9540.0
397,0.0,Stellar Strider X-397,gas,std,four,sedan,rwd,front,107.45438168355848,185.59172604951866,68.33374598972972,57.01038853201105,3078.0,l,four,119.0,mpfi,3.4639277408770277,3.211531716336314,8.548652333433093,97.0,5017,19.0,24.0,14922.0
601,3.0,Auralis Arc Omega-601,gas,std,two,hatchback,rwd,front,95.5336984595986,169.06634804166848,65.9874457850136,49.62976757151817,2391.0,rotor,two,70.0,4bbl,3.324397717723341,3.242242696608861,9.239515745852158,98.0,6011,17.0,23.0,13077.0
473,-2.0,Ion Flow Neo-473,gas,turbo,four,sedan,rwd,front,104.078467434163,188.39837810773957,67.19729558542403,56.14871030135038,3056.0,ohc,four,128.0,mpfi,3.64964801105876,3.131927380624583,7.661997353076361,163.0,5129,17.0,22.0,18193.0
71,-1.0,Quantum Phantom Hyper-71,diesel,turbo,four,sedan,rwd,front,115.6,202.6,71.7,56.3,3770.0,ohc,five,183.0,idi,3.58,3.64,21.5,123.0,4350,22.0,25.0,31600.0
600,,Ion Phantom Hyper-600,gas,std,four,sedan,fwd,front,92.98910319180794,166.00485126061412,64.18114513032471,54.10002290710958,1946.0,ohc,four,95.0,2bbl,3.0185927680563878,3.1369084635748696,8.84358385933656,68.0,5000,31.0,38.0,7185.0
278,0.0,Nebula Pulse Neo-278,gas,std,two,sedan,rwd,front,102.06775380668262,190.7540289467207,70.66588039564924,48.06815010738754,3969.0,ohcv,twelve,321.0,mpfi,3.5491435820240294,2.773413491501398,11.324839920955789,262.0,5001,14.0,16.0,37111.0
10,0.0,Cyber Core Omega-10,gas,turbo,two,hatchback,4wd,front,99.5,178.2,67.9,52.0,3053.0,ohc,five,131.0,mpfi,3.13,3.4,7.0,160.0,5500,16.0,22.0,17859.0
360,1.0,Ion Phantom Alpha-360,gas,std,two,hatchback,fwd,front,94.40376867223674,,63.80195145570256,53.35304610269249,2079.0,ohc,four,96.0,2bbl,3.1614992872637857,3.2793399836420942,9.47730646392453,67.0,5208,31.0,37.0,7570.0
193,0.0,Nebula Phantom Sonic-193,diesel,turbo,four,sedan,fwd,front,100.4,180.2,66.9,55.1,2579.0,ohc,four,97.0,idi,3.01,3.4,23.0,68.0,4500,33.0,38.0,13845.0
630,3.0,Quantum Drift Neo-630,gas,std,two,hatchback,fwd,front,98.96648756560745,186.46262832957916,66.53665711168208,56.3564355939444,2722.0,ohc,four,120.0,mpfi,2.5182359397382617,2.075113982918329,9.235262228417206,108.0,5224,21.0,28.0,14766.0
560,1.0,Titan Arc Neo-560,gas,std,four,sedan,fwd,front,93.81449006599475,156.8912231737439,63.746578302700414,50.51394458608777,2016.0,ohc,four,88.0,2bbl,2.9696280470962395,3.214451068059372,9.269731883915366,68.0,5494,31.0,37.0,7381.0
685,-1.0,Auralis Strider Neo-685,gas,std,four,wagon,fwd,front,103.70293881398435,174.87031807770646,64.54532901834473,59.782253870759824,2548.0,ohc,four,122.0,2bbl,3.3675617733266603,3.442699495534315,8.440308136467015,88.0,4985,24.0,30.0,10088.0
