subtaskID,datapointID,answer
1,1,9000.0
2,1,4443.0
3,1,15.510666666666667
4,1,412.0
5,12618012,111.54207463863992
5,19091177,118.60334341026085
5,14793975,94.34763083418476
5,17338539,148.56753101411385
5,16351902,14.808119570839914
5,10116277,224.31659640149988
5,11045810,61.87652894396087
5,10825501,39.198295696760425
5,19727017,103.46184216945906
5,16451525,98.30668648623268
5,19783354,171.20278464343264
5,15890999,11.160409659953373
5,13899986,56.88356733663105
5,19266216,109.88422854241485
5,10836299,154.57622975651455
5,10712930,10.261465470263625
5,17110501,199.75081887459294
5,12449126,234.7502043378181
5,18063957,109.70272607617093
5,16379355,185.27903343732018
5,11895218,3.804605911385586
5,14242881,157.77838850202056
5,10531383,8.775603939950937
5,13363777,82.00932220448315
5,12810706,165.3629365753921
5,18327170,109.00594555669957
5,16994274,9.52196773024153
5,19197815,160.06018703698766
5,19263638,70.34107905452014
5,17355831,13.448384491057226
5,17878231,101.9608176437517
5,19389535,41.45467646315835
5,15556930,6.461061047249556
5,14412517,171.94365128652038
5,18869437,8.55745913793398
5,16680862,10.635609111634082
5,10694934,139.7948604721136
5,18511325,43.90252776596887
5,18888478,145.3087358475308
5,19238785,14.87443694368926
5,12356410,167.12717857477818
5,16009926,63.17952296925478
5,17749763,76.81061496718819
5,17157156,68.15445889135827
5,12828450,14.223049063340877
5,18672521,44.06654145176715
5,17374859,82.66377236006497
5,11018598,89.33346214222001
5,12198133,12.109024603649972
5,11942073,17.167281351106784
5,13924806,39.01546651940676
5,18937879,165.5418269627414
5,16743442,105.18565047856296
5,15558386,18.196875592204623
5,19894490,69.4969663961538
5,15119296,13.052580770667735
5,16616271,7.047883604969708
5,18729355,47.99455367850432
5,13361468,52.24322401204158
5,17765743,160.39923120033586
5,19508477,35.044289048121534
5,19249358,194.57969684807156
5,17119426,207.0538069461117
5,17189450,26.654513883038927
5,13211594,69.90339839601494
5,12458777,36.66180429789628
5,13407292,29.678825172687734
5,12356630,107.14178690825823
5,12338147,71.02080446754961
5,15769427,131.92724812215607
5,11323469,123.98875317245522
5,17333762,127.69012166995645
5,12990892,124.60438799438298
5,16817348,36.65246483276989
5,17127278,28.050350019686153
5,13574028,18.905460868150342
5,17423465,89.47369397796112
5,18468299,215.01359510765332
5,15628837,71.86877363092277
5,14634993,91.80854667746858
5,10928223,143.24684349892544
5,18069339,135.33789553687916
5,17643401,68.50010411625419
5,16169462,17.486726787793053
5,17547681,87.73881099798359
5,17283720,18.059572271716764
5,10561982,144.76244981290046
5,14039719,104.46633589087739
5,10794997,221.25117420615564
5,10018110,0.9378816835318432
5,18735761,119.79451764192332
5,15744627,170.14380741315568
5,15059795,201.31151782356747
5,18430900,99.57282453094953
5,12667831,61.077626237195446
5,11602835,174.38265967362287
5,15322514,12.227954352419543
5,15319150,17.09075603666322
5,10881697,80.35475268381823
5,10825665,105.30978546338984
5,13473399,27.46890345791044
5,19159482,92.4743029823451
5,10444932,170.6807784202381
5,15360654,111.96548678981297
5,18695596,21.947797082002385
5,13153010,152.88192617848384
5,18672971,63.68418667582332
5,19809046,59.853933050177446
5,16646640,74.41806654017202
5,14777293,128.32219376540377
5,11110860,107.31912007596526
5,10539965,10.042612422545456
5,16627485,180.02648693117862
5,19090637,79.23020387556865
5,11989680,22.969034609707162
5,13065291,2.863395250458452
5,15798518,5.477574632595931
5,15168455,127.5125866892073
5,10244000,20.009959834029416
5,19257291,204.04373947049677
5,19531529,13.495939309096297
5,12359689,6.586723174613681
5,13441099,158.50983338114645
5,19827274,6.798396200398009
5,17322643,81.29196673237105
5,13195956,110.1267601314039
5,17663119,195.92561960518844
5,19669914,24.171195939468397
5,10918689,23.766920288148537
5,11960136,20.977121575861332
5,18230287,40.6927511210175
5,18979629,182.55444801767078
5,17433265,13.14628297905361
5,17960278,2.3054647575023717
5,16271091,91.09335339194365
5,18551283,171.64174824411754
5,16216461,94.91323928613245
5,16117769,192.9785688023897
5,12689269,146.4561800980096
5,19326172,63.6240921881573
5,13287939,180.17848228346787
5,13714216,109.57760099534745
5,13174651,101.2520415446592
5,18740257,27.356332631273236
5,10710082,130.03242973813602
5,14770855,49.0107473947729
5,18341246,59.34091355002803
5,15135191,27.375719821779988
5,15988910,132.51907563451638
5,11878559,146.22338300543007
5,18862206,98.29124557257684
5,14418793,39.78327521962418
5,18542347,185.1382290716965
5,16729306,130.60034295372202
5,19840207,95.66584243048463
5,16699098,27.087654783565117
5,11461538,70.98557692655565
5,19477257,12.241416229067283
5,16938655,70.4675180331802
5,12383652,125.69131779992823
5,18244509,190.59265765527186
5,13060955,175.01454071085644
5,19000838,189.67849477464947
5,17528796,8.718069569861271
5,14806687,155.2219560800066
5,14350302,103.62369561046258
5,13506287,28.907762913731318
5,11300933,97.42437579801249
5,19381713,27.001158634944286
5,11979612,138.81931722372775
5,10098080,166.98857226798654
5,16408479,4.40603217935742
5,13646720,117.27915134165858
5,15486264,10.035368931889085
5,16753882,108.41114386888006
5,18710123,97.097606452939
5,19642041,7.722120818168734
5,19767750,14.392254005030512
5,13625777,62.591572234204
5,13976502,12.273448842653083
5,17741084,87.64193699297118
5,19936530,142.42251020922703
5,13344313,155.78378312371933
5,19287036,136.61935145120984
5,14179764,60.74171664808497
5,16819144,117.57245393592132
5,17831465,46.175741420449334
5,15381428,35.13640290715738
5,18954962,40.70814309809721
5,18233224,14.500057020807542
5,11748435,66.81703646757589
5,13052693,174.05596440324183
5,15613656,158.54596782962824
5,14933337,138.06076943207975
5,17994890,46.57124546627373
5,16968340,4.173686751286042
5,13315538,106.96757458387388
5,14218053,59.82528951140485
5,11833919,62.67545078597247
5,12072028,197.7055797250741
5,19403638,12.999679592678218
5,16724473,45.59092963572347
5,13817167,115.36892633626712
5,12782916,58.5237258336465
5,19976691,23.896260930480867
5,16250104,57.00987489634346
5,15005212,109.10255117581275
5,12664301,36.78027246302541
5,13763629,126.09235986775865
5,18476144,120.88559008567053
5,17437832,70.74684781777201
5,16445155,23.084334866106822
5,13224828,17.839419371125913
5,11560169,122.41626176300808
5,13454914,71.82173000407141
5,12860108,82.90002972674802
5,13932492,143.2009334709296
5,19123344,12.41786974879893
5,16664880,23.43151453635204
5,12342367,35.31742186183524
5,12285465,83.92125055403723
5,11372824,174.3266510842214
5,14275480,67.49466664895589
5,14405359,71.12457227571291
5,18271631,14.134481143541427
5,16104833,45.31283602638973
5,18448095,187.35693831005682
5,16429150,205.33245111440806
5,12242593,104.2995425570497
5,17949654,71.49132638375623
5,12747729,98.20731047557575
5,18538549,20.501999243315332
5,10580206,21.568239851014646
5,14321936,116.43861087951169
5,11074364,19.536146342977542
5,15740279,135.62724463027496
5,18346384,110.45919197132929
5,19981365,59.36346622783721
5,11501754,72.4582940065533
5,19744649,161.89276045726214
5,18994550,97.97512288742304
5,19136513,148.97518338136837
5,15984339,201.98629181963648
5,10796536,37.02620253852242
5,10282425,32.54927134044141
5,19128492,153.76408486346918
5,13591182,12.955402953966125
5,18051437,252.3159563338099
5,16697958,11.023395424858208
5,15592834,65.60054633486271
5,14314137,146.05039305656905
5,13750554,3.7669139582519864
5,13487036,15.795166719924499
5,10749574,136.86566361790997
5,14081271,121.65281192399337
5,16224786,122.78396459458945
5,11042324,15.1114654855814
5,16105371,21.303381119529
5,11667896,223.03952330102734
5,14366581,51.60194982733406
5,12157165,43.928588798862606
5,19387485,167.579131212029
5,10459338,19.21424219245567
5,11152622,204.35132048489172
5,13457325,101.04081672707079
5,12411719,169.94103403155015
5,15832325,59.03287620925007
5,17954973,108.25753584763143
5,19340793,61.45540786736083
5,12036626,18.543610373005922
5,17220443,93.64721853602641
5,16335507,158.95756732578045
5,16687866,126.27037908201564
5,18522331,165.9792057280607
5,19434121,154.98929192950894
5,14522123,176.0339505767738
5,18634285,76.99353862671497
5,18129570,164.61260334200955
5,13450973,15.53900705726999
5,17422182,40.83309690978629
5,11751495,68.06304494503193
5,16984579,114.55384565196097
5,15387103,73.99362945435294
5,14837578,149.6829680613878
5,15768703,5.767810861892139
5,11548493,41.03931241032536
5,18834955,197.79186602165893
5,13439821,60.34329220117113
5,18450755,21.21716130419323
5,15297308,43.11526977141933
5,11275491,49.71251529374197
5,11126268,203.9111015972159
5,17499855,5.323930959167213
5,15740386,114.62692452705822
5,10890510,136.80880946421948
5,19536090,28.249646803357415
5,17551114,78.84927051326146
5,16518456,75.30927032555083
5,12528072,47.8651461292326
5,17285679,88.1230318056573
5,11907551,51.366943826194465
5,11541562,110.80517868758982
5,18176641,102.94955073001348
5,11692750,22.547510804928134
5,12823734,19.939346314389944
5,19188007,37.509532136982195
5,15581071,89.121448882134
5,17813684,108.68861333998312
5,14011540,47.4846248424689
5,11264158,92.0157215095222
5,16594775,105.36778345991753
5,13705508,82.28423085267956
5,11877426,39.282631407018314
5,19866430,192.5319434209046
5,11754581,65.91025550571023
5,13060087,182.9089405157003
5,19917787,90.96415203863404
5,11790615,42.622023687809666
5,15353445,185.10276635623075
5,18710987,202.50267891989392
5,19595247,175.69688659074825
5,18448080,105.53312625723487
5,19549987,81.82779710769401
5,14365768,89.69663939968346
5,17552338,83.83582108628386
5,16915381,75.4110788717328
5,16002571,207.96954622879375
5,13004444,168.37978774911141
5,16819064,4.822220703149294
5,17017700,131.8032292343296
5,12508360,167.78839831107527
5,15402342,182.17194272932105
5,16755976,22.317524395455468
5,17537770,20.944731569696362
5,10024532,43.22266753905154
5,17444981,181.70195172497796
5,16486205,7.1639278372687
5,13724082,72.3951756292985
5,11390594,138.81650939851835
5,15126338,24.083071085591435
5,12859082,73.92722944592268
5,12685054,231.5892744461149
5,15284867,174.17045121970045
5,13531243,140.1046452567105
5,13952760,184.94307175608438
5,15708155,109.47564433217714
5,17603335,207.850868860975
5,11601952,40.517534009606926
5,11955633,44.61957181045278
5,14855731,83.1330965833033
5,17840335,49.96064906776554
5,15325109,93.03589720967679
5,13581119,132.7761370359596
5,16677705,146.32589975732824
5,12094559,28.360074054800616
5,17544745,133.6748166119523
5,16280456,71.50545361183632
5,18557816,100.13389788413147
5,13717383,70.32078271488534
5,19206216,69.08077778782092
5,13275235,55.22113378033753
5,17062945,7.957416841842081
5,15154342,30.378773028920378
5,15372564,151.09423466635394
5,15264601,71.39761206549296
5,18703308,83.56180646964432
5,16557786,116.0281467066459
5,15381496,22.77157422075191
5,18057181,200.2862594359746
5,17244118,33.50175363043542
5,10918735,11.023464665535382
5,14784975,88.76071498150608
5,14707792,14.028350581329997
5,12625925,7.207272178918935
5,11396446,8.558557596212708
5,14693952,52.314576024007174
5,16783172,125.73890519505971
5,12940540,219.12505540296956
5,18886629,89.22808374623271
5,16282341,116.7434067433652
5,17120658,20.289852527278445
5,18436826,19.662195360669678
5,13993293,130.87847166171926
5,14333587,51.83443788510008
5,18157346,31.919425533861194
5,16630436,48.339330695809046
5,12544528,9.243800401695678
5,16711357,23.540834947703104
5,11438547,156.88872942305377
5,17621107,46.00643053565798
5,13648998,11.038225909629189
5,11488373,18.997300445015572
5,19876880,184.6572511542423
5,11031105,92.02193286827908
5,19287279,93.42950736775074
5,14018168,108.37584543857324
5,10748485,8.890276257918494
5,17800524,46.72672820654726
5,11577645,116.62455923679352
5,16606738,73.54186977460658
5,14524071,229.21011897773917
5,15569252,195.9492218868063
5,11209368,20.412147955814714
5,19884433,120.83855765910452
5,16182847,65.0616773201915
5,16190465,126.75821694153997
5,11551381,63.07016361185707
5,16726083,29.439173466913175
5,16361546,215.2656941461116
5,12772229,144.2340417306719
5,17933676,107.42659582212394
5,13633470,168.55660644448648
5,17140133,105.49391888737595
5,15502888,18.17169676650822
5,10773809,118.68516266987884
5,12143206,78.40924909116195
5,19928569,73.27586244903111
5,13059472,41.35231253808001
5,14505657,184.9011317125877
5,16065704,34.04531489062261
5,15620975,51.1314843347899
5,14090060,104.91186199081046
5,17071722,184.00157523825155
5,15638062,195.87428424579363
5,18567239,53.441267910906326
5,16838476,7.599470717605948
5,13602949,33.14575462737767
5,12664418,38.24396797187306
5,11643863,57.35961411184917
5,15405311,195.88105656061325
5,14340817,101.53013547135608
5,13920685,73.0031586266751
5,18468151,161.28084638341147
5,18288565,193.35320949936425
5,18893427,137.9490994259461
5,19171424,45.82693657093886
5,13325992,111.57055513113053
5,10420513,161.10909323563212
5,13056465,69.84914628813056
5,12989515,2.91529703147125
5,15839894,128.49192142202992
5,16743693,218.32610653294867
5,17757572,32.138743807795414
5,13599191,51.368918776768275
5,18750212,14.174168043375039
5,14565252,131.3448216346527
5,19596964,73.84921527566044
5,10522660,11.85778346839226
5,14508404,120.23975133920929
5,10157722,9.80944519710198
5,18720583,186.6892860034309
5,13600092,133.1207928699599
5,11460469,84.05277858074636
5,10211651,99.11569297825821
5,10285749,184.91646290149563
5,11714883,49.10533771038212
5,10387714,105.7041893364774
5,16394867,14.684165817619226
5,10539993,36.010075635544766
5,11466227,122.50191544787874
5,16067519,39.56691252761788
5,10153634,205.87595248448594
5,19287759,164.55525259413903
5,12459992,48.319551629037946
5,13688825,108.18812754801858
5,12571479,107.11950414227042
5,16988763,140.27485029193528
5,15644082,47.4294181379071
5,12028491,60.67426276307398
5,16987189,74.92138690250167
5,19162034,108.14175457020094
5,15946455,64.37846862231267
5,12793069,173.38997778795908
5,18863989,20.839184170078628
5,18374621,19.30838814383661
5,18731530,31.95057434787865
5,13420481,150.58430594931883
5,13100619,104.82626963981524
5,13340271,28.992600406244474
5,13340241,24.801126471196888
5,14457241,53.540656609188716
5,12941537,108.15538346326235
5,14959313,6.062239966430231
5,18090813,59.689240481694036
5,15523047,79.6149584397124
5,17993440,54.328401455951976
5,17164452,41.63281819729287
5,12757736,56.706102979095085
5,13786166,24.953598962139985
5,17604950,14.205335161515043
5,11434216,16.52028892863171
5,14450070,1.4288249673256468
5,13777657,163.25510224240193
5,15886505,102.55305361911596
5,17138415,201.98097438924094
5,11935699,228.90025580412134
5,14824148,89.5845191623024
5,11986136,86.76590205023304
5,12432221,194.99228978458788
5,14640211,81.8029198932324
5,11897307,99.58555734546746
5,13856177,5.758220307090982
5,10574325,62.391427674015574
5,13266243,160.93060042729695
5,15529015,31.236436620746996
5,10072976,178.30510696292376
5,18933605,147.99120962717183
5,13603620,103.21729486449499
5,13445073,80.06713855057261
5,14080154,109.12894408203618
5,16205704,136.95862576574996
5,10693778,19.70832060278712
5,19323335,93.65624843242722
5,13848826,88.21341979331423
5,13884548,57.07451493885763
5,10587584,49.16189941220373
5,18065129,8.317727995828026
5,16913021,153.471289231247
5,16702354,57.77750752663001
5,15824904,109.99465791071869
5,13344050,115.61581013646291
5,17580254,69.55324646498546
5,15685526,214.86533544959397
5,13039661,89.8780862963992
5,18586925,184.30349366092403
5,15576113,254.24300938638325
5,19375141,156.74160645882486
5,16694676,109.14212061849983
5,13835087,29.358240358113623
5,16259053,8.261693918799274
5,16498944,92.03741089202713
5,11292568,156.89622938432623
5,10020017,61.64876441867921
5,10910225,34.804881566929005
5,17946518,181.35799415032062
5,13505915,34.70867848359197
5,11007329,75.91735836735243
5,13712094,40.18933862425306
5,17995892,94.79222841055842
5,17363915,16.500020859299976
5,13418066,114.87574342343582
5,15395187,210.50882822833154
5,12689171,183.25334018699044
5,17619111,13.182148103561737
5,11111864,61.08913640296567
5,17907212,54.79363756226082
5,17404107,31.011283488552714
5,16806257,118.80901935861387
5,15424186,75.16315460887742
5,11224313,111.93509334555465
5,10664035,39.94682323585984
5,10660238,49.52826646932354
5,10196902,64.28587787898728
5,16784301,131.1194265819374
5,14839368,80.28233869513895
5,17427573,63.131268299914424
5,18557561,118.62722016548203
5,14978675,68.59220445741477
5,12178337,171.81276371200877
5,19463444,170.83133420853449
5,18003086,131.40737992074332
5,18011705,87.33525756916775
5,18609652,66.78152291591344
5,12640980,22.36219664292808
5,19278649,50.133859518069706
5,13124716,26.38524534679767
5,19246830,113.90245431143333
5,17211799,82.97238766835235
5,19113292,192.77930759768816
5,14025178,50.01091803646852
5,10264634,46.637236379124346
5,19390875,7.006246937261013
5,17951389,73.6979959952325
5,16491591,12.86958442716541
5,11183357,200.66154085694794
5,11182154,101.4399245495344
5,10324890,155.7183112769219
5,13674580,76.87660401001877
5,18715496,17.66619625135278
5,16614243,23.343833491635994
5,12492743,157.12996392202135
5,15115764,176.46812940860343
5,12212390,89.87442345196435
5,14106041,111.83440502811146
5,18581496,137.97131528348385
5,16944003,134.17455475621938
5,16042856,71.93250606111839
5,14157184,35.551231350376966
5,18023166,7.862187231859352
5,13076521,117.58696174226888
5,13235889,19.188060241848003
5,19236065,128.90691136409365
5,18609449,130.1324916236025
5,18097581,190.36894396326562
5,13713618,27.70965635173136
5,15651260,44.20169509810883
5,18663752,202.14886945075781
5,17645999,88.33245307663306
5,11123367,10.694445735155195
5,16686123,178.87129152721283
5,17967445,146.80218465170915
5,19805700,14.725271978326811
5,13782587,44.889795169266264
5,11886308,186.43240103857926
5,15676609,38.81718801968246
5,11185403,188.0696535214688
5,12803220,11.21097312435339
5,13770313,20.310968969617242
5,17522821,143.5082155008581
5,19776046,205.59834027342308
5,15719420,179.30144626980632
5,18319225,54.04320806044189
5,12076075,32.00938387112572
5,19180237,137.9738485694599
5,10408742,223.18465536244432
5,13087325,7.980036799910033
5,11769903,38.40787950210649
5,10752745,4.861397484675504
5,14821297,44.23635532280149
5,10772399,265.90659564256237
5,12407086,12.162980007415221
5,11127351,51.91818354228486
5,15837100,96.89119689745134
5,14545182,25.790829238112362
5,16016396,115.09012239681714
5,17146357,12.5823486081453
5,13256736,48.13459500356624
5,14216138,143.39087420227602
5,14701673,55.41950233726108
5,11134969,158.36879250537976
5,12385786,8.509860950155899
5,10837809,123.41613120694504
5,14526073,122.00231452908437
5,10652326,154.40010922659582
5,10258535,200.70854552352492
5,17040174,37.44364766801481
5,10757752,52.87428009206811
5,16843490,207.93590210558963
5,15582287,31.95128606885672
5,14250390,152.91977597217576
5,14806334,69.54364861289163
5,10625848,211.96533449577217
5,10578948,108.13276504586517
5,11961698,65.87745918316789
5,11499460,16.78022980965101
5,19903249,101.87456379029568
5,19330869,15.546029251123732
5,13474816,70.50833654363112
5,16193075,26.08978375250917
5,12000656,68.78498281338078
5,18347183,63.99575232525724
5,15339233,3.2653972291531117
5,16828456,78.71214493843304
5,13000045,65.17448121540302
5,14080744,69.59160162660014
5,16428584,35.51721548550219
5,18481194,171.6104131287776
5,11227552,11.87001615596377
5,17316651,59.53643452069044
5,13333307,63.17553957459245
5,10252634,22.81839772191692
5,18695655,4.916575329745398
5,18665048,5.367579688554866
5,16730124,15.429977150012016
5,16231827,134.17932663401697
5,11917559,177.51937896520985
5,16840126,19.50728330711442
5,11976117,68.14661073072942
5,13954641,19.825015892095365
5,13647759,50.030552207451436
5,15147321,178.12350622635248
5,15101589,13.166424009872838
5,10433921,192.7289428943488
5,13293493,88.3072973581617
5,19577504,9.961767269246383
5,15735838,80.23266331831734
5,18442309,23.515413046239598
5,13066498,154.97039442908607
5,17469173,177.71713314426773
5,19579809,174.03441079509366
5,13254997,123.35022508179678
5,10719858,184.41761732557993
5,18427928,148.05412712083108
5,13777887,178.61558635483703
5,11145396,147.35230928115254
5,16297888,199.42203353634602
5,19870086,36.475236646273096
5,17973811,143.76123881490733
5,15688364,157.8793306695691
5,11403023,167.3082619157778
5,17175628,72.06207095183929
5,16801836,125.32534267978546
5,18690190,118.63150905846695
5,10679574,155.50994551320198
5,16027618,12.981999241748062
5,13447521,243.7580146355554
5,12668017,72.9672111641364
5,15467028,175.29486099647795
5,13987318,58.8007076906041
5,12251009,137.3329014847645
5,15983344,69.68327556750074
5,11626079,40.10796094218792
5,11895465,40.79560940250434
5,17885241,13.025500958742125
5,17167096,156.93910347594934
5,11519009,116.10535448812612
5,16116547,66.40284156537392
5,16255198,27.724310214244213
5,13695538,181.52320732909075
5,14139725,76.69273466760716
5,11852308,84.50419323409581
5,19486187,93.01955138759716
5,12615468,161.0868339428303
5,11799772,118.1665467397363
5,17216441,33.02936770053274
5,12354924,67.61843995960474
5,19855775,182.64375018929707
5,16221437,147.96672094186604
5,14711095,10.387134344531468
5,14896158,179.2419021738954
5,18802617,167.670741646154
5,19484612,90.99820865667323
5,10875764,133.50515235547533
5,14771776,99.80033724252007
5,17968647,89.25608370891364
5,15149196,94.58426214070778
5,12868053,5.481772527745896
5,12752294,184.86459482274088
5,11539382,40.45983562987738
5,18310270,191.79304945952137
5,18616446,9.91233114197756
5,11204849,25.57260627039973
5,12386338,149.66913683712679
5,19390081,117.75435971830721
5,13532628,11.117932180588896
5,18395403,140.59273124613517
5,10335270,120.56625239963573
5,16333560,168.26814470387924
5,17695838,78.97427476476027
5,14270825,32.103401213210354
5,14641587,162.1853886120857
5,10300011,17.907631434598926
5,12691658,75.24736400635886
5,13614624,11.903351837053535
5,13291915,230.88523152537982
5,10800990,52.733109947303035
5,13057536,94.30838029564617
5,14325469,178.41239386015337
5,10326650,18.553857237278297
5,19263430,21.27151076862407
5,15799596,56.712258052578704
5,13698330,154.85919251948263
5,19101859,111.41179615682316
5,17453179,62.3308539871608
5,10280257,144.86886444806578
5,10426349,92.98522583710395
5,17603698,53.80888076700681
5,17473332,75.41120908201701
5,17470555,28.18446597008273
5,14262321,119.22747435736017
5,12927376,56.17804991799272
5,19593226,24.83536671517963
5,15116499,80.13807299833044
5,10697428,34.88515920541251
5,15671796,2.8612072702075624
5,17901625,2.003417502436012
5,18233928,60.640446748245424
5,19884130,202.92431117519564
5,15129031,142.2286502283104
5,11160923,129.32048418821148
5,10488128,73.70410016510267
5,17581295,202.53884021612225
5,17208086,68.51382062647906
5,15521709,51.65447573262202
5,10626203,53.071441715493165
5,13400177,78.78316630770296
5,13919809,164.5220053572787
5,14234232,63.33450451463307
5,10028780,75.18285798769705
5,10540926,61.28082742735857
5,15443240,224.12257634390812
5,10683711,138.57498456751688
5,17388068,140.63547484904643
5,13775465,92.29306560450851
5,12671987,112.21929455967857
5,14110534,59.13574583721029
5,17131884,29.867712479275546
5,17762788,127.60986484308502
5,11222613,12.769274600984224
5,11184453,10.647656870312336
5,11693744,109.54106672982292
5,15809434,70.0808142611127
5,12787102,102.72576099390669
5,18047962,12.858049605327222
5,15797305,44.751972120831645
5,10651356,155.79238954116164
5,15253251,48.74103615221495
5,15034515,126.39889980059195
5,11141025,3.1195239260494905
5,18218355,120.67091973739473
5,17941358,19.24863363500634
5,12107751,22.239163288375487
5,13370882,206.16633637071257
5,13885303,98.62302462011745
5,19929195,19.723490475763494
5,16246481,40.68172538623208
5,14284339,24.619212224726123
5,17784068,18.371188831230917
5,16864285,74.87416574846898
5,18304419,161.95634933060944
5,16318226,64.11074323675746
5,19149823,113.89773027054007
5,11396322,19.11030326736229
5,15228115,30.27848765043775
5,11776074,19.678151952424873
5,11194130,184.56424825954252
5,16823585,105.26260773122645
5,13608187,161.96404042991034
5,15449139,130.10401701099718
5,11141219,127.85480645371632
5,12951148,178.31609186381837
5,10250475,97.4619681189489
5,12705903,147.46860517943196
5,11983925,54.34775160325868
5,14168268,213.18601158622036
5,14526211,43.804242649318454
5,10338906,59.14431623029891
5,10650349,21.05749023134963
5,14535709,82.84535900905563
5,10515522,98.76301233143641
5,17340116,86.42772792871307
5,15941545,62.54990615626608
5,14490171,133.91997680877145
5,13109885,192.85218792606005
5,12164220,163.22857757277873
5,17580022,25.5393208260033
5,19440233,57.28360577678096
5,12030616,65.30777630598494
5,11575784,66.6985673870945
5,11326830,122.18129942478176
5,10590765,112.54426580296311
5,14414496,49.02557571302823
5,12646743,26.830511824471778
5,10044030,178.7401933037881
5,15562723,62.427928568004226
5,18357150,22.99021378702086
5,15595197,68.29656073223809
5,13473706,99.73661434980271
5,12234447,39.296981075576475
5,14330210,34.16753401509666
5,15438938,9.857304672799163
5,19930117,81.32461969791812
5,18256462,144.13236957991083
5,13771544,8.509824125157838
5,11330250,16.95650990796651
5,11401868,210.0350011359947
5,11489098,101.28593665382846
5,16599617,166.2127421843176
5,19902630,195.39523042745145
5,13064141,139.78042747139114
5,12464850,43.43468185006326
5,11055225,90.48265629802455
5,18747756,13.645137735560427
5,19923669,1.7356269472059445
5,10837793,55.1200486987749
5,14449007,12.55526167377776
5,11721128,165.85502898086924
5,15351170,108.24414669172536
5,15152578,5.300192567568929
5,19531492,35.45705324956021
5,11461833,54.985486915865025
5,12386684,102.33372449719255
5,15335973,26.740841876554477
5,14729590,27.7415742583029
5,13517596,14.647496043092138
5,12469143,35.340590832929045
5,17281627,99.43318062142072
5,17479757,7.320344453078727
5,17647110,177.35762772046087
5,11383161,111.36032797023633
5,15869723,18.353532608335232
5,11170599,75.32622909510386
5,13828791,6.522217492054666
5,10068396,128.65127155163987
5,16739169,7.852414683179133
5,19439155,6.3490963844427615
5,14775647,28.890851371491287
5,14623070,118.21106786853207
5,14254415,180.29664289529487
5,16194704,114.94844657422495
5,11891700,137.8046917847413
5,16545426,123.03026381386454
5,11030070,3.3483955261305467
5,11885200,12.584631424964188
5,15507728,143.42175326196872
5,17571006,3.2594357910870224
5,12485114,41.843115315407836
5,15184022,31.325307444330367
5,12564633,42.534909966332044
5,14076859,100.76035633813065
5,16399901,73.0430885331305
5,10288746,99.03307332110131
5,11027066,25.580896143603155
5,15309367,75.9735438511239
5,10985377,20.400518154769596
5,17491113,129.47665694898578
5,19198039,9.134653288461852
5,18083162,66.63917809838257
5,17455959,27.80494426355978
5,19263091,35.02318708828657
5,17807291,3.936374659881384
5,13545843,3.6850664737362733
5,18120896,38.43581361683051
5,19611376,47.467114929948565
5,14102172,38.530591683489554
5,11570653,94.01086327873794
5,12076838,136.02225106061456
5,13403680,18.33920115304305
5,14022979,167.66371670330847
5,19265312,81.13459863814937
5,19687447,137.8310746958139
5,10117681,258.44758245230753
5,19323323,56.206296608509824
5,16784875,113.08888601202149
5,19626904,208.77358493424555
5,11156542,62.93237527940216
5,16327817,7.749969740498379
5,15316949,103.30522528884447
5,17684243,120.91859458498655
5,17272538,4.858745636847279
5,15876239,170.219513939563
5,19674610,38.39613486344577
5,14623263,181.97932011562327
5,16957143,91.03948104820863
5,12055453,109.06203839787061
5,13460239,119.9876951138992
5,15241364,87.95838915405213
5,10292822,45.23817073038936
5,15057245,199.99356442569655
5,19047835,69.46538770411131
5,10201619,76.42957714388523
5,15533816,76.2898328647047
5,11677554,146.52522086422258
5,17103446,21.100273864247765
5,13278106,40.73821172889594
5,16895588,186.8602259116733
5,14128486,218.69119251032538
5,15916234,157.48479518317734
5,15694837,98.65280515037757
5,19533813,85.58174803896418
5,14291799,18.74178667123494
5,10046234,141.10349345167717
5,17321957,99.59277047833145
5,16571009,134.16723567397244
5,11378149,158.9445909880882
5,16735987,41.88181861758365
5,15019770,59.27591131528111
5,12768149,60.392325227087355
5,19704567,84.54658190190169
5,13117579,47.137671379218716
5,18490494,96.23864252027194
5,16435400,99.59665790735352
5,15397869,72.08137443070635
5,13580920,72.85060577391913
5,17818142,83.76859870852907
5,17261510,9.755031456219081
5,13117699,168.79357386518805
5,11173286,22.06493696648608
5,19341462,36.40122944904532
5,15822364,21.572955849189523
5,15793708,61.30726218523836
5,19467443,94.55619236223775
5,18335299,54.22246303632805
5,12362756,32.092596365228864
5,19061466,104.49894442996258
5,13075455,166.52907558449874
5,18046883,113.99361874039462
5,15635492,173.71703318705931
5,13226331,49.68596638341498
5,19417282,93.60900324838501
5,14798243,89.37747317015999
5,13719936,80.00902097294781
5,15068607,63.5681233466581
5,15776062,124.56596828679518
5,15825863,6.73551605381153
5,11624077,49.62624101172756
5,13757285,102.32207169899733
5,19209733,93.75129314595831
5,13545361,108.24257528893253
5,10572763,108.08337693692275
5,15692822,34.996313300592966
5,14575693,45.95886110423631
5,10153480,45.26243360575302
5,16581669,90.77367913748999
5,11731755,205.05788480245997
5,10696486,24.228449530571673
5,15432198,161.64982518976137
5,13921452,170.47167109150755
5,10013882,13.557635625338767
5,14814971,146.35995686089836
5,17674269,22.522079287167493
5,10768653,69.62924347091425
5,14428699,60.90467240867888
5,19606867,20.99673266978129
5,15367321,71.39540091616728
5,17223195,64.27437317719593
5,18244602,200.55984398182335
5,10814160,156.23516061200021
5,13113741,78.52627013890232
5,11769359,9.936951723136843
5,10941600,37.4777412749656
5,11424215,170.56529028525196
5,14434013,126.59516591577449
5,12439551,167.82006942152287
5,15457623,31.73483783025585
5,14056325,226.4424377738019
5,10750772,82.19241493640754
5,13564841,154.20454356004515
5,13987851,56.71886256010362
5,11788968,20.037188204031278
5,13087084,168.3163756939055
5,10836953,31.364625500697446
5,19700195,80.29161170592974
5,11187151,151.94100074130523
5,16530733,69.05602379637614
5,19573156,117.28744802881968
5,19153982,195.58669826093015
5,11684834,163.8469254260018
5,12378807,180.64298046394964
5,13437669,8.833960168734878
5,15387149,84.06514421954857
5,12626325,225.2555998172514
5,15167420,156.89332294699255
5,16534110,24.136555480016312
5,10020368,37.931843429038295
5,17357066,158.62547365709355
5,17503728,77.10911541728017
5,11356595,26.66826208801047
5,10816626,86.85769024415583
5,13531444,86.27365070434722
5,12918539,63.801313770061924
5,13679881,12.514751548999536
5,16901819,41.06410445162885
5,11526216,142.40190426504066
5,14042465,142.4199230254345
5,17475382,81.02886819565755
5,15858398,70.77157827465224
5,15559115,143.88934775469596
5,16487643,110.88957976238952
5,11341181,2.5308554640630105
5,14274480,82.11137717662177
5,12181996,56.83604718790241
5,16915143,191.49789280306842
5,19471756,28.11614288628361
5,19083881,28.383140919132803
5,12340707,101.4262106662312
5,12658380,192.96726117394115
5,19657260,15.647868922105824
5,15950520,8.159439837422049
5,17795018,161.44772503055435
5,18251195,104.48323550710266
5,11022237,112.04009720995586
5,11830359,63.23191747623292
5,12449540,225.35120208007643
5,15920115,189.66876126502984
5,14317396,67.0050465787887
5,19097870,12.255036018795598
5,10228565,9.567131266071575
5,19060454,99.15422541947969
5,12492198,34.23459912555208
5,18713617,89.81858113100392
5,15142192,160.7417911710131
5,18557811,127.03239382795354
5,14584962,142.71490403167917
5,18104475,11.60940435292973
5,11741166,183.84203125278015
5,15395918,171.72219153709682
5,18898091,29.7391392776983
5,14281978,17.812822067943433
5,12811939,151.85780623355095
5,15294669,50.90316135341671
5,16361536,14.91261846036404
5,12162135,32.31259204804617
5,16002371,108.52097917965158
5,14647387,151.53931458098586
5,15315521,29.954535283727594
5,14879979,35.51720087082808
5,17964265,37.6878156055943
5,17490159,21.89502861943882
5,18190007,101.8378357440188
5,13534048,11.810498372526299
5,19871758,116.0490868438672
5,16138522,19.886085022954497
5,13992137,152.06911704232036
5,10876125,76.95890298627914
5,12149605,35.63466745476217
5,10618260,11.045065634493705
5,19456818,61.144247268977516
5,19254310,26.36160224544918
5,13591165,70.46512990093296
5,11557134,126.06364529895544
5,16398210,53.60880990120397
5,10489424,75.98979615386351
5,19031096,10.564018509599945
5,14134038,100.40587271934155
5,10134511,74.85559814167864
5,17461500,39.12911985575224
5,18972763,25.6077448864876
5,10683113,49.73742834079238
5,14680690,80.1402172016995
5,10421422,68.19197140219927
5,15546667,166.99714858550325
5,16384794,130.59361438808713
5,10014515,36.815241809672614
5,13124424,83.11487537442757
5,17641244,123.22998073044324
5,10965339,63.572254724933885
5,13613817,63.83974127355846
5,17996502,13.249852849815731
5,15607088,156.56451618083702
5,19164799,131.6736074074574
5,18369171,131.09012426502468
5,16621074,17.19760795639572
5,14517446,121.88938818204014
5,16459156,96.99548734797054
5,16185766,105.65915514362592
5,18314931,41.38212518820976
5,13338039,136.24351295105916
5,12326395,39.63873337845874
5,15242219,198.8757142220874
5,10570155,189.28764505370447
5,13184083,233.20913060176684
5,19627063,23.557464053584983
5,15814922,73.40614467157518
5,13481979,116.58378801959037
5,16924538,200.43142470099357
5,10350432,51.58586137689997
5,13345188,177.93404177470978
5,18505208,206.77124694484527
5,10327988,50.49436242084573
5,17294108,71.35451014162432
5,12164222,184.793285004486
5,18026578,84.55641947840734
5,11643295,81.57276529433115
5,16540389,192.56353351931773
5,13645476,96.82946490702922
5,15801438,230.03453927620305
5,12317872,101.67061663972746
5,11343832,111.7683353608984
5,18488046,177.5356032183903
5,14919629,57.373057182873914
5,16163810,11.945395343606117
5,17585763,108.68332223284364
5,18493316,81.91487421147359
5,11255341,177.679663524209
5,10100197,145.38160233800406
5,19302532,103.5282907061772
5,12313506,8.140331489059498
5,19818659,166.86253525788018
5,13289079,6.758253179746664
5,15505673,140.16480013917214
5,18535647,58.95764882661966
5,10636936,98.91756201427674
5,10998314,24.92470225197971
5,10748741,90.14717765936966
5,19407964,11.676792561888007
5,14735685,210.852983843225
5,13212378,97.06247997990123
5,11414626,104.34169767444875
5,14897353,73.3716762012721
5,17203865,25.654392355786875
5,10776413,157.6976451521968
5,12285104,115.39606533483715
5,11507240,200.5403551322719
5,13573791,12.021516430107841
5,13034356,96.04789073787752
5,10512741,90.77728586491621
5,12337569,14.790040256433732
5,14467823,101.49773483780444
5,15303201,91.88576574774234
5,13940590,94.22932037141224
5,17278209,78.70025999701024
5,15529181,109.4588092938734
5,11053374,48.53386732118711
5,10568406,66.2057457730678
5,12752735,134.9473015672407
5,16887439,68.89397854437921
5,17362737,50.415909633579474
5,11974096,71.72452628472284
5,17806735,16.62537441348737
5,12593779,107.96588026937579
5,16062868,54.992681309097485
5,10840798,141.3100664287378
5,11217409,96.92886395527209
5,10957774,21.139605302399453
5,19917566,55.091209376412614
5,17849763,136.61606996450692
5,17055708,47.17895809153428
5,15146784,177.8142973841488
5,16673158,91.28724125220396
5,15615006,64.35943409673544
5,14144094,11.097746483066855
5,18809970,130.85459553830145
5,12290506,34.917940395254725
5,12442911,48.049071331763194
5,15762401,149.7939013176208
5,16414584,95.79084962460503
5,15117490,93.66677887839792
5,12033963,163.90088380754574
5,18667101,75.83630718466807
5,16182298,55.13755472471388
5,16519988,150.15980877069174
5,18123763,35.04577447641265
5,13152641,84.87092726516796
5,17118372,20.17721218861013
5,13846186,79.8370859788838
5,17712242,53.017283999497955
5,10670189,206.7873899694184
5,14661843,49.647913970110615
5,12642027,112.76515312853677
5,17692087,243.91423876789793
5,10590331,197.4589193354292
5,13632419,149.5324061952129
5,16247462,176.4412513592383
5,11413986,133.81399708979862
5,16447213,77.47523444095978
5,14472022,97.66250292513547
5,13530273,211.07918619648154
5,18534554,15.501021608457126
5,12053690,138.6681316310278
5,16077406,12.524715284330934
5,12498976,211.7386122934016
5,18640109,18.610462949210035
5,17972545,49.25740535008904
5,17767631,54.04550601510745
5,13726063,174.50729189054834
5,19927200,105.37679900977795
5,15820772,191.27177684289776
5,19295195,53.08637820903889
5,12301038,171.5029966124092
5,16810366,75.25448948343474
5,16581650,8.789248199517582
5,14860278,29.893514722142317
5,18253591,97.72422750308691
5,16465615,3.6610714314747477
5,10613982,86.16820841926177
5,19741855,102.2673182506429
5,16081638,64.62751549510472
5,11611546,135.21373665221373
5,12271222,174.27324182137426
5,10692785,58.52912353046396
5,15336635,40.79981581514634
5,14486931,105.12667273654664
5,15157306,30.46130321034964
5,13092026,28.188683554326182
5,16051554,178.215640067404
5,19241743,166.60682372341682
5,19604437,156.1718181003501
5,11418173,79.97481545120408
5,17929599,206.60427176822918
5,14863815,38.19676067996397
5,13476871,229.04427843460977
5,11952300,165.46463421475056
5,17146724,23.563438861372568
5,13114604,47.31107143784336
5,19810935,150.65373697213548
5,18146889,19.581541199785615
5,16913565,111.16200913560735
5,18904436,214.792353454158
5,14268761,73.57058661574088
5,13370126,105.30702683485522
5,15814212,79.72656832942552
5,18748015,87.10893113790954
5,16144515,71.5122690667826
5,16571569,186.45364508948538
5,11481222,202.85858380377667
5,15443567,4.897167942520112
5,12735892,148.31501724759426
5,17913781,140.13557147115537
5,19223155,30.05088750910184
5,15982368,132.17622756165616
5,15025623,33.866393918875
5,13122689,7.874001533000567
5,15020614,189.78187658871613
5,17334990,29.964989969161724
5,11996750,35.095659555470974
5,18423089,198.61452266902054
5,19914423,147.4979850155538
5,15431625,26.12763215933153
5,12808543,74.6770638579042
5,12035050,134.66322130227104
5,19020086,82.53640040752852
5,15173138,99.73911119021619
5,13277989,41.36171232658877
5,15116033,139.36098840212776
5,13468507,125.4828414675453
5,10404148,39.923683601451046
5,13616020,166.78173116187602
5,16583666,19.446432513132706
5,10534221,49.02932922376255
5,14862392,164.9638913792829
5,13250862,23.981657354904087
5,17786931,28.957389022922946
5,19327424,9.879578107743027
5,18053386,202.74572315228113
5,17385529,6.311642652886224
5,17420024,132.81402522194168
5,16435957,181.49938077714853
5,11125155,230.2309216099665
5,11109348,207.15343040929665
5,13835999,99.42381764494358
5,12316661,46.55276047444018
5,11264857,114.11462464489487
5,13403096,109.25389809650925
5,14437091,30.324226501105763
5,12455822,37.110765221861556
5,17527579,16.784791086622928
5,10483147,5.20413510173386
5,12581930,109.80070703205863
5,18360308,161.38327452844274
5,14317433,12.530243069114317
5,17555415,66.52523387968492
5,16000348,78.27491547552711
5,17543772,69.13644912419895
5,11198823,158.00536058587326
5,15929957,22.850458461836638
5,10029283,170.81672128054723
5,16030389,176.85133391778103
5,10159698,54.98164418863883
5,17163975,41.87663327080407
5,15613086,126.5985366233183
5,14527870,119.81962424700156
5,13043909,133.10684962553884
5,10409323,191.6731309926916
5,10483083,107.2514677317517
5,10278209,110.72171945523395
5,18427134,221.31468743386674
5,14936913,76.03682704148758
5,19015061,6.296961603442019
5,13230812,149.77626656062455
5,19649571,204.7227800586424
5,19111574,188.33305977844026
5,15944181,132.47568227152524
5,14680888,20.745151523089564
5,13098248,24.54229032748939
5,11111946,45.875627660880845
5,11271537,56.572229235262384
5,12133833,57.754917363509435
5,14810869,141.27010608146946
5,13897832,151.62499926775865
5,16851786,107.71086119148698
5,12195790,65.22618904664655
5,19800068,152.8517682226874
5,14539746,15.576475141698099
5,13794336,13.751069427728606
5,10708946,194.36617608035206
5,12607296,150.37342812848763
5,13628657,187.88145079083355
5,14367405,159.3395574240929
5,16126751,131.1877350957559
5,18136071,68.95531493490368
5,14803387,23.07126922391856
5,11050843,196.51179618546655
5,19225455,99.65213299913098
5,17876911,18.95239449849636
5,14857521,35.2428050096442
5,14185910,89.29989559738193
5,12379970,93.76546960617455
5,17146058,106.90869871266052
5,14478823,90.67908044177496
5,16727533,248.29136604500792
5,16356048,17.273691796235422
5,11020941,26.27087643054971
5,18789619,7.203790553279004
5,16450349,13.633348717999036
5,10439176,12.869698056626712
5,11896131,9.092752742514605
5,11263414,114.09421540005921
5,14510596,199.91618499736472
5,10811492,63.0588529248907
5,17091484,14.336012087333925
5,15408307,77.67629972047176
5,14435543,64.19090927623044
5,17755692,98.86421882921175
5,12576313,23.375180463141753
5,10212725,106.01085975262959
5,13439846,56.53124157161673
5,19935702,84.00285686504246
5,12514678,29.856708277632883
5,18790504,152.80290881306382
5,15065097,110.28231106617898
5,10030155,157.6304434431226
5,17091491,76.64626398303528
5,18434125,144.72095741530484
5,14126743,157.903509383275
5,14399506,255.8215485645566
5,19802483,104.08606177505393
5,12741414,17.95816038428191
5,12316929,38.2378473431005
5,14056281,113.60331039676365
5,13227373,35.41164521108067
5,18894201,65.55560213587842
5,13370901,43.28854852029982
5,16403093,152.97636753106576
5,16926563,87.86903093870886
5,16627700,49.01577047081596
5,17781417,19.643882005005977
5,11131422,88.30570499179287
5,11886358,82.22867885592201
5,18677018,51.06746238076898
5,10044774,114.00611267390629
5,12807437,124.50904685644721
5,15998462,95.78342418518818
5,11550336,24.519170140315357
5,18629848,121.94060080401779
5,16762787,104.81620994424485
5,11437286,166.84182573432557
5,14861698,66.64811096475948
5,12856324,28.090449181480206
5,11333721,46.650643041975734
5,19498959,34.329685839090075
5,19468940,64.59608786044555
5,19427819,167.9490134014549
5,18536110,101.82915213442317
5,12766571,49.49273282731422
5,16300919,104.30170783793974
5,19790099,94.71103840266669
5,17455639,269.49056269309443
5,14243456,199.6169144872266
5,14862282,55.43079046164476
5,10849136,7.12099202740463
5,17293855,122.11491144484306
5,14313259,22.00221736951068
5,11124485,138.58182586247887
5,16998689,22.190370110719925
5,18465650,112.12555878242772
5,16539642,55.06343219685303
5,14980446,129.8020205300536
5,17179219,5.858045637217942
5,13078136,16.978826880001293
5,13443145,206.39553449794775
5,11473245,26.633218756198197
5,16363754,50.036266871174966
5,19414091,130.21965170921413
5,15993923,13.262642096885095
5,10352816,15.260022782496973
5,13276631,33.255143441252784
5,18662300,11.37327161321823
5,14643198,52.95301934186191
5,18611096,120.95940460818636
5,17430067,89.20032219741022
5,11275720,51.27112891045087
5,16183915,113.17891239961938
5,17960713,45.62212801567347
5,17278224,65.06900849617091
5,11100068,172.9603609467844
5,12116666,217.21221575453865
5,16208777,187.731440674456
5,16366307,43.425694313934436
5,14446331,43.52695463053005
5,14967200,131.65316276725187
5,16581155,100.90308475183399
5,10921184,158.70499470503884
5,15546601,87.20643619208147
5,10836250,91.56928323331016
5,16959883,122.17844256597641
5,10960879,9.014404728131272
5,16187872,34.71722863334138
5,16606505,57.67349947505335
5,15537199,20.60386388745493
5,13906295,10.225432195032864
5,15035775,22.08961764267845
5,17743296,96.2743549248433
5,18696318,47.37785312972031
5,10454943,100.641190739147
5,10551051,186.7760251885783
5,14525296,221.49242738273128
5,13363046,67.95289506708704
5,18641361,50.446530757995674
5,10518667,164.47401896230136
5,12825803,159.38473094900635
5,17071709,40.88873228518093
5,18030469,170.0462619311185
5,16690747,68.85094512490512
5,19755121,130.3487151814069
5,12051724,177.5928584486689
5,18400571,34.40641368107035
5,13126814,36.92569003147188
5,11734749,28.00563357183986
5,12366575,5.480708088580423
5,13427834,104.40996717814836
5,15323218,152.67897979804113
5,14016915,150.4446967555013
5,19432608,37.37045073111366
5,18840522,110.00183263593304
5,16919031,32.272648286264484
5,15217381,141.8210376306971
5,10584576,70.87111971090629
5,18224414,43.50551051382703
5,12607460,15.632841741509303
5,15688404,48.63383973176972
5,12651581,30.846702236544296
5,18512048,119.00440581146724
5,10458941,96.31001365127162
5,11015052,31.2325814560744
5,10791124,68.24266650964995
5,18067228,16.453498752344583
5,17452059,12.808825310636216
5,13808692,132.0414204698318
5,17824478,184.70005793349398
5,10984938,192.2256922870529
5,17968072,61.7051367085628
5,12122483,45.69805708999446
5,16429622,112.88628614374929
5,16038706,167.94685585479425
5,13575146,19.224002239829677
5,19718404,110.1647726738464
5,14319968,157.40508753311175
5,15918484,69.64242537603411
5,15304818,234.4627772482706
5,14471154,125.54911908926071
5,12404748,169.8109597169656
5,16682664,216.2297050753922
5,18134764,225.36181938228495
5,16312452,128.39884454247678
5,16068699,3.7077387246978044
5,11412464,51.50709539033129
5,10060820,52.85864016135401
5,11796211,131.44387552626387
5,19923545,92.64877911544058
5,17580170,148.4631856594254
5,10895081,15.392250833850518
5,17952647,174.14817430024135
5,12607594,9.491716915407105
5,12329819,132.87749244208084
5,18950208,10.25434836180709
5,14944352,157.173799088971
5,14784146,32.57416878065614
5,17079669,157.64447817113012
5,12641918,4.277377328438395
5,18423795,24.871138528250196
5,19993026,51.419022198822766
5,11451387,117.11291228226118
5,13963518,60.70425028854495
5,19495975,70.18800243280347
5,16925643,137.0811689831859
5,16861387,71.13249920104013
5,11907199,170.6814582544791
5,13871231,17.691554708990747
5,14611928,210.8385253918709
5,15813601,112.48735100852667
5,14442069,112.846057100792
5,19448313,36.88689521958447
5,14208170,8.88587451403386
5,17352972,18.113750352914135
5,16153573,22.702564812128294
5,18731446,94.4208544965709
5,10173035,158.51368525011466
5,15073838,36.72350357713353
5,18078068,56.01321251861445
5,18395627,185.2403100247682
5,15856282,147.04376655664674
5,18469573,9.978188210379832
5,12894611,8.263202306315888
5,16206632,14.362748565291266
5,12694662,106.21626188240728
5,10054414,11.79941596229029
5,19411336,145.0430912425743
5,18009903,55.548551407278715
5,11683940,139.80113487392688
5,15045095,41.71606426854981
5,10186484,29.725508382710263
5,12978154,120.10817984818036
5,19436934,164.08043010088926
5,10219385,128.4308662227462
5,15655031,67.28702675331222
5,11791421,75.00924961224247
5,14087143,65.93858292327438
5,11890833,257.18335596595546
5,13655471,52.98825157605043
5,19554011,7.746529916279226
5,19119129,76.70804832287725
5,12885800,90.1086827614186
5,18446454,228.0535341903711
5,17903478,112.7218895778373
5,15493847,159.7398607792885
5,19854360,171.38615959278903
5,10599580,86.09585526468224
5,11634794,41.27809567618747
5,16368768,3.553058501843587
5,12338829,14.689338903628279
5,16496960,171.40254647340598
5,15960735,237.17866031749148
5,14870963,150.23228928155302
5,18060808,14.104473034822073
5,14733486,119.68704146609966
5,18862690,7.6078251835038975
5,15060881,65.88785552316146
5,16985982,126.85073758561617
5,12464728,36.895986621411716
5,12493640,43.432243810635356
5,12228347,174.94449774998427
5,11965928,69.10295347545473
5,13373783,114.9382601650341
5,13147502,75.20425835283957
5,16312785,156.18261892125398
5,17536268,2.9473815851315797
5,18089884,129.3762199500718
5,16149003,130.04807509915813
5,14255616,66.08205107440892
5,12221911,135.00205236562027
5,14342459,68.24572784793213
5,17855805,36.139198273928244
5,16614250,14.313780459849259
5,12484482,161.07089631455102
5,16545808,98.7896372392218
5,13843851,30.611138282827667
5,11155591,106.35700234902356
5,18940241,31.676841129607887
5,12202933,54.38668471429681
5,16642211,12.519996451769412
5,15687185,148.47912040507433
5,12446714,19.63245371667172
5,14503730,163.70741549547674
5,16574333,108.36434149657536
5,12338218,46.46563237895406
5,12751806,131.5259540413025
5,18075092,184.9704581970887
5,15142644,22.607619045688512
5,12811292,144.13195483776306
5,16859377,98.5973874718931
5,14611732,108.53673741010905
5,19382612,176.84842646777827
5,14359991,177.10297325421405
5,10256991,30.988649360723034
5,15962526,199.20351888478518
5,12209289,27.78476205419147
5,17542228,141.18960888899312
5,17928110,26.903283594623396
5,10344110,66.3916187609385
5,17442379,11.191880773714436
5,13199773,146.24662537440352
5,12737789,177.76291071066825
5,19143691,144.3541500598654
5,16644341,2.6133806010128438
5,14674348,20.965554129253707
5,16320744,11.568659136625456
5,18609268,143.68546615791843
5,18939429,135.1887359933452
5,13020317,134.06450147615826
5,16057645,126.30254109130199
5,10078938,25.954197347197184
5,18407550,172.04334416381468
5,16425056,38.573699976787914
5,14174816,39.95602697081959
5,13331407,52.62035840121831
5,17338250,6.626614031735168
5,17025860,116.02143550790682
5,16109501,159.48545566469494
5,18203033,92.92973129723755
5,19070128,66.9844543114975
5,16885350,54.99053982940759
5,14951529,179.06487983048675
5,18105316,142.6699055675515
5,11029659,165.4987626421907
5,12047532,149.78138395168108
5,12598637,177.76365929111887
5,15631560,45.79713593114228
5,11269335,78.64214182418142
5,10334813,93.260602732343
5,11823837,27.929757742605084
5,13352002,20.056851130602034
5,15773206,60.454499796676735
5,17847617,53.230291950181815
5,15671040,29.75814497203818
5,13289098,23.0521520076647
5,17576098,92.94492645326714
5,18867544,191.01745015384358
5,18298527,40.03376252578841
5,10431709,19.057220630016044
5,16051076,112.85114178322563
5,11509886,36.950062292379016
5,12733586,174.3943896738027
5,18086810,198.12550493927426
5,15097199,20.211083278295195
5,17180141,105.23247074736882
5,19536630,55.75058431733567
5,15140300,11.341557904424523
5,16483325,119.79352394225782
5,11015537,95.13445191800173
5,10692173,86.48573954400867
5,17427449,17.28892061346626
5,11041219,89.86519880536186
5,15714145,138.09167004297626
5,15485728,133.1318268619191
5,19109837,9.825621016266629
5,19876392,11.548325445884661
5,17166077,168.99931590284072
5,17217533,35.28934694632982
5,18948351,70.7301998134799
5,10967150,184.53793563068325
5,16584377,37.002034298001654
5,18804479,185.71798756447134
5,19072496,144.72456422541782
5,12663057,174.36486126103426
5,11974143,89.80576735244358
5,10721146,8.064112661756488
5,11499025,204.09772462867448
5,16685853,122.85179255524949
5,14534663,129.8486037238351
5,15394963,75.37188624826625
5,19351353,51.07944031415249
5,13975523,48.0363194358196
5,15585440,175.95406862933538
5,19698350,122.9248579637498
5,19925665,129.5896217972831
5,17428309,247.57756575563053
5,10679568,89.61099366037163
5,10647318,27.590247066415756
5,13487576,118.15415826218273
5,19206652,213.40532187986696
5,16704757,94.53547114928924
5,16869419,71.41577960630936
5,10549089,146.54114690085316
5,17424080,218.690630624749
5,14289608,59.61575648688555
5,18668213,160.2657172143063
5,15873175,93.63326786697873
5,14181557,194.08865173588893
5,15581999,206.17829876676348
5,14867603,101.08171518526112
5,18680931,160.22527307119176
5,10679148,104.06604045880019
5,12816531,207.70894251458444
5,11171031,65.1453308085131
5,18830129,14.05112117302298
5,14076910,36.622855372387384
5,10290416,124.23221320922623
5,18010312,29.14740319418858
5,18383050,168.7632038748734
5,10012801,94.91482795393105
5,19078038,125.98499837229619
5,17114930,121.50663143337904
5,12734129,135.31977719129208
5,15734602,187.71152019727387
5,19644436,8.447489428493233
5,16255880,128.38776526475638
5,12864673,55.67244983204265
5,18534280,134.05092710886692
5,18302278,91.53565101625301
5,16143118,16.574567176853947
5,10806105,12.942626376648981
5,14690844,34.98075744583475
5,13045270,83.7382123855393
5,19628507,127.77833383137816
5,13812171,57.1536446274568
5,10274403,107.66836868931948
5,18654886,222.96912761849822
5,17637168,20.10945347883515
5,19323531,25.894840343896046
5,11565892,145.60920170797715
5,19035293,173.5511281520081
5,12520261,98.6568076832321
5,12097772,58.09377443373054
5,14565579,30.276534054171403
5,13609978,101.26787570328452
5,17434752,186.00087710110066
5,15621286,39.353433440930964
5,18531491,145.07649780493028
5,15812605,187.4738777410844
5,10638410,57.87461648831781
5,13557369,8.442311968665368
5,14434854,154.79848873834828
5,14526871,258.30934087612394
5,17757241,93.25605227773688
5,13364333,138.23566029245478
5,17497515,85.77706124293631
5,18935847,52.42749882082966
5,17213390,132.56850794994196
5,12275191,42.58743446555616
5,19198864,121.35636718995426
5,12561963,13.15668013456412
5,14598018,3.834532341356568
5,11701631,59.24553310886405
5,14367729,80.45810186388196
5,10034058,59.116839571609496
5,14923092,18.388290046826615
5,16341116,100.09331685845494
5,17556356,83.18041950391518
5,16528482,74.34172343407235
5,13367422,70.3077366840575
5,18052201,14.196090025640265
5,17632939,16.368776329395487
5,15217189,28.979258100829842
5,11586446,212.78985605303342
5,15720905,28.25841818467321
5,18708916,12.012785327176148
5,14622745,54.59206274415935
5,19412126,29.336136847305752
5,12027095,88.7469414049427
5,14924291,162.59633813678423
5,16306567,129.3379784945988
5,15340495,138.47493920404025
5,14783606,24.38536197947573
5,12056612,20.727903920761616
5,12990661,7.349616774098442
5,11505250,99.43241693384678
5,13390903,161.87993369003152
5,12539849,214.3215576173219
5,15850859,25.7011795358374
5,18381946,94.95020290063258
5,16840355,187.32792628330287
5,18276811,72.0186500064585
5,19312299,181.52031015219617
5,15705621,160.1025458422259
5,13586770,128.08867008518337
5,13226546,16.151565272598486
5,14749158,172.63765784846794
5,15053436,103.76162132566941
5,16423930,173.9102420000051
5,11903763,57.47318441033933
5,10266885,119.48766904549943
5,17427527,85.69815349790525
5,10678203,16.24143676796575
5,19184075,188.95003005731584
5,15797959,31.89766614233755
5,17850807,10.538570381011693
5,14754307,61.00023137238211
5,19212878,95.47085836314527
5,11163519,84.30381001534732
5,11194446,55.89985669475737
5,14641755,50.15879112076754
5,17007545,107.11298273397576
5,13145015,108.53563369809503
5,17924677,145.25458204241775
5,14222177,123.09330584022727
5,14594125,63.7688752264869
5,12578905,10.213403358678663
5,19743095,76.3291473660404
5,18251057,3.759251920824548
5,14816450,104.17886066328538
5,12488636,27.89462434520762
5,12627486,152.4252758037845
5,14794863,9.17652688631643
5,12995157,32.48084851041563
5,13165267,74.49861490990412
5,18877726,178.07197510517219
5,11497178,158.93737961467124
5,11459632,147.9577690855329
5,19233602,11.558207711458229
5,12721653,26.31052415736436
5,13592901,212.3799250874593
5,16955714,27.987942907329636
5,19181116,68.51936753407196
5,15706257,8.244135061764986
5,15993245,84.2276924433159
5,11638755,75.2330679394186
5,16294317,98.9634971415054
5,16754337,107.79696132417915
5,17701747,57.50609841462127
5,17691320,95.59956268810929
5,18418162,47.35137501420927
5,18562631,49.60480930814284
5,12995619,30.2648652960736
5,19905268,147.51346843458728
5,17010521,45.79692158813614
5,16247292,98.14397324660932
5,13708720,36.44801122105547
5,17769681,172.69389973541058
5,10929819,136.00727490225182
5,13439081,74.12141226506631
5,12657969,10.660521406710027
5,18415591,252.54077196567593
5,12184919,51.16080955349539
5,15652514,47.17921658227269
5,14932277,130.87254370008685
5,13259987,5.367173925340674
5,16033850,61.15424055207162
5,11030399,231.93382276965045
5,10856272,162.96479028026278
5,11587360,69.7439204384315
5,14821765,202.34844495050154
5,15457723,166.03920603875943
5,18199020,44.96929110714808
5,13876122,137.31936793484607
5,19007399,260.8501745959529
5,11127760,5.6639233167091865
5,15701879,115.47100496590417
5,14467814,57.709502346051245
5,19597115,55.130427794145206
5,13582178,194.28642195789007
5,11424977,142.33479833801533
5,12826306,4.575948965856479
5,11500782,203.10405058608706
5,13119538,5.191581556039239
5,13917424,57.1086635056604
5,16563524,63.40420966125802
5,12276044,8.91094483821394
5,17434736,128.97496305742953
5,14194141,71.33743747534419
5,12061293,18.156223229599
5,17567539,157.78494873387257
5,17886937,76.95833055109077
5,12175219,88.92531247642283
5,13045083,186.8022013699445
5,13900774,192.30269380609263
5,18167689,89.66027179911401
5,19363563,156.40789206003288
5,16577415,31.858245306709513
5,19157348,174.64430475040973
5,15656843,78.74360397499244
5,19668956,36.95479638867766
5,13158135,134.93877779163395
5,14211723,51.429230166049706
5,19866093,7.681800078257101
5,11516947,137.8117172075847
5,10713082,54.244588018063894
5,10578169,62.78945027707802
5,17399312,25.164410656009704
5,18712681,145.03058497287176
5,10817893,163.25842608884045
5,15552704,66.89237482629747
5,10263534,111.78010974066801
5,12117509,14.76716122526919
5,12598568,38.96160245260676
5,18950872,14.145149677431855
5,12866382,190.16151635918067
5,19267304,34.25326704708795
5,19168761,98.52803227101211
5,12025402,93.74204812984296
5,14972495,117.67630600484009
5,12594630,90.93157653843079
5,12259323,222.24394660389808
5,10554747,67.93339106713893
5,13664308,92.54495133598279
5,16187117,199.71222541718848
5,13494202,16.819669876286206
5,13787129,104.63626262526859
5,11136737,135.01795190093577
5,18551947,84.52438151627848
5,16500330,167.53315079092178
5,16290700,75.8314565730185
5,15488231,184.00421470957428
5,11132839,6.8901093123174375
5,11743674,195.33596419328296
5,16013032,7.610165511952086
5,17323433,5.94630881189936
5,17844092,183.35293367554462
5,10806545,108.3201918040731
5,12245709,104.17235753839489
5,13028559,177.92008674996438
5,17951742,70.56396938767179
5,19873068,196.29220263884338
5,10570131,36.4824543310723
5,11924755,42.02383557195025
5,18277145,77.39433132664476
5,10011152,28.909650892726
5,17897028,43.55013868343587
5,19363282,46.74346451102926
5,10100604,120.31547695935781
5,18986508,114.61620957767451
5,13201153,130.02202588587957
5,13517666,100.46764936755427
5,10738453,65.28802556330446
5,14236637,131.8935438523349
5,12687046,55.308711537511066
5,19311491,8.196319769107173
5,16076553,6.843945487239413
5,14747863,91.10814733134838
5,16483138,33.95855523465051
5,19204077,94.34528434559448
5,18141931,128.23174696094713
5,18618513,74.5285627232649
5,17244789,200.30600791513456
5,18907327,50.3428039724486
5,16908484,7.680371393610181
5,16673395,7.278194320375313
5,14774225,142.58872361769534
5,19830858,153.75426035362605
5,16214244,39.016950898154455
5,11592348,71.55761398445966
5,14468018,135.20129709901414
5,15122480,43.95831340567209
5,12781381,32.03428859808976
5,18643157,64.47635588393463
5,18596658,258.80674662852454
5,17034126,116.53994659654695
5,17582299,26.146068700371487
5,12413894,197.73591343722305
5,11560557,14.831005223084754
5,15529998,37.103253979039835
5,13077162,61.378923914390526
5,13283070,118.4481029810443
5,19649913,14.598024464805887
5,16779958,110.50570121401215
5,16551300,234.39046351182225
5,19031605,55.890535377885975
5,10044742,187.66822225198626
5,17921022,176.99232818574973
5,19414695,102.50790120599316
5,12214037,124.14322655418347
5,10678968,50.80275540236624
5,18945548,104.8237211234568
5,12725801,12.554690063216716
5,10722301,99.2087720770629
5,13631848,33.11148416656105
5,16691224,90.32943050112841
5,12200442,23.783749924275256
5,18922575,20.98741481906482
5,19292845,20.398520439780274
5,13200777,41.0981989938513
5,11833531,60.591140549609804
5,11314332,64.01232025577242
5,13595349,7.614030428325776
5,17987803,109.12966484358464
5,19332445,134.79399977330368
5,19275798,78.90752696463919
5,19021774,52.00896480887764
5,17034298,53.94088733190932
5,12111577,64.73878977758666
5,10216564,27.04058266012437
5,17351775,12.881147504659737
5,12161575,65.48716671260766
5,19387480,5.400556263258624
5,17632150,25.131850924016494
5,17367800,61.362871762480985
5,13584547,99.23270746223929
5,19189565,64.79135139355223
5,10655307,124.26998206178841
5,11174359,49.509183639418914
5,10993516,27.36102423875304
5,15846563,6.251125188014173
5,11047913,122.9990879242769
5,15976671,39.498230229099676
5,14713837,21.153297523658086
5,11609353,115.22329055770548
5,11598389,12.156434204090232
5,19742183,3.443077937593314
5,17985735,156.8126777197443
5,18912823,64.82476630270914
5,15205165,139.12039602713506
5,11586141,94.76356944416895
5,16856583,85.3341356831402
5,15349518,72.18139118061553
5,16244343,111.75387637026058
5,15610653,167.25660297865255
5,15451975,96.60457908140928
5,13611443,103.40402533280796
5,11444699,56.884658422775075
5,10121927,7.303458397037293
5,17205493,36.394059328141886
5,14923037,21.89988847567331
5,19489756,32.536680061374796
5,10820174,72.66969510898126
5,15551300,173.03130244739611
5,12030953,81.48170230275046
5,10504495,100.53248946068362
5,12162019,187.60289117394646
5,15761095,147.48414906478783
5,18099699,79.10849879340415
5,11737355,35.09816750044356
5,19674782,51.55504986304204
5,16959962,133.27136890104813
5,10244375,176.88252349368688
5,19216736,26.631407764855744
5,16852354,151.8020487486777
5,12794499,122.91180327041072
5,17946119,32.77250135829615
5,14020766,9.461231468424007
5,17195081,158.50234273741899
5,19841917,138.61883845719834
5,14351379,39.65147357487805
5,17662178,110.70929359282269
5,13477185,77.35807005612335
5,19499991,23.003495223897954
5,10699781,14.001800734892324
5,19422296,31.549162918670426
5,11164848,211.19379114613776
5,15192349,82.9982358215888
5,17768023,122.43956980041357
5,19595594,57.905968225914556
5,15253349,96.58568182791562
5,15627503,16.05906221377397
5,19053561,3.558700575658937
5,18002893,103.00217126473547
5,13100757,31.287806208294242
5,17489844,137.82319140178015
5,10838690,63.31564204549889
5,10915031,105.48334427660942
5,11198377,32.09469981376082
5,10387410,82.27364602993569
5,15857007,27.08657176937929
5,10578173,52.72355542537576
5,10750470,76.75557320775869
5,19589677,47.70785279172143
5,17232883,95.67967697011768
5,14277328,154.76492883317155
5,10191695,193.70326545806168
5,18230784,75.74145232358579
5,19219932,108.97226276508287
5,10749242,59.66310987404108
5,15052652,128.69448408106163
5,14838024,167.2585888323674
5,16608705,89.37246573400003
5,11009245,135.58378391685326
5,18725130,56.23138180498333
5,16079391,135.0145368812097
5,19105462,173.1416064304268
5,12209671,28.33226283647138
5,17687117,37.7001760495121
5,11158106,41.636698711531935
5,14124820,151.95850860952737
5,15630986,199.0688008981892
5,15424154,121.76773568443144
5,15769995,32.78349554438242
5,17385854,86.74951376891879
5,13569052,130.2962532825751
5,17073516,21.356150858327698
5,11171425,167.88476414360434
5,10641592,48.710779825152215
5,10935124,37.3704423343833
5,11888103,43.65004459033005
5,15388958,13.939642474721822
5,13335632,176.59688950962075
5,19118511,56.26989946917573
5,18468491,6.570655900027874
5,12817999,60.938494914131006
5,14646801,46.423198742477645
5,11427185,209.6985948830899
5,13987013,11.008707398206118
5,16662232,117.37897381346569
5,13503519,112.77654699267539
5,18344237,21.571804506673928
5,16867879,17.865516109354463
5,17864453,89.12340778703422
5,16292172,107.20064273347957
5,11188547,120.43796443884088
5,12849819,169.8638666979795
5,17421142,71.5913943304721
5,13560718,69.17866585601782
5,18281524,89.46784017437348
5,19514398,27.56455847406461
5,15908181,118.7169880675691
5,19821971,60.09167025205421
5,17588263,180.86057049074174
5,11969058,38.85601190451946
5,14881898,11.041266982844448
5,10929883,27.072907092140216
5,14139296,11.299969320250776
5,14512475,118.25972905270405
5,11077743,97.98216874647255
5,15520376,148.72155466685626
5,10798827,147.94339135205232
5,15189685,43.496606214672056
5,11713594,39.713611430433026
5,10749016,133.00118324208424
5,15183212,148.16204108200455
5,15764363,48.77602704696454
5,12459349,20.118530082832766
5,17911210,86.21468296252249
5,14119028,135.31517866110846
5,19173079,109.11499701269754
5,15873077,10.473446626785217
5,17890537,80.84836063809124
5,17992573,146.34750875763999
5,13560201,128.80089286761333
5,14776860,33.311163809431704
5,16704675,36.153959082651674
5,17401412,4.004948945575491
5,19916629,131.1913402342778
5,14344454,135.1450163943752
5,19873306,69.41202489012556
5,13228155,14.6467290357573
5,17026665,53.15829438452061
5,13796363,7.108805595933022
5,12387943,94.79319650274972
5,16369713,17.342399691397514
5,11382604,2.9325011144847952
5,15482212,77.12100117194673
5,16655537,50.03549770857144
5,15099951,32.68083113936216
5,19294552,89.83530774406157
5,11278718,77.55870044513546
5,19955129,166.46562226280722
5,10574846,14.131334092800175
5,13306036,6.366277889502167
5,14346624,109.14492492019566
5,17670151,28.234474778169876
5,13908888,62.02334168224878
5,11084582,91.28183442145382
5,19281731,159.76915676986582
5,18830467,53.97998141025271
5,13121532,86.49320478676977
5,16916239,162.77801772697165
5,16474431,111.0464268883493
5,14864063,53.2598092377126
5,11844188,24.37366969697536
5,18837518,44.27952561017004
5,11529290,49.385647671391446
5,10519895,61.254882458227726
5,14030207,56.03629512980873
5,10877086,172.74403589178488
5,11994271,79.3580048850213
5,13391492,13.490701547471986
5,12573938,65.04145538942541
5,14693053,23.179088893268208
5,18256224,14.829239807140377
5,12492875,152.8031917828571
5,10935309,28.15362232547626
5,12879279,178.49036905000904
5,12329594,143.94076422391893
5,12775148,94.11514741815368
5,15356825,108.96799378346083
5,15997292,10.488462361920336
5,18998025,101.71665597060546
5,10473293,192.18529750355577
5,14743686,149.11724268418476
5,11553280,26.045205841873788
5,12047880,93.96621890868099
5,10915154,153.7605360646856
5,13736809,137.86985951984204
5,13547603,21.20641804679435
5,10842365,144.2788905142238
5,10856526,64.79741218442105
5,12423844,13.622422219538052
5,13858889,20.058356333738345
5,19812639,123.26336102092753
5,11198764,79.30841180680338
5,17476818,51.71461405298879
5,12163303,112.80513142550656
5,11466118,29.805764070193074
5,18353709,51.30348607714797
5,16764469,116.95715656207382
5,13130803,10.58420133426395
5,11583518,120.76817238390494
5,16905108,63.70845478005828
5,18216103,26.55365051144668
5,16716551,113.40100162402689
5,16346057,59.35922008367169
5,10613630,39.067629679060545
5,17001581,136.65725304367476
5,11339639,164.4488285144099
5,19262661,130.58520032305623
5,10079907,98.59827924260402
5,18517438,78.67678589264185
5,10271107,169.86433051525762
5,19431944,53.945866643351046
5,16229313,40.1746253707768
5,12538092,136.02805432141423
5,14710937,19.86839375799692
5,10958351,117.56915858022924
5,10334352,70.57112808135277
5,14688063,81.87821685053896
5,16509162,31.590742904256413
5,17095611,27.472810785164665
5,12503152,67.58230855983224
5,18594088,2.4658808460210526
5,17347005,68.44964519965629
5,18283544,91.7474355863733
5,16736138,194.67870633289166
5,13128454,48.80103283391253
5,10300085,15.943681151459925
5,12027509,134.63724904213328
5,13950642,161.99949953840246
5,15143484,140.18412450857346
5,13460654,57.15596998153963
5,10691755,88.51306573776179
5,17893740,98.61659853838212
5,15647186,101.88995600370433
5,16469590,104.17670968673944
5,18537428,102.33905735199345
5,15963255,56.190537323803326
5,14924017,42.48031080641132
5,12439651,145.0682866029667
5,18214674,61.571165044053494
5,11033102,81.97041370995566
5,19119246,24.03961937947232
5,18427366,150.7940061821693
5,18732270,33.858553871826956
5,10785168,117.05460655042964
5,16239426,127.62006154088903
5,13851025,104.40706097200442
5,19961457,9.618582079155354
5,17272346,23.441557124723158
5,19105093,37.294807683527615
5,12113548,49.440860541827334
5,16299661,20.05768276873085
5,18129245,52.95959567414082
5,13742239,154.30012827212153
5,19102304,139.50531525715041
5,10863418,181.48325876245715
5,10696688,141.93422398361983
5,15950791,100.22162301740083
5,15027985,10.307549062553742
5,16971500,55.21102234823113
5,12644749,129.3985622292868
5,12465744,11.375878958530715
5,16435736,16.3884002781192
5,15266714,57.21913187839656
5,10930223,170.7514575261362
5,14457174,201.63546156058672
5,12671704,167.82971207363133
5,10351855,88.83113998497313
5,14104006,83.59752558480812
5,10976200,127.13525477471944
5,16096253,40.9303870149684
5,15145218,137.72221205791345
5,15418365,30.630949205991396
5,11597377,167.44457597563417
5,18903739,165.72471795588416
5,14791051,73.42226870469908
5,19881435,34.61145887817253
5,18857306,134.7134104991896
5,17396723,6.753655689276493
5,18411334,237.20604662064352
5,17372184,11.143730081155265
5,11570095,170.57725567016092
5,18108835,163.41062156831882
5,15760787,140.96579253017734
5,10144162,13.429992627268172
5,19553206,45.14151519122177
5,16637487,53.15111090634611
5,11440528,101.22084411184575
5,19117054,52.86514955869804
5,17533132,42.93987581497199
5,19984594,12.808315055073544
5,14127126,61.53292238925762
5,10137583,170.90225148079733
5,15324233,54.862295129643464
5,14675979,104.3454142884083
5,17045391,95.32416734605302
5,12800029,121.13546244035363
5,12364237,187.57097814711685
5,14050643,114.46494441930307
5,19723108,77.4525473216494
5,13761965,33.74637313397817
5,13877263,35.86152639417343
5,12845462,24.453572366790983
5,15361484,178.07124958391472
5,11090635,74.53952225361257
5,18417736,114.42933051267633
5,10763443,17.06559895738526
5,14193376,50.2746577907362
5,17409758,18.530740341136795
5,19694360,61.94664646462567
5,13873260,32.680600756818166
5,12768402,24.89967584279889
5,13592450,41.8030677964054
5,17483493,28.187770295342947
5,16729866,86.84993722863277
5,19798030,105.65913997494057
5,15077435,58.773122968143696
5,11672096,156.08978511933572
5,19936740,27.8238308283505
5,18338594,46.705191679364596
5,10502259,196.34268299215458
5,12247019,40.46206460944927
5,15508692,111.26326955361577
5,13552226,129.0961529309984
5,12503559,68.05633417361933
5,17476817,74.13683688997685
5,13738449,96.05909469841424
5,17486297,173.50406288634002
5,17811582,114.56568627425001
5,17498795,102.18071177864995
5,13134028,18.812781741881867
5,18327253,53.936421650813614
5,13943410,27.43101970559575
5,18193204,19.129673032161104
5,14568323,26.998367775873717
5,12056752,169.39139674605588
5,12962299,103.50239075317602
5,18738505,159.0253116871767
5,19526474,63.0625098242161
5,12304455,35.22607793922959
5,13843078,150.40884143533066
5,12137980,183.92684244525955
5,15512410,6.571575687574286
5,16797205,49.27852826993436
5,15110569,106.76858811430264
5,15343257,139.3512262223066
5,16849206,147.64240297395662
5,16175343,211.08155536708645
5,19738696,7.008770947338622
5,13528412,167.5257586616239
5,17634402,42.23358283374613
5,13137444,162.92717244393725
5,11829660,102.50613303669135
5,19558300,51.69089089512081
5,17662750,17.274917696418928
5,19852884,9.312419470983915
5,15095278,125.55339769157129
5,19414696,10.867836170956375
5,18157671,69.79476255832977
5,14948683,5.246163076315744
5,16056227,18.15193396061835
5,17360501,11.644850798502924
5,10403248,64.54950235660003
5,15264106,122.0843312400593
5,17302065,145.701284699837
5,15991491,104.50087673299727
5,18293520,127.91512376364804
5,17216755,3.9109214248305237
5,17755264,52.79563293122164
5,19910752,94.92715410735077
5,16834717,130.75699102530362
5,14167876,140.18378807695672
5,15716243,49.34440180192992
5,19639685,15.921631885906722
5,15402776,167.41442475863633
5,13063321,49.176838306645735
5,15819513,20.183846414796083
5,15995398,35.184018978520896
5,19708157,178.0922724586861
5,19203764,24.083814251822815
5,12325020,66.5189045601887
5,13139047,141.51093549884465
5,13302612,101.33449244137762
5,18824494,54.472929920384324
5,18276257,140.61838461384852
5,19260136,175.0282465455784
5,13191795,9.78021161911895
5,11028752,38.80312266538654
5,13635516,177.38435555445807
5,17478690,217.41479058319777
5,17382283,40.6074477306542
5,13704384,178.1639447433185
5,13138973,6.531637851514531
5,12038169,40.50868795033164
5,19015743,92.25406975298607
5,17900200,13.524708223954619
5,17008515,10.22398582821086
5,19644355,77.34906755496174
5,13096111,117.57999767051002
5,18881969,33.4371269741159
5,10015652,82.08068120587114
5,14527077,87.9508859613192
5,18002707,21.806959078433497
5,11611941,71.40033675667394
5,12388740,43.605157293348086
5,15975029,25.645275493891877
5,11513602,91.42522803311343
5,13606343,132.56716725290664
5,19570514,103.18806563983682
5,17734647,19.61541171595569
5,15156843,121.59737432538294
5,18850031,54.169671808289195
5,17894176,177.32099098649348
5,16590422,55.8428906409733
5,10052269,137.2888573697278
5,10706514,172.6263699086193
5,12878524,59.45162680962597
5,13333615,52.65321751903362
5,17870994,20.996693997458422
5,13718636,52.97307048359815
5,12917144,54.69616896346353
5,16407493,196.33722961794365
5,18097245,33.86101592385653
5,13728699,97.35842153199921
5,18868699,81.56274353847911
5,19162380,99.22255869352168
5,15884105,104.82819625545302
5,17159230,12.824068782845254
5,15643866,111.25186151821495
5,13023498,113.87365957917827
5,11127230,36.047724034067194
5,16039970,84.4143168877682
5,18148854,60.66896262557207
5,13469241,21.49984337262488
5,12651082,6.3138919790075985
5,15417553,114.70960917570866
5,15089150,144.79913558102896
5,13083167,26.377463559828513
5,19644961,142.6525733482821
5,19753808,6.162453101084396
5,13867618,17.595005840859734
5,14879846,114.85838280874933
5,12405000,13.002513543268911
5,11874273,144.4391611240504
5,13175113,192.66679759520716
5,17984882,10.736587728891617
5,14532532,163.01415190780696
5,19922693,128.5711257523073
5,17169981,13.112182426545838
5,17107172,32.76116199597925
5,10420609,53.17702069155754
5,14738987,97.6880332333976
5,10386905,145.9196940775757
5,16648415,9.09275705305833
5,14121007,6.1729990590010715
5,15595236,110.98371121216535
5,10871586,14.573099446923441
5,13964681,122.51008535902788
5,12888552,57.5489452968122
5,16652577,137.67411740215695
5,12838170,32.10935771237955
5,19782827,158.3433908460727
5,19941237,17.078149766117427
5,18089588,39.98006570295889
5,11452096,60.35975909814474
