id,label
120001,2
120002,3
120003,3
120004,1
120005,3
120006,3
120007,3
120008,3
120009,3
120010,3
120011,3
120012,3
120013,3
120014,3
120015,3
120016,3
120017,3
120018,3
120019,3
120020,2
120021,2
120022,3
120023,3
120024,2
120025,2
120026,3
120027,1
120028,1
120029,1
120030,1
120031,1
120032,1
120033,0
120034,0
120035,0
120036,0
120037,2
120038,0
120039,0
120040,0
120041,1
120042,2
120043,0
120044,3
120045,1
120046,1
120047,0
120048,2
120049,0
120050,1
120051,0
120052,1
120053,0
120054,3
120055,2
120056,3
120057,2
120058,0
120059,2
120060,2
120061,1
120062,1
120063,1
120064,3
120065,0
120066,3
120067,0
120068,0
120069,1
120070,0
120071,3
120072,3
120073,3
120074,0
120075,3
120076,1
120077,0
120078,1
120079,0
120080,1
120081,0
120082,1
120083,2
120084,3
120085,0
120086,0
120087,2
120088,0
120089,1
120090,3
120091,0
120092,2
120093,3
120094,2
120095,1
120096,1
120097,1
120098,2
120099,0
120100,2
120101,1
120102,2
120103,3
120104,2
120105,0
120106,1
120107,2
120108,1
120109,0
120110,3
120111,3
120112,3
120113,3
120114,3
120115,3
120116,1
120117,3
120118,3
120119,2
120120,1
120121,2
120122,1
120123,3
120124,0
120125,3
120126,3
120127,0
120128,1
120129,1
120130,0
120131,0
120132,0
120133,1
120134,0
120135,1
120136,1
120137,0
120138,1
120139,1
120140,0
120141,1
120142,0
120143,1
120144,0
120145,0
120146,0
120147,1
120148,2
120149,1
120150,1
120151,1
120152,0
120153,1
120154,0
120155,2
120156,3
120157,2
120158,1
120159,1
120160,0
120161,1
120162,2
120163,3
120164,0
120165,0
120166,2
120167,2
120168,2
120169,1
120170,0
120171,3
120172,3
120173,2
120174,3
120175,0
120176,0
120177,3
120178,1
120179,3
120180,1
120181,2
120182,1
120183,1
120184,2
120185,2
120186,0
120187,3
120188,0
120189,1
120190,3
120191,3
120192,0
120193,0
120194,0
120195,2
120196,2
120197,2
120198,1
120199,2
120200,1
120201,3
120202,3
120203,3
120204,0
120205,1
120206,1
120207,1
120208,2
120209,1
120210,3
120211,1
120212,0
120213,1
120214,1
120215,1
120216,2
120217,2
120218,2
120219,3
120220,1
120221,1
120222,0
120223,2
120224,1
120225,2
120226,2
120227,0
120228,1
120229,2
120230,0
120231,1
120232,1
120233,2
120234,3
120235,2
120236,1
120237,2
120238,1
120239,0
120240,2
120241,3
120242,1
120243,1
120244,3
120245,2
120246,2
120247,3
120248,3
120249,3
120250,0
120251,2
120252,0
120253,1
120254,2
120255,2
120256,3
120257,2
120258,3
120259,2
120260,3
120261,1
120262,0
120263,2
120264,3
120265,0
120266,3
120267,1
120268,3
120269,1
120270,1
120271,1
120272,0
120273,3
120274,3
120275,1
120276,3
120277,3
120278,1
120279,2
120280,3
120281,2
120282,1
120283,1
120284,3
120285,1
120286,0
120287,2
120288,2
120289,2
120290,1
120291,1
120292,3
120293,2
120294,3
120295,1
120296,2
120297,0
120298,3
120299,1
120300,2
120301,1
120302,2
120303,2
120304,2
120305,2
120306,2
120307,3
120308,3
120309,1
120310,2
120311,2
120312,1
120313,3
120314,2
120315,2
120316,0
120317,0
120318,3
120319,1
120320,2
120321,2
120322,0
120323,1
120324,2
120325,1
120326,3
120327,0
120328,2
120329,3
120330,2
120331,3
120332,1
120333,0
120334,0
120335,1
120336,0
120337,0
120338,2
120339,1
120340,1
120341,3
120342,1
120343,0
120344,1
120345,3
120346,2
120347,2
120348,1
120349,1
120350,2
120351,1
120352,0
120353,0
120354,1
120355,0
120356,1
120357,1
120358,2
120359,1
120360,1
120361,1
120362,0
120363,2
120364,2
120365,0
120366,1
120367,1
120368,2
120369,0
120370,1
120371,1
120372,0
120373,1
120374,1
120375,1
120376,3
120377,1
120378,1
120379,2
120380,0
120381,1
120382,1
120383,3
120384,1
120385,2
120386,1
120387,1
120388,1
120389,0
120390,0
120391,0
120392,1
120393,0
120394,0
120395,0
120396,1
120397,1
120398,3
120399,1
120400,2
120401,3
120402,1
120403,0
120404,0
120405,0
120406,2
120407,2
120408,2
120409,0
120410,1
120411,2
120412,1
120413,0
120414,0
120415,0
120416,1
120417,1
120418,2
120419,2
120420,0
120421,0
120422,1
120423,2
120424,3
120425,3
120426,0
120427,2
120428,2
120429,3
120430,3
120431,0
120432,1
120433,1
120434,2
120435,2
120436,3
120437,2
120438,2
120439,3
120440,3
120441,2
120442,3
120443,0
120444,2
120445,0
120446,3
120447,3
120448,3
120449,2
120450,2
120451,1
120452,0
120453,2
120454,3
120455,3
120456,1
120457,2
120458,3
120459,1
120460,2
120461,1
120462,1
120463,3
120464,1
120465,0
120466,3
120467,2
120468,3
120469,3
120470,1
120471,0
120472,3
120473,0
120474,2
120475,1
120476,3
120477,1
120478,2
120479,0
120480,2
120481,3
120482,2
120483,2
120484,3
120485,2
120486,2
120487,1
120488,2
120489,2
120490,1
120491,1
120492,3
120493,1
120494,2
120495,2
120496,1
120497,2
120498,0
120499,1
120500,3
120501,0
120502,1
120503,1
120504,0
120505,0
120506,0
120507,0
120508,3
120509,2
120510,3
120511,3
120512,1
120513,2
120514,0
120515,0
120516,1
120517,0
120518,2
120519,3
120520,1
120521,2
120522,0
120523,2
120524,0
120525,0
120526,0
120527,3
120528,0
120529,0
120530,0
120531,1
120532,3
120533,3
120534,3
120535,2
120536,2
120537,3
120538,3
120539,1
120540,3
120541,1
120542,0
120543,0
120544,3
120545,1
120546,3
120547,2
120548,1
120549,3
120550,2
120551,0
120552,0
120553,0
120554,0
120555,3
120556,3
120557,3
120558,3
120559,3
120560,3
120561,3
120562,0
120563,2
120564,3
120565,1
120566,2
120567,0
120568,3
120569,2
120570,1
120571,3
120572,2
120573,3
120574,3
120575,1
120576,2
120577,1
120578,3
120579,2
120580,0
120581,1
120582,3
120583,3
120584,1
120585,1
120586,2
120587,3
120588,3
120589,3
120590,2
120591,0
120592,2
120593,3
120594,0
120595,3
120596,0
120597,3
120598,3
120599,2
120600,0
120601,0
120602,2
120603,3
120604,2
120605,1
120606,0
120607,0
120608,3
120609,1
120610,1
120611,1
120612,0
120613,0
120614,1
120615,0
120616,2
120617,3
120618,0
120619,0
120620,2
120621,2
120622,2
120623,3
120624,3
120625,3
120626,0
120627,1
120628,3
120629,2
120630,1
120631,3
120632,1
120633,3
120634,3
120635,2
120636,3
120637,3
120638,1
120639,1
120640,0
120641,2
120642,3
120643,3
120644,0
120645,1
120646,3
120647,0
120648,0
120649,1
120650,2
120651,3
120652,2
120653,0
120654,0
120655,3
120656,2
120657,2
120658,3
120659,3
120660,3
120661,3
120662,3
120663,1
120664,2
120665,2
120666,1
120667,1
120668,2
120669,3
120670,0
120671,1
120672,3
120673,0
120674,0
120675,1
120676,1
120677,1
120678,0
120679,0
120680,1
120681,3
120682,0
120683,0
120684,0
120685,0
120686,2
120687,1
120688,2
120689,2
120690,0
120691,1
120692,1
120693,1
120694,1
120695,0
120696,0
120697,1
120698,0
120699,1
120700,0
120701,2
120702,1
120703,3
120704,0
120705,1
120706,1
120707,3
120708,0
120709,3
120710,2
120711,2
120712,2
120713,2
120714,1
120715,1
120716,3
120717,3
120718,1
120719,1
120720,2
120721,0
120722,0
120723,3
120724,2
120725,0
120726,0
120727,1
120728,2
120729,2
120730,2
120731,2
120732,3
120733,3
120734,2
120735,2
120736,1
120737,2
120738,0
120739,3
120740,1
120741,1
120742,3
120743,0
120744,3
120745,3
120746,2
120747,2
120748,1
120749,3
120750,1
120751,0
120752,0
120753,1
120754,1
120755,0
120756,3
120757,0
120758,0
120759,3
120760,1
120761,2
120762,3
120763,3
120764,3
120765,0
120766,1
120767,1
120768,1
120769,0
120770,1
120771,2
120772,1
120773,0
120774,1
120775,1
120776,0
120777,3
120778,1
120779,3
120780,1
120781,0
120782,0
120783,1
120784,3
120785,1
120786,0
120787,0
120788,1
120789,2
120790,0
120791,0
120792,3
120793,0
120794,1
120795,3
120796,0
120797,2
120798,0
120799,1
120800,0
120801,1
120802,1
120803,0
120804,0
120805,2
120806,3
120807,2
120808,1
120809,0
120810,1
120811,0
120812,3
120813,3
120814,0
120815,1
120816,0
120817,3
120818,1
120819,0
120820,0
120821,0
120822,1
120823,1
120824,1
120825,2
120826,1
120827,0
120828,1
120829,0
120830,0
120831,0
120832,0
120833,0
120834,1
120835,1
120836,3
120837,2
120838,1
120839,0
120840,2
120841,1
120842,0
120843,1
120844,1
120845,0
120846,3
120847,0
120848,0
120849,0
120850,1
120851,3
120852,1
120853,0
120854,1
120855,1
120856,2
120857,1
120858,1
120859,1
120860,3
120861,0
120862,2
120863,1
120864,1
120865,2
120866,2
120867,3
120868,2
120869,0
120870,0
120871,1
120872,1
120873,1
120874,1
120875,1
120876,1
120877,2
120878,3
120879,1
120880,0
120881,3
120882,0
120883,0
120884,2
120885,1
120886,1
120887,1
120888,3
120889,1
120890,2
120891,2
120892,1
120893,3
120894,0
120895,0
120896,2
120897,0
120898,0
120899,0
120900,2
120901,2
120902,1
120903,2
120904,0
120905,3
120906,1
120907,2
120908,2
120909,0
120910,2
120911,3
120912,2
120913,1
120914,1
120915,2
120916,0
120917,2
120918,1
120919,0
120920,0
120921,3
120922,3
120923,2
120924,2
120925,0
120926,0
120927,0
120928,2
120929,3
120930,1
120931,2
120932,2
120933,2
120934,3
120935,3
120936,1
120937,2
120938,0
120939,3
120940,1
120941,1
120942,3
120943,2
120944,1
120945,3
120946,1
120947,3
120948,1
120949,0
120950,1
120951,2
120952,1
120953,1
120954,2
120955,3
120956,2
120957,3
120958,3
120959,0
120960,1
120961,3
120962,0
120963,0
120964,2
120965,3
120966,2
120967,1
120968,1
120969,3
120970,3
120971,2
120972,3
120973,0
120974,0
120975,1
120976,1
120977,3
120978,3
120979,0
120980,3
120981,2
120982,3
120983,3
120984,1
120985,1
120986,3
120987,0
120988,0
120989,3
120990,3
120991,1
120992,2
120993,0
120994,0
120995,3
120996,1
120997,1
120998,1
120999,3
121000,0
121001,2
121002,2
121003,3
121004,0
121005,0
121006,3
121007,2
121008,1
121009,0
121010,3
121011,2
121012,3
121013,2
121014,3
121015,3
121016,3
121017,1
121018,3
121019,2
121020,3
121021,1
121022,0
121023,3
121024,2
121025,3
121026,2
121027,0
121028,3
121029,0
121030,2
121031,2
121032,2
121033,3
121034,0
121035,1
121036,3
121037,2
121038,3
121039,3
121040,0
121041,1
121042,0
121043,2
121044,0
121045,2
121046,3
121047,3
121048,0
121049,1
121050,0
121051,2
121052,3
121053,0
121054,0
121055,1
121056,1
121057,1
121058,3
121059,0
121060,3
121061,1
121062,0
121063,3
121064,2
121065,0
121066,0
121067,3
121068,3
121069,2
121070,1
121071,2
121072,3
121073,3
121074,2
121075,2
121076,3
121077,3
121078,2
121079,3
121080,3
121081,1
121082,1
121083,1
121084,2
121085,0
121086,3
121087,3
121088,2
121089,3
121090,3
121091,0
121092,0
121093,0
121094,2
121095,2
121096,0
121097,0
121098,2
121099,1
121100,2
121101,0
121102,2
121103,1
121104,2
121105,3
121106,0
121107,3
121108,3
121109,3
121110,0
121111,0
121112,2
121113,1
121114,1
121115,1
121116,2
121117,2
121118,0
121119,3
121120,3
121121,1
121122,0
121123,2
121124,2
121125,3
121126,3
121127,2
121128,3
121129,1
121130,1
121131,0
121132,2
121133,3
121134,1
121135,0
121136,1
121137,0
121138,1
121139,1
121140,0
121141,3
121142,1
121143,0
121144,2
121145,1
121146,1
121147,0
121148,1
121149,0
121150,0
121151,0
121152,2
121153,1
121154,1
121155,3
121156,2
121157,0
121158,1
121159,1
121160,1
121161,2
121162,1
121163,3
121164,2
121165,2
121166,2
121167,2
121168,3
121169,2
121170,1
121171,1
121172,1
121173,1
121174,0
121175,1
121176,1
121177,1
121178,2
121179,2
121180,1
121181,0
121182,1
121183,3
121184,3
121185,1
121186,0
121187,0
121188,3
121189,2
121190,0
121191,3
121192,0
121193,1
121194,1
121195,1
121196,0
121197,0
121198,0
121199,1
121200,0
121201,0
121202,1
121203,1
121204,1
121205,0
121206,0
121207,1
121208,0
121209,1
121210,2
121211,2
121212,3
121213,1
121214,0
121215,2
121216,0
121217,1
121218,1
121219,1
121220,2
121221,0
121222,2
121223,0
121224,2
121225,0
121226,0
121227,3
121228,0
121229,1
121230,2
121231,3
121232,1
121233,1
121234,2
121235,3
121236,2
121237,3
121238,3
121239,1
121240,0
121241,2
121242,2
121243,3
121244,2
121245,1
121246,0
121247,1
121248,1
121249,2
121250,1
121251,1
121252,0
121253,3
121254,2
121255,2
121256,0
121257,0
121258,3
121259,2
121260,1
121261,1
121262,1
121263,3
121264,0
121265,0
121266,3
121267,0
121268,1
121269,3
121270,0
121271,2
121272,1
121273,0
121274,2
121275,2
121276,2
121277,1
121278,2
121279,0
121280,2
121281,2
121282,1
121283,1
121284,1
121285,1
121286,3
121287,2
121288,1
121289,1
121290,2
121291,0
121292,3
121293,3
121294,2
121295,3
121296,2
121297,0
121298,3
121299,0
121300,0
121301,0
121302,3
121303,1
121304,0
121305,1
121306,2
121307,0
121308,0
121309,0
121310,1
121311,2
121312,2
121313,3
121314,0
121315,3
121316,3
121317,0
121318,0
121319,2
121320,2
121321,1
121322,2
121323,1
121324,3
121325,2
121326,3
121327,3
121328,1
121329,1
121330,0
121331,2
121332,3
121333,3
121334,3
121335,2
121336,2
121337,2
121338,2
121339,0
121340,0
121341,1
121342,2
121343,1
121344,2
121345,2
121346,3
121347,3
121348,2
121349,1
121350,3
121351,3
121352,1
121353,0
121354,1
121355,3
121356,2
121357,1
121358,2
121359,2
121360,2
121361,3
121362,2
121363,1
121364,3
121365,2
121366,0
121367,2
121368,2
121369,3
121370,2
121371,3
121372,1
121373,2
121374,2
121375,2
121376,3
121377,3
121378,0
121379,3
121380,0
121381,2
121382,1
121383,1
121384,3
121385,1
121386,0
121387,0
121388,2
121389,2
121390,1
121391,3
121392,3
121393,3
121394,1
121395,0
121396,2
121397,2
121398,1
121399,2
121400,0
121401,1
121402,3
121403,0
121404,0
121405,1
121406,1
121407,1
121408,1
121409,1
121410,2
121411,2
121412,2
121413,3
121414,3
121415,1
121416,2
121417,0
121418,1
121419,1
121420,2
121421,2
121422,0
121423,1
121424,0
121425,0
121426,3
121427,3
121428,3
121429,3
121430,3
121431,2
121432,2
121433,2
121434,3
121435,3
121436,1
121437,0
121438,3
121439,3
121440,3
121441,1
121442,2
121443,0
121444,3
121445,3
121446,0
121447,3
121448,0
121449,0
121450,3
121451,2
121452,2
121453,3
121454,0
121455,1
121456,0
121457,2
121458,3
121459,1
121460,0
121461,3
121462,0
121463,3
121464,0
121465,0
121466,1
121467,1
121468,1
121469,1
121470,2
121471,1
121472,3
121473,0
121474,1
121475,3
121476,0
121477,2
121478,0
121479,1
121480,0
121481,2
121482,2
121483,2
121484,2
121485,1
121486,3
121487,3
121488,1
121489,1
121490,1
121491,0
121492,0
121493,0
121494,1
121495,3
121496,2
121497,1
121498,3
121499,3
121500,3
121501,2
121502,2
121503,1
121504,3
121505,0
121506,0
121507,0
121508,3
121509,2
121510,3
121511,3
121512,2
121513,3
121514,3
121515,2
121516,1
121517,3
121518,0
121519,1
121520,0
121521,3
121522,0
121523,1
121524,0
121525,2
121526,0
121527,3
121528,0
121529,0
121530,0
121531,2
121532,2
121533,0
121534,0
121535,3
121536,0
121537,1
121538,0
121539,0
121540,2
121541,1
121542,1
121543,3
121544,0
121545,0
121546,0
121547,0
121548,1
121549,0
121550,0
121551,3
121552,1
121553,2
121554,1
121555,1
121556,1
121557,2
121558,1
121559,1
121560,0
121561,1
121562,2
121563,0
121564,1
121565,1
121566,1
121567,1
121568,0
121569,0
121570,1
121571,1
121572,1
121573,0
121574,3
121575,1
121576,2
121577,0
121578,1
121579,0
121580,3
121581,0
121582,0
121583,0
121584,1
121585,2
121586,1
121587,0
121588,0
121589,1
121590,0
121591,2
121592,2
121593,1
121594,0
121595,1
121596,0
121597,1
121598,2
121599,0
121600,1
121601,3
121602,1
121603,2
121604,3
121605,1
121606,0
121607,3
121608,2
121609,0
121610,2
121611,3
121612,2
121613,3
121614,1
121615,1
121616,2
121617,0
121618,1
121619,3
121620,3
121621,3
121622,3
121623,2
121624,0
121625,1
121626,3
121627,3
121628,1
121629,2
121630,3
121631,3
121632,2
121633,1
121634,3
121635,3
121636,2
121637,0
121638,0
121639,2
121640,3
121641,3
121642,3
121643,3
121644,1
121645,0
121646,2
121647,1
121648,3
121649,0
121650,0
121651,1
121652,1
121653,2
121654,3
121655,2
121656,3
121657,1
121658,2
121659,2
121660,3
121661,3
121662,2
121663,2
121664,1
121665,0
121666,2
121667,3
121668,3
121669,0
121670,3
121671,2
121672,0
121673,0
121674,3
121675,1
121676,0
121677,3
121678,1
121679,2
121680,1
121681,0
121682,2
121683,1
121684,3
121685,1
121686,0
121687,3
121688,2
121689,2
121690,3
121691,3
121692,2
121693,2
121694,2
121695,2
121696,3
121697,3
121698,0
121699,1
121700,2
121701,0
121702,1
121703,3
121704,3
121705,2
121706,2
121707,1
121708,1
121709,2
121710,3
121711,3
121712,3
121713,2
121714,3
121715,2
121716,1
121717,0
121718,3
121719,2
121720,2
121721,2
121722,3
121723,1
121724,0
121725,3
121726,3
121727,2
121728,1
121729,3
121730,0
121731,2
121732,1
121733,1
121734,1
121735,1
121736,2
121737,1
121738,1
121739,1
121740,0
121741,1
121742,1
121743,3
121744,3
121745,0
121746,0
121747,2
121748,0
121749,2
121750,1
121751,3
121752,0
121753,2
121754,1
121755,3
121756,3
121757,0
121758,2
121759,1
121760,1
121761,0
121762,1
121763,3
121764,2
121765,0
121766,1
121767,2
121768,1
121769,0
121770,2
121771,3
121772,2
121773,0
121774,3
121775,2
121776,2
121777,1
121778,1
121779,0
121780,2
121781,0
121782,0
121783,1
121784,2
121785,3
121786,1
121787,1
121788,1
121789,2
121790,1
121791,3
121792,0
121793,2
121794,1
121795,1
121796,3
121797,2
121798,3
121799,1
121800,2
121801,0
121802,1
121803,3
121804,1
121805,2
121806,1
121807,3
121808,1
121809,0
121810,1
121811,1
121812,2
121813,1
121814,0
121815,3
121816,1
121817,0
121818,0
121819,0
121820,2
121821,3
121822,1
121823,0
121824,3
121825,1
121826,2
121827,2
121828,0
121829,0
121830,1
121831,1
121832,2
121833,1
121834,3
121835,0
121836,3
121837,0
121838,1
121839,2
121840,0
121841,2
121842,0
121843,0
121844,0
121845,0
121846,3
121847,0
121848,2
121849,0
121850,1
121851,0
121852,3
121853,0
121854,2
121855,3
121856,3
121857,0
121858,0
121859,1
121860,2
121861,0
121862,2
121863,2
121864,3
121865,3
121866,2
121867,0
121868,0
121869,3
121870,0
121871,2
121872,1
121873,0
121874,3
121875,3
121876,2
121877,1
121878,0
121879,3
121880,1
121881,0
121882,0
121883,1
121884,3
121885,2
121886,3
121887,0
121888,0
121889,3
121890,3
121891,3
121892,0
121893,0
121894,2
121895,0
121896,3
121897,0
121898,2
121899,3
121900,3
121901,2
121902,3
121903,1
121904,0
121905,0
121906,3
121907,1
121908,2
121909,1
121910,0
121911,1
121912,3
121913,0
121914,2
121915,3
121916,1
121917,3
121918,1
121919,3
121920,3
121921,2
121922,2
121923,3
121924,3
121925,2
121926,0
121927,2
121928,2
121929,2
121930,2
121931,1
121932,1
121933,1
121934,0
121935,0
121936,3
121937,0
121938,3
121939,3
121940,0
121941,1
121942,3
121943,1
121944,0
121945,1
121946,1
121947,0
121948,1
121949,1
121950,2
121951,1
121952,0
121953,1
121954,3
121955,3
121956,3
121957,1
121958,1
121959,2
121960,2
121961,1
121962,3
121963,2
121964,1
121965,3
121966,0
121967,0
121968,3
121969,3
121970,1
121971,1
121972,0
121973,2
121974,3
121975,1
121976,0
121977,1
121978,0
121979,3
121980,0
121981,0
121982,0
121983,1
121984,3
121985,3
121986,1
121987,3
121988,0
121989,3
121990,2
121991,3
121992,2
121993,1
121994,2
121995,0
121996,2
121997,3
121998,2
121999,0
122000,1
122001,1
122002,1
122003,1
122004,1
122005,0
122006,2
122007,3
122008,3
122009,1
122010,3
122011,2
122012,0
122013,0
122014,0
122015,0
122016,0
122017,0
122018,0
122019,1
122020,1
122021,0
122022,0
122023,0
122024,1
122025,0
122026,3
122027,1
122028,0
122029,1
122030,0
122031,0
122032,1
122033,1
122034,2
122035,3
122036,2
122037,1
122038,0
122039,2
122040,1
122041,1
122042,3
122043,0
122044,0
122045,1
122046,1
122047,1
122048,3
122049,1
122050,2
122051,1
122052,1
122053,1
122054,2
122055,0
122056,0
122057,0
122058,0
122059,1
122060,0
122061,0
122062,3
122063,3
122064,0
122065,1
122066,0
122067,1
122068,2
122069,2
122070,1
122071,3
122072,0
122073,1
122074,0
122075,0
122076,1
122077,0
122078,1
122079,1
122080,1
122081,2
122082,3
122083,3
122084,0
122085,2
122086,3
122087,2
122088,0
122089,3
122090,3
122091,1
122092,3
122093,0
122094,3
122095,3
122096,2
122097,1
122098,1
122099,2
122100,1
122101,3
122102,3
122103,3
122104,3
122105,3
122106,2
122107,3
122108,3
122109,0
122110,1
122111,1
122112,2
122113,3
122114,3
122115,1
122116,3
122117,2
122118,2
122119,0
122120,1
122121,3
122122,2
122123,2
122124,2
122125,3
122126,0
122127,0
122128,2
122129,3
122130,3
122131,3
122132,3
122133,1
122134,3
122135,0
122136,0
122137,1
122138,0
122139,0
122140,3
122141,0
122142,3
122143,2
122144,3
122145,1
122146,3
122147,1
122148,1
122149,2
122150,3
122151,0
122152,3
122153,2
122154,1
122155,0
122156,1
122157,2
122158,2
122159,0
122160,0
122161,1
122162,0
122163,3
122164,2
122165,0
122166,3
122167,3
122168,0
122169,3
122170,3
122171,3
122172,1
122173,0
122174,1
122175,0
122176,2
122177,3
122178,3
122179,3
122180,3
122181,3
122182,3
122183,2
122184,0
122185,0
122186,3
122187,2
122188,0
122189,2
122190,2
122191,2
122192,3
122193,1
122194,3
122195,3
122196,0
122197,3
122198,3
122199,0
122200,3
122201,0
122202,1
122203,3
122204,0
122205,2
122206,2
122207,2
122208,3
122209,3
122210,3
122211,3
122212,3
122213,2
122214,2
122215,2
122216,0
122217,1
122218,3
122219,0
122220,3
122221,1
122222,1
122223,3
122224,3
122225,0
122226,3
122227,0
122228,3
122229,0
122230,1
122231,1
122232,0
122233,2
122234,2
122235,3
122236,1
122237,3
122238,0
122239,2
122240,1
122241,1
122242,0
122243,0
122244,1
122245,1
122246,3
122247,0
122248,2
122249,3
122250,0
122251,1
122252,3
122253,3
122254,3
122255,0
122256,2
122257,2
122258,2
122259,2
122260,2
122261,3
122262,1
122263,3
122264,2
122265,1
122266,1
122267,3
122268,1
122269,1
122270,3
122271,3
122272,0
122273,3
122274,0
122275,3
122276,2
122277,0
122278,1
122279,2
122280,2
122281,0
122282,0
122283,3
122284,2
122285,0
122286,2
122287,3
122288,3
122289,0
122290,3
122291,0
122292,3
122293,3
122294,3
122295,3
122296,1
122297,3
122298,1
122299,2
122300,0
122301,0
122302,1
122303,1
122304,0
122305,1
122306,1
122307,2
122308,2
122309,2
122310,0
122311,2
122312,2
122313,2
122314,2
122315,2
122316,1
122317,3
122318,2
122319,2
122320,2
122321,1
122322,2
122323,2
122324,3
122325,0
122326,0
122327,1
122328,1
122329,1
122330,1
122331,1
122332,2
122333,2
122334,3
122335,1
122336,3
122337,3
122338,1
122339,2
122340,0
122341,0
122342,1
122343,2
122344,3
122345,2
122346,3
122347,1
122348,0
122349,3
122350,0
122351,3
122352,2
122353,2
122354,3
122355,2
122356,3
122357,2
122358,0
122359,3
122360,2
122361,0
122362,0
122363,1
122364,2
122365,3
122366,0
122367,0
122368,2
122369,0
122370,0
122371,0
122372,1
122373,0
122374,2
122375,3
122376,1
122377,2
122378,2
122379,0
122380,3
122381,3
122382,3
122383,3
122384,1
122385,3
122386,2
122387,0
122388,3
122389,1
122390,1
122391,1
122392,2
122393,0
122394,1
122395,2
122396,2
122397,2
122398,0
122399,0
122400,0
122401,3
122402,2
122403,1
122404,1
122405,1
122406,2
122407,0
122408,2
122409,3
122410,1
122411,0
122412,1
122413,3
122414,2
122415,3
122416,3
122417,1
122418,0
122419,0
122420,3
122421,2
122422,2
122423,3
122424,0
122425,2
122426,2
122427,0
122428,2
122429,3
122430,0
122431,2
122432,2
122433,3
122434,1
122435,3
122436,2
122437,3
122438,3
122439,0
122440,2
122441,2
122442,3
122443,0
122444,0
122445,2
122446,2
122447,0
122448,3
122449,3
122450,2
122451,2
122452,2
122453,3
122454,1
122455,1
122456,1
122457,1
122458,3
122459,1
122460,1
122461,0
122462,0
122463,2
122464,0
122465,1
122466,1
122467,2
122468,1
122469,1
122470,2
122471,2
122472,1
122473,1
122474,1
122475,2
122476,1
122477,0
122478,1
122479,1
122480,2
122481,1
122482,2
122483,0
122484,3
122485,1
122486,1
122487,0
122488,0
122489,2
122490,2
122491,1
122492,3
122493,1
122494,1
122495,1
122496,1
122497,2
122498,2
122499,0
122500,1
122501,2
122502,2
122503,1
122504,1
122505,0
122506,1
122507,0
122508,0
122509,3
122510,1
122511,1
122512,1
122513,0
122514,0
122515,0
122516,1
122517,1
122518,1
122519,1
122520,0
122521,3
122522,0
122523,3
122524,1
122525,0
122526,0
122527,1
122528,0
122529,0
122530,1
122531,1
122532,0
122533,1
122534,3
122535,3
122536,2
122537,1
122538,1
122539,1
122540,0
122541,0
122542,2
122543,3
122544,2
122545,1
122546,2
122547,2
122548,0
122549,0
122550,0
122551,2
122552,1
122553,1
122554,0
122555,0
122556,3
122557,3
122558,1
122559,0
122560,0
122561,1
122562,0
122563,1
122564,0
122565,0
122566,2
122567,0
122568,0
122569,1
122570,1
122571,1
122572,3
122573,0
122574,2
122575,3
122576,3
122577,1
122578,2
122579,0
122580,2
122581,2
122582,2
122583,3
122584,3
122585,1
122586,3
122587,3
122588,0
122589,2
122590,3
122591,2
122592,1
122593,2
122594,0
122595,2
122596,0
122597,2
122598,2
122599,3
122600,2
122601,2
122602,3
122603,0
122604,0
122605,0
122606,3
122607,1
122608,3
122609,3
122610,2
122611,3
122612,3
122613,0
122614,2
122615,2
122616,1
122617,3
122618,2
122619,3
122620,3
122621,2
122622,3
122623,1
122624,1
122625,0
122626,3
122627,1
122628,2
122629,2
122630,1
122631,1
122632,1
122633,0
122634,0
122635,1
122636,3
122637,2
122638,0
122639,2
122640,1
122641,1
122642,1
122643,1
122644,2
122645,1
122646,1
122647,0
122648,0
122649,2
122650,2
122651,3
122652,1
122653,2
122654,0
122655,2
122656,3
122657,1
122658,0
122659,2
122660,2
122661,2
122662,1
122663,2
122664,0
122665,2
122666,1
122667,2
122668,3
122669,0
122670,3
122671,2
122672,2
122673,2
122674,3
122675,3
122676,2
122677,3
122678,3
122679,3
122680,3
122681,2
122682,3
122683,3
122684,2
122685,2
122686,0
122687,2
122688,2
122689,2
122690,1
122691,1
122692,1
122693,3
122694,3
122695,2
122696,0
122697,2
122698,2
122699,3
122700,2
122701,2
122702,2
122703,0
122704,2
122705,0
122706,1
122707,2
122708,3
122709,3
122710,3
122711,2
122712,0
122713,3
122714,1
122715,2
122716,1
122717,1
122718,1
122719,3
122720,3
122721,0
122722,0
122723,3
122724,1
122725,2
122726,0
122727,2
122728,3
122729,1
122730,2
122731,0
122732,2
122733,3
122734,1
122735,0
122736,2
122737,1
122738,1
122739,1
122740,1
122741,0
122742,2
122743,3
122744,0
122745,1
122746,2
122747,2
122748,1
122749,3
122750,2
122751,3
122752,1
122753,3
122754,3
122755,3
122756,2
122757,3
122758,2
122759,0
122760,2
122761,3
122762,0
122763,2
122764,3
122765,3
122766,2
122767,3
122768,3
122769,2
122770,0
122771,3
122772,2
122773,2
122774,3
122775,1
122776,2
122777,3
122778,1
122779,2
122780,3
122781,3
122782,0
122783,1
122784,2
122785,1
122786,3
122787,0
122788,3
122789,3
122790,2
122791,3
122792,2
122793,3
122794,1
122795,1
122796,2
122797,3
122798,3
122799,1
122800,3
122801,3
122802,3
122803,0
122804,1
122805,3
122806,2
122807,2
122808,3
122809,0
122810,1
122811,3
122812,3
122813,3
122814,3
122815,0
122816,2
122817,2
122818,0
122819,3
122820,0
122821,1
122822,1
122823,2
122824,2
122825,0
122826,1
122827,1
122828,2
122829,3
122830,1
122831,0
122832,1
122833,1
122834,0
122835,0
122836,2
122837,2
122838,1
122839,0
122840,0
122841,0
122842,2
122843,3
122844,2
122845,3
122846,1
122847,0
122848,2
122849,2
122850,3
122851,2
122852,2
122853,2
122854,0
122855,2
122856,0
122857,2
122858,1
122859,1
122860,1
122861,0
122862,3
122863,3
122864,1
122865,3
122866,0
122867,2
122868,2
122869,3
122870,2
122871,1
122872,1
122873,1
122874,2
122875,1
122876,2
122877,1
122878,3
122879,2
122880,3
122881,1
122882,0
122883,3
122884,1
122885,0
122886,3
122887,3
122888,0
122889,1
122890,1
122891,1
122892,1
122893,1
122894,1
122895,3
122896,1
122897,1
122898,2
122899,1
122900,2
122901,1
122902,0
122903,3
122904,0
122905,1
122906,1
122907,0
122908,1
122909,1
122910,2
122911,3
122912,0
122913,0
122914,3
122915,2
122916,3
122917,1
122918,1
122919,3
122920,2
122921,0
122922,0
122923,2
122924,2
122925,1
122926,0
122927,3
122928,1
122929,3
122930,3
122931,3
122932,3
122933,3
122934,1
122935,1
122936,3
122937,3
122938,2
122939,2
122940,3
122941,2
122942,3
122943,1
122944,1
122945,2
122946,2
122947,3
122948,0
122949,3
122950,3
122951,1
122952,1
122953,2
122954,3
122955,1
122956,3
122957,0
122958,2
122959,3
122960,0
122961,1
122962,1
122963,3
122964,1
122965,0
122966,3
122967,0
122968,2
122969,0
122970,3
122971,2
122972,2
122973,1
122974,0
122975,2
122976,2
122977,3
122978,0
122979,2
122980,3
122981,1
122982,2
122983,3
122984,0
122985,0
122986,2
122987,2
122988,2
122989,2
122990,0
122991,0
122992,1
122993,1
122994,0
122995,1
122996,1
122997,0
122998,0
122999,1
123000,0
123001,1
123002,2
123003,1
123004,2
123005,3
123006,3
123007,0
123008,1
123009,2
123010,1
123011,2
123012,2
123013,3
123014,0
123015,2
123016,1
123017,0
123018,2
123019,1
123020,0
123021,2
123022,0
123023,1
123024,2
123025,1
123026,2
123027,1
123028,2
123029,1
123030,1
123031,1
123032,1
123033,1
123034,0
123035,3
123036,3
123037,1
123038,1
123039,3
123040,0
123041,0
123042,0
123043,0
123044,1
123045,0
123046,2
123047,1
123048,1
123049,0
123050,0
123051,1
123052,2
123053,2
123054,1
123055,0
123056,2
123057,3
123058,0
123059,0
123060,3
123061,2
123062,0
123063,2
123064,1
123065,0
123066,1
123067,1
123068,2
123069,0
123070,2
123071,2
123072,1
123073,1
123074,3
123075,1
123076,0
123077,2
123078,1
123079,2
123080,1
123081,3
123082,0
123083,0
123084,2
123085,2
123086,0
123087,2
123088,3
123089,1
123090,2
123091,3
123092,1
123093,1
123094,0
123095,1
123096,1
123097,2
123098,3
123099,2
123100,3
123101,3
123102,2
123103,0
123104,3
123105,2
123106,2
123107,0
123108,3
123109,0
123110,1
123111,3
123112,0
123113,2
123114,0
123115,3
123116,3
123117,2
123118,1
123119,0
123120,2
123121,3
123122,2
123123,0
123124,0
123125,0
123126,2
123127,1
123128,3
123129,2
123130,3
123131,2
123132,1
123133,0
123134,0
123135,2
123136,2
123137,3
123138,0
123139,0
123140,3
123141,3
123142,2
123143,1
123144,0
123145,0
123146,3
123147,2
123148,0
123149,1
123150,1
123151,1
123152,0
123153,0
123154,0
123155,1
123156,2
123157,3
123158,3
123159,2
123160,3
123161,1
123162,0
123163,3
123164,2
123165,0
123166,1
123167,1
123168,0
123169,3
123170,0
123171,3
123172,2
123173,2
123174,1
123175,0
123176,3
123177,0
123178,2
123179,2
123180,1
123181,0
123182,0
123183,2
123184,3
123185,2
123186,3
123187,1
123188,0
123189,2
123190,2
123191,2
123192,0
123193,2
123194,2
123195,0
123196,0
123197,0
123198,3
123199,3
123200,3
123201,1
123202,2
123203,2
123204,0
123205,3
123206,0
123207,0
123208,2
123209,1
123210,2
123211,0
123212,0
123213,2
123214,2
123215,2
123216,2
123217,1
123218,2
123219,2
123220,0
123221,3
123222,3
123223,3
123224,3
123225,0
123226,2
123227,0
123228,3
123229,0
123230,3
123231,1
123232,1
123233,1
123234,0
123235,1
123236,1
123237,2
123238,1
123239,1
123240,0
123241,2
123242,3
123243,2
123244,2
123245,1
123246,0
123247,2
123248,0
123249,0
123250,0
123251,0
123252,3
123253,2
123254,0
123255,0
123256,0
123257,3
123258,3
123259,2
123260,1
123261,2
123262,1
123263,3
123264,3
123265,3
123266,1
123267,2
123268,2
123269,0
123270,2
123271,3
123272,1
123273,2
123274,1
123275,2
123276,1
123277,2
123278,2
123279,3
123280,0
123281,3
123282,3
123283,0
123284,1
123285,0
123286,3
123287,0
123288,3
123289,2
123290,3
123291,3
123292,3
123293,3
123294,3
123295,2
123296,0
123297,3
123298,0
123299,0
123300,2
123301,0
123302,0
123303,1
123304,2
123305,2
123306,3
123307,3
123308,2
123309,1
123310,1
123311,3
123312,0
123313,2
123314,3
123315,0
123316,0
123317,0
123318,1
123319,1
123320,2
123321,1
123322,2
123323,1
123324,2
123325,2
123326,2
123327,1
123328,2
123329,0
123330,2
123331,2
123332,1
123333,2
123334,0
123335,3
123336,2
123337,1
123338,1
123339,1
123340,2
123341,1
123342,2
123343,3
123344,2
123345,0
123346,0
123347,1
123348,1
123349,1
123350,1
123351,2
123352,2
123353,1
123354,0
123355,3
123356,3
123357,2
123358,1
123359,0
123360,1
123361,1
123362,1
123363,1
123364,2
123365,3
123366,1
123367,1
123368,0
123369,3
123370,1
123371,3
123372,3
123373,1
123374,1
123375,3
123376,3
123377,1
123378,0
123379,0
123380,2
123381,2
123382,2
123383,3
123384,3
123385,2
123386,1
123387,2
123388,1
123389,0
123390,0
123391,2
123392,1
123393,1
123394,0
123395,3
123396,3
123397,2
123398,3
123399,0
123400,0
123401,0
123402,3
123403,3
123404,2
123405,3
123406,3
123407,2
123408,0
123409,0
123410,1
123411,2
123412,2
123413,3
123414,1
123415,3
123416,2
123417,1
123418,3
123419,2
123420,2
123421,3
123422,3
123423,0
123424,2
123425,1
123426,1
123427,3
123428,2
123429,0
123430,3
123431,2
123432,0
123433,2
123434,3
123435,0
123436,3
123437,0
123438,2
123439,3
123440,0
123441,2
123442,3
123443,1
123444,3
123445,0
123446,2
123447,0
123448,2
123449,2
123450,3
123451,0
123452,0
123453,0
123454,2
123455,0
123456,3
123457,3
123458,1
123459,2
123460,3
123461,3
123462,0
123463,1
123464,1
123465,1
123466,0
123467,2
123468,3
123469,1
123470,2
123471,3
123472,2
123473,3
123474,0
123475,0
123476,3
123477,3
123478,0
123479,3
123480,0
123481,0
123482,0
123483,2
123484,0
123485,0
123486,0
123487,3
123488,3
123489,2
123490,1
123491,1
123492,0
123493,2
123494,0
123495,0
123496,2
123497,3
123498,1
123499,1
123500,1
123501,0
123502,3
123503,3
123504,0
123505,0
123506,0
123507,3
123508,1
123509,2
123510,0
123511,0
123512,0
123513,3
123514,0
123515,1
123516,0
123517,0
123518,0
123519,0
123520,1
123521,1
123522,1
123523,1
123524,1
123525,0
123526,1
123527,0
123528,1
123529,0
123530,1
123531,1
123532,0
123533,3
123534,0
123535,1
123536,3
123537,0
123538,2
123539,0
123540,1
123541,0
123542,1
123543,2
123544,1
123545,1
123546,0
123547,3
123548,0
123549,3
123550,0
123551,1
123552,1
123553,0
123554,2
123555,0
123556,0
123557,2
123558,1
123559,0
123560,1
123561,1
123562,3
123563,1
123564,1
123565,3
123566,0
123567,2
123568,3
123569,1
123570,0
123571,1
123572,2
123573,0
123574,2
123575,3
123576,2
123577,3
123578,2
123579,1
123580,0
123581,3
123582,0
123583,3
123584,2
123585,1
123586,1
123587,1
123588,0
123589,3
123590,2
123591,3
123592,2
123593,2
123594,2
123595,0
123596,2
123597,1
123598,1
123599,0
123600,1
123601,2
123602,1
123603,3
123604,1
123605,0
123606,3
123607,0
123608,2
123609,0
123610,0
123611,3
123612,0
123613,3
123614,0
123615,3
123616,0
123617,0
123618,3
123619,1
123620,0
123621,1
123622,1
123623,0
123624,3
123625,2
123626,0
123627,1
123628,3
123629,2
123630,0
123631,1
123632,2
123633,2
123634,0
123635,2
123636,2
123637,1
123638,2
123639,0
123640,1
123641,2
123642,1
123643,3
123644,0
123645,0
123646,3
123647,1
123648,1
123649,0
123650,0
123651,0
123652,3
123653,3
123654,2
123655,0
123656,2
123657,2
123658,0
123659,2
123660,3
123661,0
123662,1
123663,2
123664,2
123665,2
123666,0
123667,1
123668,3
123669,3
123670,0
123671,3
123672,3
123673,3
123674,0
123675,2
123676,2
123677,3
123678,1
123679,0
123680,3
123681,2
123682,3
123683,2
123684,0
123685,1
123686,2
123687,0
123688,3
123689,1
123690,2
123691,3
123692,3
123693,2
123694,1
123695,2
123696,1
123697,0
123698,0
123699,0
123700,2
123701,2
123702,2
123703,2
123704,3
123705,1
123706,0
123707,3
123708,0
123709,0
123710,1
123711,0
123712,2
123713,2
123714,2
123715,3
123716,3
123717,2
123718,3
123719,1
123720,1
123721,2
123722,1
123723,3
123724,2
123725,2
123726,1
123727,3
123728,0
123729,3
123730,2
123731,3
123732,3
123733,3
123734,1
123735,1
123736,0
123737,1
123738,0
123739,3
123740,3
123741,1
123742,3
123743,2
123744,0
123745,1
123746,1
123747,1
123748,2
123749,1
123750,0
123751,2
123752,2
123753,2
123754,0
123755,2
123756,0
123757,0
123758,3
123759,0
123760,2
123761,3
123762,0
123763,0
123764,2
123765,2
123766,2
123767,3
123768,0
123769,1
123770,2
123771,2
123772,1
123773,1
123774,1
123775,0
123776,2
123777,3
123778,0
123779,2
123780,2
123781,3
123782,1
123783,0
123784,0
123785,0
123786,0
123787,0
123788,3
123789,3
123790,2
123791,2
123792,1
123793,1
123794,3
123795,1
123796,2
123797,3
123798,2
123799,1
123800,0
123801,3
123802,3
123803,3
123804,1
123805,2
123806,1
123807,1
123808,2
123809,1
123810,1
123811,0
123812,3
123813,2
123814,3
123815,0
123816,3
123817,3
123818,2
123819,3
123820,2
123821,1
123822,0
123823,2
123824,2
123825,3
123826,1
123827,2
123828,3
123829,3
123830,2
123831,3
123832,1
123833,0
123834,0
123835,3
123836,3
123837,1
123838,1
123839,0
123840,1
123841,1
123842,1
123843,2
123844,0
123845,0
123846,0
123847,3
123848,3
123849,1
123850,3
123851,0
123852,1
123853,1
123854,3
123855,2
123856,0
123857,2
123858,2
123859,1
123860,1
123861,0
123862,2
123863,2
123864,0
123865,2
123866,1
123867,2
123868,2
123869,2
123870,3
123871,2
123872,1
123873,3
123874,0
123875,0
123876,2
123877,0
123878,0
123879,0
123880,3
123881,2
123882,1
123883,2
123884,3
123885,1
123886,1
123887,0
123888,2
123889,3
123890,2
123891,2
123892,3
123893,1
123894,0
123895,1
123896,0
123897,1
123898,0
123899,1
123900,1
123901,1
123902,1
123903,2
123904,0
123905,0
123906,1
123907,0
123908,2
123909,1
123910,0
123911,0
123912,0
123913,0
123914,0
123915,0
123916,0
123917,0
123918,1
123919,0
123920,1
123921,0
123922,1
123923,3
123924,1
123925,1
123926,0
123927,1
123928,1
123929,0
123930,0
123931,0
123932,0
123933,1
123934,1
123935,2
123936,1
123937,1
123938,1
123939,1
123940,1
123941,2
123942,1
123943,1
123944,0
123945,1
123946,2
123947,1
123948,1
123949,0
123950,1
123951,3
123952,1
123953,1
123954,1
123955,3
123956,1
123957,0
123958,0
123959,0
123960,1
123961,0
123962,1
123963,1
123964,1
123965,3
123966,1
123967,1
123968,0
123969,3
123970,3
123971,3
123972,0
123973,1
123974,3
123975,2
123976,2
123977,2
123978,2
123979,1
123980,0
123981,0
123982,3
123983,1
123984,3
123985,3
123986,3
123987,3
123988,3
123989,2
123990,3
123991,2
123992,3
123993,0
123994,3
123995,3
123996,1
123997,1
123998,1
123999,3
124000,0
124001,3
124002,0
124003,2
124004,2
124005,3
124006,3
124007,2
124008,0
124009,2
124010,3
124011,0
124012,1
124013,3
124014,2
124015,2
124016,0
124017,3
124018,3
124019,1
124020,1
124021,2
124022,3
124023,2
124024,3
124025,2
124026,2
124027,2
124028,1
124029,2
124030,1
124031,2
124032,1
124033,0
124034,2
124035,1
124036,2
124037,3
124038,1
124039,0
124040,0
124041,1
124042,1
124043,1
124044,1
124045,0
124046,2
124047,1
124048,3
124049,3
124050,2
124051,1
124052,3
124053,2
124054,0
124055,1
124056,2
124057,2
124058,3
124059,2
124060,2
124061,2
124062,1
124063,0
124064,2
124065,1
124066,0
124067,1
124068,0
124069,0
124070,3
124071,3
124072,1
124073,3
124074,3
124075,2
124076,3
124077,0
124078,0
124079,2
124080,2
124081,0
124082,3
124083,3
124084,3
124085,3
124086,3
124087,3
124088,0
124089,1
124090,2
124091,3
124092,1
124093,1
124094,2
124095,1
124096,0
124097,2
124098,2
124099,2
124100,1
124101,3
124102,2
124103,3
124104,3
124105,0
124106,3
124107,0
124108,3
124109,0
124110,2
124111,2
124112,3
124113,1
124114,1
124115,0
124116,3
124117,2
124118,0
124119,0
124120,2
124121,3
124122,3
124123,3
124124,2
124125,1
124126,1
124127,1
124128,0
124129,2
124130,1
124131,2
124132,3
124133,2
124134,2
124135,0
124136,1
124137,2
124138,1
124139,3
124140,0
124141,3
124142,1
124143,1
124144,0
124145,1
124146,3
124147,0
124148,0
124149,2
124150,2
124151,3
124152,2
124153,3
124154,3
124155,0
124156,0
124157,0
124158,2
124159,2
124160,3
124161,2
124162,2
124163,0
124164,2
124165,2
124166,2
124167,2
124168,1
124169,2
124170,0
124171,1
124172,0
124173,2
124174,3
124175,3
124176,1
124177,0
124178,3
124179,0
124180,1
124181,1
124182,2
124183,0
124184,0
124185,3
124186,2
124187,3
124188,3
124189,0
124190,2
124191,1
124192,2
124193,1
124194,1
124195,3
124196,3
124197,1
124198,0
124199,2
124200,1
124201,0
124202,3
124203,1
124204,3
124205,1
124206,2
124207,1
124208,1
124209,0
124210,0
124211,2
124212,0
124213,0
124214,1
124215,2
124216,1
124217,2
124218,0
124219,3
124220,2
124221,1
124222,2
124223,2
124224,2
124225,1
124226,3
124227,3
124228,0
124229,2
124230,0
124231,2
124232,3
124233,3
124234,2
124235,1
124236,2
124237,2
124238,1
124239,1
124240,1
124241,1
124242,3
124243,2
124244,0
124245,3
124246,3
124247,0
124248,0
124249,3
124250,2
124251,0
124252,0
124253,3
124254,2
124255,2
124256,2
124257,2
124258,3
124259,3
124260,3
124261,1
124262,0
124263,0
124264,2
124265,3
124266,1
124267,3
124268,3
124269,2
124270,2
124271,3
124272,1
124273,3
124274,2
124275,1
124276,0
124277,1
124278,3
124279,3
124280,1
124281,1
124282,1
124283,0
124284,1
124285,2
124286,3
124287,0
124288,2
124289,2
124290,2
124291,0
124292,0
124293,2
124294,2
124295,3
124296,0
124297,1
124298,2
124299,1
124300,0
124301,0
124302,1
124303,1
124304,0
124305,2
124306,3
124307,3
124308,0
124309,2
124310,2
124311,2
124312,2
124313,3
124314,0
124315,1
124316,0
124317,3
124318,2
124319,3
124320,2
124321,3
124322,1
124323,3
124324,2
124325,3
124326,2
124327,2
124328,2
124329,1
124330,1
124331,1
124332,0
124333,3
124334,1
124335,0
124336,2
124337,0
124338,2
124339,0
124340,0
124341,2
124342,1
124343,3
124344,1
124345,0
124346,1
124347,2
124348,1
124349,1
124350,2
124351,1
124352,3
124353,1
124354,0
124355,2
124356,1
124357,2
124358,0
124359,0
124360,3
124361,0
124362,1
124363,1
124364,2
124365,1
124366,2
124367,2
124368,1
124369,1
124370,3
124371,1
124372,0
124373,0
124374,1
124375,0
124376,0
124377,0
124378,1
124379,0
124380,1
124381,0
124382,3
124383,3
124384,2
124385,1
124386,0
124387,0
124388,1
124389,2
124390,0
124391,2
124392,1
124393,2
124394,1
124395,2
124396,3
124397,2
124398,1
124399,0
124400,0
124401,2
124402,0
124403,2
124404,0
124405,1
124406,1
124407,0
124408,1
124409,2
124410,0
124411,1
124412,1
124413,2
124414,2
124415,0
124416,0
124417,0
124418,0
124419,1
124420,0
124421,1
124422,1
124423,0
124424,0
124425,1
124426,0
124427,0
124428,1
124429,1
124430,1
124431,0
124432,1
124433,1
124434,1
124435,1
124436,2
124437,2
124438,2
124439,1
124440,0
124441,2
124442,2
124443,3
124444,1
124445,0
124446,1
124447,1
124448,0
124449,2
124450,1
124451,1
124452,2
124453,0
124454,0
124455,1
124456,0
124457,0
124458,1
124459,1
124460,0
124461,1
124462,1
124463,0
124464,0
124465,3
124466,1
124467,0
124468,3
124469,0
124470,0
124471,3
124472,0
124473,2
124474,2
124475,2
124476,1
124477,1
124478,2
124479,2
124480,2
124481,3
124482,3
124483,3
124484,3
124485,0
124486,0
124487,2
124488,2
124489,3
124490,3
124491,2
124492,3
124493,1
124494,3
124495,3
124496,0
124497,2
124498,0
124499,3
124500,3
124501,1
124502,3
124503,3
124504,3
124505,2
124506,1
124507,3
124508,3
124509,3
124510,1
124511,2
124512,1
124513,0
124514,1
124515,3
124516,3
124517,1
124518,2
124519,2
124520,0
124521,3
124522,2
124523,1
124524,2
124525,1
124526,3
124527,1
124528,3
124529,0
124530,1
124531,2
124532,2
124533,1
124534,2
124535,0
124536,1
124537,2
124538,1
124539,0
124540,1
124541,0
124542,0
124543,2
124544,1
124545,0
124546,0
124547,3
124548,3
124549,0
124550,1
124551,2
124552,2
124553,2
124554,3
124555,2
124556,3
124557,2
124558,3
124559,0
124560,3
124561,2
124562,0
124563,2
124564,0
124565,2
124566,2
124567,2
124568,2
124569,2
124570,3
124571,0
124572,3
124573,2
124574,0
124575,0
124576,0
124577,3
124578,0
124579,0
124580,2
124581,3
124582,1
124583,3
124584,1
124585,3
124586,3
124587,1
124588,2
124589,3
124590,0
124591,0
124592,2
124593,2
124594,3
124595,3
124596,1
124597,3
124598,3
124599,0
124600,2
124601,3
124602,1
124603,0
124604,2
124605,3
124606,3
124607,1
124608,0
124609,3
124610,3
124611,3
124612,2
124613,0
124614,2
124615,1
124616,1
124617,0
124618,3
124619,2
124620,1
124621,0
124622,0
124623,3
124624,3
124625,0
124626,1
124627,1
124628,2
124629,1
124630,2
124631,1
124632,1
124633,1
124634,2
124635,1
124636,2
124637,1
124638,0
124639,2
124640,0
124641,1
124642,3
124643,0
124644,3
124645,0
124646,2
124647,1
124648,0
124649,0
124650,1
124651,2
124652,0
124653,2
124654,2
124655,0
124656,2
124657,0
124658,0
124659,1
124660,1
124661,1
124662,2
124663,3
124664,3
124665,0
124666,3
124667,0
124668,2
124669,0
124670,1
124671,2
124672,3
124673,0
124674,2
124675,3
124676,0
124677,3
124678,3
124679,3
124680,0
124681,2
124682,3
124683,3
124684,0
124685,0
124686,2
124687,2
124688,3
124689,2
124690,3
124691,1
124692,3
124693,0
124694,1
124695,3
124696,1
124697,1
124698,0
124699,1
124700,0
124701,0
124702,3
124703,1
124704,2
124705,3
124706,1
124707,3
124708,1
124709,0
124710,0
124711,1
124712,0
124713,0
124714,2
124715,3
124716,0
124717,0
124718,2
124719,0
124720,2
124721,3
124722,3
124723,2
124724,1
124725,1
124726,1
124727,0
124728,2
124729,1
124730,1
124731,1
124732,1
124733,1
124734,1
124735,0
124736,2
124737,0
124738,3
124739,3
124740,2
124741,3
124742,3
124743,3
124744,1
124745,3
124746,1
124747,2
124748,1
124749,0
124750,3
124751,2
124752,2
124753,0
124754,2
124755,3
124756,1
124757,2
124758,0
124759,2
124760,2
124761,3
124762,0
124763,3
124764,3
124765,0
124766,2
124767,2
124768,3
124769,2
124770,2
124771,1
124772,3
124773,1
124774,3
124775,0
124776,3
124777,3
124778,1
124779,3
124780,3
124781,1
124782,1
124783,1
124784,3
124785,3
124786,1
124787,1
124788,3
124789,0
124790,2
124791,0
124792,3
124793,3
124794,3
124795,2
124796,2
124797,3
124798,0
124799,2
124800,0
124801,0
124802,3
124803,0
124804,3
124805,0
124806,1
124807,3
124808,2
124809,1
124810,1
124811,2
124812,0
124813,0
124814,0
124815,0
124816,1
124817,0
124818,1
124819,3
124820,1
124821,0
124822,0
124823,2
124824,1
124825,1
124826,1
124827,3
124828,1
124829,2
124830,3
124831,1
124832,3
124833,2
124834,1
124835,0
124836,2
124837,2
124838,2
124839,0
124840,2
124841,2
124842,0
124843,1
124844,0
124845,3
124846,1
124847,2
124848,3
124849,1
124850,2
124851,3
124852,1
124853,0
124854,3
124855,3
124856,3
124857,2
124858,3
124859,0
124860,0
124861,3
124862,0
124863,3
124864,0
124865,2
124866,2
124867,3
124868,3
124869,1
124870,3
124871,3
124872,0
124873,3
124874,0
124875,0
124876,1
124877,1
124878,3
124879,1
124880,1
124881,2
124882,0
124883,0
124884,3
124885,1
124886,3
124887,0
124888,1
124889,3
124890,1
124891,0
124892,3
124893,1
124894,0
124895,1
124896,1
124897,1
124898,0
124899,3
124900,1
124901,1
124902,1
124903,2
124904,1
124905,3
124906,1
124907,2
124908,1
124909,2
124910,0
124911,0
124912,1
124913,0
124914,1
124915,1
124916,3
124917,2
124918,3
124919,0
124920,1
124921,1
124922,3
124923,0
124924,0
124925,0
124926,1
124927,0
124928,1
124929,3
124930,2
124931,1
124932,2
124933,3
124934,0
124935,2
124936,1
124937,3
124938,0
124939,1
124940,0
124941,3
124942,2
124943,3
124944,2
124945,3
124946,0
124947,1
124948,3
124949,0
124950,3
124951,2
124952,1
124953,2
124954,1
124955,1
124956,2
124957,1
124958,3
124959,3
124960,2
124961,3
124962,2
124963,2
124964,2
124965,1
124966,3
124967,2
124968,0
124969,1
124970,2
124971,1
124972,0
124973,2
124974,1
124975,1
124976,2
124977,2
124978,1
124979,3
124980,3
124981,2
124982,2
124983,2
124984,3
124985,2
124986,1
124987,2
124988,2
124989,3
124990,2
124991,0
124992,2
124993,0
124994,1
124995,2
124996,1
124997,1
124998,2
124999,1
125000,2
125001,2
125002,2
125003,1
125004,3
125005,2
125006,1
125007,3
125008,2
125009,0
125010,1
125011,0
125012,0
125013,0
125014,3
125015,0
125016,1
125017,1
125018,1
125019,2
125020,2
125021,2
125022,1
125023,1
125024,3
125025,0
125026,2
125027,1
125028,1
125029,2
125030,1
125031,1
125032,2
125033,2
125034,0
125035,2
125036,2
125037,3
125038,1
125039,3
125040,0
125041,2
125042,0
125043,0
125044,3
125045,2
125046,3
125047,1
125048,2
125049,3
125050,1
125051,2
125052,2
125053,1
125054,3
125055,2
125056,0
125057,3
125058,1
125059,1
125060,2
125061,2
125062,1
125063,2
125064,2
125065,3
125066,3
125067,1
125068,0
125069,0
125070,0
125071,2
125072,1
125073,3
125074,1
125075,2
125076,2
125077,2
125078,2
125079,0
125080,1
125081,3
125082,3
125083,0
125084,2
125085,2
125086,1
125087,0
125088,2
125089,3
125090,0
125091,2
125092,3
125093,2
125094,3
125095,3
125096,1
125097,0
125098,1
125099,1
125100,1
125101,3
125102,3
125103,2
125104,3
125105,1
125106,2
125107,2
125108,0
125109,2
125110,2
125111,1
125112,3
125113,0
125114,2
125115,3
125116,3
125117,0
125118,2
125119,0
125120,2
125121,1
125122,0
125123,0
125124,3
125125,0
125126,0
125127,2
125128,0
125129,1
125130,3
125131,3
125132,3
125133,3
125134,2
125135,3
125136,3
125137,3
125138,2
125139,3
125140,3
125141,3
125142,3
125143,0
125144,2
125145,3
125146,0
125147,2
125148,3
125149,3
125150,2
125151,0
125152,0
125153,0
125154,2
125155,3
125156,0
125157,0
125158,1
125159,2
125160,3
125161,2
125162,3
125163,2
125164,0
125165,0
125166,2
125167,3
125168,3
125169,1
125170,0
125171,3
125172,3
125173,2
125174,2
125175,0
125176,2
125177,2
125178,3
125179,1
125180,3
125181,3
125182,3
125183,3
125184,1
125185,0
125186,3
125187,3
125188,3
125189,0
125190,3
125191,3
125192,0
125193,3
125194,0
125195,1
125196,1
125197,3
125198,2
125199,1
125200,2
125201,1
125202,0
125203,1
125204,0
125205,2
125206,1
125207,0
125208,0
125209,0
125210,1
125211,1
125212,1
125213,1
125214,1
125215,1
125216,1
125217,2
125218,3
125219,1
125220,0
125221,1
125222,0
125223,2
125224,2
125225,2
125226,2
125227,1
125228,0
125229,1
125230,1
125231,0
125232,0
125233,2
125234,2
125235,1
125236,0
125237,0
125238,0
125239,3
125240,1
125241,1
125242,1
125243,1
125244,0
125245,0
125246,0
125247,0
125248,0
125249,1
125250,0
125251,0
125252,0
125253,2
125254,1
125255,0
125256,0
125257,0
125258,0
125259,2
125260,2
125261,3
125262,1
125263,1
125264,0
125265,3
125266,2
125267,2
125268,1
125269,1
125270,1
125271,2
125272,0
125273,0
125274,2
125275,0
125276,3
125277,0
125278,2
125279,1
125280,1
125281,2
125282,2
125283,2
125284,2
125285,1
125286,3
125287,0
125288,0
125289,3
125290,1
125291,1
125292,0
125293,2
125294,2
125295,1
125296,0
125297,0
125298,3
125299,3
125300,2
125301,2
125302,2
125303,2
125304,2
125305,0
125306,3
125307,3
125308,3
125309,3
125310,2
125311,0
125312,3
125313,3
125314,2
125315,2
125316,2
125317,2
125318,3
125319,3
125320,1
125321,0
125322,2
125323,0
125324,3
125325,2
125326,3
125327,3
125328,1
125329,3
125330,3
125331,3
125332,3
125333,1
125334,2
125335,1
125336,2
125337,2
125338,2
125339,3
125340,3
125341,3
125342,3
125343,3
125344,2
125345,2
125346,3
125347,2
125348,3
125349,1
125350,0
125351,1
125352,3
125353,1
125354,2
125355,3
125356,1
125357,0
125358,0
125359,0
125360,0
125361,0
125362,3
125363,1
125364,2
125365,2
125366,2
125367,2
125368,3
125369,1
125370,0
125371,2
125372,2
125373,3
125374,3
125375,2
125376,2
125377,3
125378,1
125379,0
125380,2
125381,0
125382,0
125383,3
125384,0
125385,0
125386,3
125387,3
125388,3
125389,3
125390,1
125391,3
125392,3
125393,2
125394,3
125395,3
125396,3
125397,2
125398,3
125399,3
125400,2
125401,1
125402,1
125403,0
125404,2
125405,2
125406,2
125407,1
125408,1
125409,3
125410,3
125411,2
125412,3
125413,0
125414,3
125415,3
125416,0
125417,3
125418,3
125419,2
125420,2
125421,0
125422,3
125423,3
125424,2
125425,1
125426,1
125427,2
125428,3
125429,3
125430,0
125431,1
125432,3
125433,2
125434,3
125435,2
125436,1
125437,3
125438,1
125439,2
125440,2
125441,0
125442,0
125443,3
125444,1
125445,0
125446,0
125447,3
125448,2
125449,2
125450,1
125451,2
125452,0
125453,3
125454,3
125455,0
125456,3
125457,1
125458,2
125459,1
125460,1
125461,2
125462,3
125463,3
125464,0
125465,3
125466,2
125467,3
125468,1
125469,3
125470,3
125471,3
125472,0
125473,2
125474,1
125475,2
125476,2
125477,2
125478,3
125479,1
125480,3
125481,3
125482,2
125483,3
125484,2
125485,1
125486,3
125487,3
125488,0
125489,0
125490,2
125491,1
125492,1
125493,2
125494,2
125495,1
125496,2
125497,1
125498,0
125499,2
125500,1
125501,0
125502,2
125503,2
125504,1
125505,2
125506,2
125507,2
125508,1
125509,3
125510,1
125511,0
125512,3
125513,3
125514,0
125515,3
125516,3
125517,0
125518,0
125519,2
125520,2
125521,0
125522,0
125523,1
125524,2
125525,2
125526,3
125527,3
125528,0
125529,2
125530,1
125531,2
125532,3
125533,3
125534,3
125535,0
125536,2
125537,1
125538,3
125539,1
125540,0
125541,2
125542,2
125543,2
125544,1
125545,0
125546,3
125547,3
125548,1
125549,2
125550,0
125551,0
125552,3
125553,1
125554,0
125555,2
125556,2
125557,3
125558,1
125559,3
125560,3
125561,1
125562,0
125563,2
125564,1
125565,0
125566,3
125567,0
125568,3
125569,0
125570,1
125571,1
125572,1
125573,1
125574,2
125575,2
125576,0
125577,1
125578,1
125579,0
125580,0
125581,2
125582,3
125583,2
125584,1
125585,0
125586,1
125587,2
125588,3
125589,2
125590,0
125591,2
125592,2
125593,2
125594,2
125595,1
125596,0
125597,0
125598,2
125599,3
125600,1
125601,2
125602,3
125603,0
125604,3
125605,3
125606,3
125607,1
125608,0
125609,0
125610,1
125611,0
125612,3
125613,0
125614,0
125615,0
125616,0
125617,3
125618,0
125619,2
125620,3
125621,3
125622,2
125623,3
125624,2
125625,1
125626,3
125627,3
125628,3
125629,2
125630,3
125631,0
125632,1
125633,0
125634,0
125635,0
125636,2
125637,1
125638,0
125639,2
125640,3
125641,2
125642,0
125643,0
125644,1
125645,0
125646,1
125647,0
125648,0
125649,2
125650,0
125651,2
125652,3
125653,3
125654,1
125655,1
125656,0
125657,1
125658,2
125659,1
125660,3
125661,0
125662,1
125663,3
125664,1
125665,1
125666,1
125667,0
125668,3
125669,1
125670,1
125671,1
125672,1
125673,0
125674,1
125675,0
125676,1
125677,1
125678,1
125679,2
125680,1
125681,1
125682,3
125683,0
125684,2
125685,3
125686,2
125687,1
125688,3
125689,1
125690,0
125691,3
125692,3
125693,2
125694,1
125695,1
125696,0
125697,1
125698,3
125699,3
125700,1
125701,0
125702,2
125703,1
125704,0
125705,3
125706,1
125707,1
125708,1
125709,2
125710,1
125711,0
125712,0
125713,1
125714,1
125715,1
125716,0
125717,0
125718,0
125719,3
125720,3
125721,1
125722,1
125723,0
125724,1
125725,1
125726,0
125727,0
125728,3
125729,1
125730,2
125731,3
125732,1
125733,0
125734,3
125735,2
125736,1
125737,3
125738,3
125739,3
125740,2
125741,2
125742,2
125743,3
125744,0
125745,0
125746,1
125747,0
125748,3
125749,3
125750,1
125751,2
125752,2
125753,3
125754,3
125755,3
125756,2
125757,2
125758,3
125759,2
125760,3
125761,2
125762,1
125763,3
125764,2
125765,1
125766,1
125767,2
125768,3
125769,3
125770,2
125771,0
125772,2
125773,3
125774,3
125775,3
125776,2
125777,2
125778,2
125779,0
125780,3
125781,0
125782,1
125783,3
125784,3
125785,1
125786,2
125787,0
125788,3
125789,3
125790,1
125791,1
125792,2
125793,3
125794,3
125795,3
125796,0
125797,0
125798,3
125799,1
125800,0
125801,3
125802,1
125803,1
125804,1
125805,2
125806,0
125807,0
125808,2
125809,0
125810,0
125811,3
125812,1
125813,0
125814,3
125815,2
125816,0
125817,3
125818,1
125819,0
125820,3
125821,1
125822,1
125823,0
125824,0
125825,0
125826,3
125827,3
125828,0
125829,2
125830,3
125831,3
125832,3
125833,1
125834,0
125835,2
125836,2
125837,2
125838,2
125839,1
125840,2
125841,2
125842,2
125843,2
125844,2
125845,1
125846,2
125847,3
125848,3
125849,3
125850,3
125851,2
125852,2
125853,3
125854,3
125855,3
125856,0
125857,2
125858,3
125859,3
125860,1
125861,3
125862,3
125863,2
125864,3
125865,3
125866,2
125867,3
125868,2
125869,3
125870,2
125871,0
125872,2
125873,1
125874,0
125875,3
125876,3
125877,3
125878,1
125879,0
125880,0
125881,3
125882,1
125883,1
125884,2
125885,2
125886,0
125887,2
125888,1
125889,0
125890,0
125891,3
125892,0
125893,0
125894,2
125895,0
125896,3
125897,2
125898,0
125899,1
125900,3
125901,0
125902,3
125903,0
125904,3
125905,1
125906,1
125907,3
125908,2
125909,1
125910,0
125911,0
125912,3
125913,3
125914,0
125915,1
125916,2
125917,2
125918,3
125919,3
125920,2
125921,0
125922,2
125923,0
125924,2
125925,3
125926,2
125927,3
125928,0
125929,0
125930,0
125931,3
125932,3
125933,2
125934,2
125935,2
125936,3
125937,2
125938,3
125939,0
125940,0
125941,2
125942,1
125943,2
125944,2
125945,3
125946,0
125947,2
125948,3
125949,1
125950,1
125951,2
125952,0
125953,2
125954,0
125955,1
125956,3
125957,2
125958,1
125959,0
125960,1
125961,3
125962,0
125963,2
125964,1
125965,3
125966,0
125967,1
125968,1
125969,3
125970,2
125971,1
125972,2
125973,0
125974,3
125975,0
125976,0
125977,1
125978,1
125979,2
125980,2
125981,1
125982,2
125983,0
125984,3
125985,0
125986,0
125987,2
125988,2
125989,3
125990,0
125991,1
125992,0
125993,0
125994,0
125995,2
125996,2
125997,2
125998,1
125999,2
126000,1
126001,2
126002,2
126003,0
126004,3
126005,1
126006,2
126007,0
126008,1
126009,3
126010,3
126011,2
126012,2
126013,0
126014,2
126015,3
126016,2
126017,3
126018,3
126019,3
126020,1
126021,3
126022,2
126023,3
126024,2
126025,2
126026,2
126027,3
126028,2
126029,2
126030,1
126031,3
126032,3
126033,0
126034,1
126035,3
126036,2
126037,3
126038,2
126039,3
126040,1
126041,1
126042,0
126043,2
126044,2
126045,0
126046,0
126047,0
126048,0
126049,0
126050,2
126051,2
126052,2
126053,1
126054,2
126055,2
126056,3
126057,1
126058,1
126059,2
126060,3
126061,1
126062,0
126063,3
126064,0
126065,2
126066,0
126067,2
126068,2
126069,2
126070,2
126071,2
126072,3
126073,2
126074,1
126075,2
126076,0
126077,1
126078,1
126079,3
126080,2
126081,3
126082,3
126083,2
126084,2
126085,3
126086,3
126087,3
126088,1
126089,2
126090,1
126091,1
126092,2
126093,1
126094,1
126095,3
126096,3
126097,2
126098,3
126099,0
126100,0
126101,3
126102,2
126103,1
126104,2
126105,2
126106,2
126107,1
126108,0
126109,2
126110,2
126111,3
126112,1
126113,3
126114,2
126115,3
126116,2
126117,2
126118,2
126119,1
126120,0
126121,0
126122,1
126123,2
126124,0
126125,2
126126,3
126127,2
126128,1
126129,1
126130,3
126131,0
126132,2
126133,3
126134,0
126135,0
126136,1
126137,0
126138,2
126139,3
126140,3
126141,3
126142,3
126143,2
126144,0
126145,3
126146,0
126147,1
126148,1
126149,1
126150,0
126151,1
126152,1
126153,1
126154,1
126155,3
126156,1
126157,1
126158,1
126159,0
126160,0
126161,0
126162,0
126163,1
126164,1
126165,1
126166,2
126167,0
126168,3
126169,3
126170,2
126171,1
126172,1
126173,1
126174,2
126175,1
126176,0
126177,0
126178,0
126179,1
126180,1
126181,3
126182,2
126183,1
126184,2
126185,1
126186,1
126187,1
126188,1
126189,1
126190,0
126191,1
126192,0
126193,2
126194,2
126195,1
126196,1
126197,2
126198,0
126199,1
126200,1
126201,3
126202,1
126203,0
126204,2
126205,0
126206,0
126207,0
126208,2
126209,3
126210,1
126211,0
126212,0
126213,0
126214,0
126215,1
126216,0
126217,2
126218,1
126219,1
126220,3
126221,3
126222,0
126223,2
126224,1
126225,2
126226,1
126227,3
126228,1
126229,0
126230,2
126231,2
126232,3
126233,1
126234,0
126235,3
126236,2
126237,1
126238,1
126239,0
126240,0
126241,3
126242,2
126243,2
126244,2
126245,2
126246,2
126247,3
126248,2
126249,2
126250,2
126251,3
126252,0
126253,0
126254,0
126255,0
126256,0
126257,2
126258,1
126259,2
126260,3
126261,2
126262,3
126263,2
126264,0
126265,1
126266,2
126267,0
126268,1
126269,3
126270,3
126271,1
126272,2
126273,2
126274,2
126275,3
126276,3
126277,3
126278,1
126279,2
126280,1
126281,2
126282,0
126283,3
126284,2
126285,2
126286,2
126287,0
126288,3
126289,3
126290,1
126291,2
126292,2
126293,0
126294,3
126295,3
126296,1
126297,2
126298,3
126299,1
126300,3
126301,2
126302,1
126303,1
126304,1
126305,1
126306,0
126307,3
126308,1
126309,0
126310,3
126311,2
126312,3
126313,3
126314,2
126315,3
126316,3
126317,0
126318,3
126319,3
126320,3
126321,2
126322,0
126323,2
126324,3
126325,0
126326,3
126327,1
126328,3
126329,1
126330,1
126331,1
126332,1
126333,0
126334,1
126335,0
126336,2
126337,2
126338,0
126339,0
126340,0
126341,1
126342,0
126343,2
126344,0
126345,3
126346,2
126347,3
126348,2
126349,2
126350,2
126351,3
126352,3
126353,0
126354,0
126355,2
126356,3
126357,1
126358,2
126359,1
126360,2
126361,1
126362,0
126363,2
126364,2
126365,2
126366,3
126367,1
126368,1
126369,3
126370,3
126371,3
126372,3
126373,3
126374,2
126375,1
126376,1
126377,1
126378,0
126379,2
126380,2
126381,0
126382,2
126383,2
126384,0
126385,0
126386,2
126387,0
126388,1
126389,3
126390,3
126391,1
126392,3
126393,0
126394,3
126395,0
126396,1
126397,1
126398,2
126399,2
126400,1
126401,3
126402,0
126403,1
126404,0
126405,1
126406,1
126407,2
126408,1
126409,1
126410,1
126411,3
126412,1
126413,0
126414,0
126415,0
126416,2
126417,0
126418,0
126419,0
126420,1
126421,0
126422,1
126423,1
126424,1
126425,1
126426,1
126427,1
126428,2
126429,1
126430,0
126431,0
126432,1
126433,0
126434,1
126435,0
126436,2
126437,3
126438,2
126439,0
126440,2
126441,3
126442,0
126443,2
126444,0
126445,1
126446,2
126447,3
126448,0
126449,0
126450,0
126451,3
126452,0
126453,1
126454,3
126455,2
126456,1
126457,0
126458,2
126459,2
126460,1
126461,2
126462,2
126463,3
126464,3
126465,2
126466,2
126467,3
126468,0
126469,0
126470,2
126471,1
126472,1
126473,1
126474,0
126475,3
126476,2
126477,2
126478,2
126479,1
126480,0
126481,0
126482,0
126483,1
126484,0
126485,2
126486,3
126487,1
126488,0
126489,0
126490,0
126491,1
126492,3
126493,3
126494,3
126495,1
126496,1
126497,3
126498,0
126499,1
126500,1
126501,0
126502,0
126503,1
126504,2
126505,3
126506,1
126507,3
126508,1
126509,2
126510,2
126511,1
126512,2
126513,0
126514,3
126515,0
126516,1
126517,2
126518,0
126519,0
126520,1
126521,1
126522,2
126523,1
126524,0
126525,2
126526,1
126527,0
126528,1
126529,1
126530,1
126531,1
126532,3
126533,2
126534,1
126535,1
126536,2
126537,1
126538,1
126539,1
126540,2
126541,2
126542,1
126543,3
126544,0
126545,0
126546,0
126547,1
126548,1
126549,1
126550,0
126551,1
126552,0
126553,3
126554,1
126555,2
126556,2
126557,0
126558,3
126559,3
126560,0
126561,3
126562,2
126563,3
126564,3
126565,0
126566,3
126567,2
126568,3
126569,2
126570,1
126571,1
126572,3
126573,3
126574,1
126575,3
126576,2
126577,3
126578,1
126579,0
126580,0
126581,0
126582,3
126583,3
126584,2
126585,1
126586,2
126587,2
126588,0
126589,0
126590,2
126591,1
126592,2
126593,3
126594,2
126595,3
126596,0
126597,2
126598,0
126599,2
126600,3
126601,1
126602,1
126603,0
126604,1
126605,3
126606,2
126607,1
126608,0
126609,1
126610,1
126611,3
126612,1
126613,2
126614,3
126615,3
126616,0
126617,1
126618,3
126619,0
126620,0
126621,1
126622,2
126623,1
126624,2
126625,1
126626,0
126627,0
126628,1
126629,1
126630,2
126631,2
126632,1
126633,0
126634,0
126635,2
126636,2
126637,2
126638,2
126639,0
126640,2
126641,0
126642,2
126643,3
126644,0
126645,2
126646,1
126647,2
126648,3
126649,3
126650,3
126651,0
126652,3
126653,1
126654,3
126655,1
126656,3
126657,3
126658,1
126659,0
126660,3
126661,1
126662,2
126663,0
126664,2
126665,1
126666,2
126667,2
126668,0
126669,1
126670,2
126671,3
126672,2
126673,3
126674,3
126675,3
126676,1
126677,1
126678,2
126679,0
126680,3
126681,2
126682,1
126683,3
126684,2
126685,1
126686,3
126687,3
126688,1
126689,1
126690,0
126691,2
126692,2
126693,1
126694,2
126695,2
126696,2
126697,1
126698,0
126699,1
126700,0
126701,0
126702,3
126703,2
126704,1
126705,0
126706,2
126707,3
126708,2
126709,3
126710,1
126711,3
126712,3
126713,3
126714,2
126715,3
126716,0
126717,0
126718,3
126719,3
126720,3
126721,3
126722,2
126723,1
126724,3
126725,2
126726,2
126727,2
126728,1
126729,2
126730,2
126731,3
126732,3
126733,1
126734,0
126735,2
126736,1
126737,1
126738,2
126739,0
126740,2
126741,1
126742,1
126743,2
126744,0
126745,0
126746,0
126747,1
126748,1
126749,3
126750,1
126751,3
126752,2
126753,3
126754,3
126755,1
126756,3
126757,0
126758,3
126759,3
126760,3
126761,1
126762,3
126763,3
126764,3
126765,3
126766,3
126767,2
126768,2
126769,3
126770,1
126771,0
126772,0
126773,3
126774,3
126775,3
126776,1
126777,0
126778,0
126779,2
126780,3
126781,3
126782,3
126783,3
126784,3
126785,2
126786,3
126787,1
126788,3
126789,1
126790,2
126791,2
126792,2
126793,0
126794,2
126795,3
126796,0
126797,0
126798,2
126799,1
126800,1
126801,3
126802,3
126803,1
126804,0
126805,0
126806,0
126807,2
126808,3
126809,3
126810,3
126811,2
126812,1
126813,0
126814,3
126815,2
126816,3
126817,0
126818,2
126819,0
126820,2
126821,3
126822,3
126823,1
126824,3
126825,0
126826,1
126827,2
126828,2
126829,3
126830,2
126831,1
126832,2
126833,0
126834,0
126835,3
126836,0
126837,2
126838,0
126839,3
126840,0
126841,3
126842,3
126843,0
126844,3
126845,3
126846,2
126847,2
126848,2
126849,2
126850,3
126851,2
126852,0
126853,0
126854,2
126855,0
126856,0
126857,0
126858,1
126859,1
126860,1
126861,1
126862,1
126863,2
126864,1
126865,3
126866,3
126867,3
126868,2
126869,2
126870,1
126871,2
126872,1
126873,1
126874,3
126875,1
126876,1
126877,1
126878,2
126879,2
126880,2
126881,0
126882,1
126883,1
126884,1
126885,1
126886,0
126887,0
126888,3
126889,1
126890,1
126891,1
126892,0
126893,1
126894,2
126895,0
126896,0
126897,0
126898,1
126899,3
126900,0
126901,2
126902,1
126903,0
126904,3
126905,3
126906,2
126907,2
126908,1
126909,3
126910,1
126911,2
126912,3
126913,3
126914,0
126915,2
126916,1
126917,2
126918,2
126919,1
126920,3
126921,2
126922,2
126923,1
126924,1
126925,1
126926,2
126927,3
126928,1
126929,1
126930,0
126931,1
126932,2
126933,1
126934,1
126935,2
126936,0
126937,2
126938,2
126939,3
126940,1
126941,2
126942,1
126943,0
126944,3
126945,1
126946,0
126947,0
126948,2
126949,0
126950,0
126951,2
126952,0
126953,0
126954,3
126955,2
126956,1
126957,3
126958,3
126959,3
126960,3
126961,0
126962,2
126963,0
126964,1
126965,0
126966,2
126967,2
126968,0
126969,3
126970,2
126971,2
126972,3
126973,3
126974,2
126975,2
126976,3
126977,0
126978,1
126979,1
126980,1
126981,2
126982,2
126983,2
126984,0
126985,3
126986,0
126987,2
126988,3
126989,1
126990,2
126991,0
126992,3
126993,2
126994,2
126995,1
126996,1
126997,2
126998,2
126999,0
127000,3
127001,3
127002,2
127003,3
127004,3
127005,3
127006,2
127007,1
127008,1
127009,2
127010,1
127011,1
127012,1
127013,1
127014,3
127015,3
127016,3
127017,0
127018,3
127019,0
127020,1
127021,2
127022,0
127023,0
127024,3
127025,0
127026,0
127027,2
127028,3
127029,2
127030,0
127031,1
127032,0
127033,0
127034,0
127035,0
127036,3
127037,3
127038,0
127039,3
127040,2
127041,3
127042,0
127043,2
127044,2
127045,3
127046,2
127047,2
127048,1
127049,3
127050,3
127051,2
127052,3
127053,3
127054,0
127055,3
127056,3
127057,2
127058,2
127059,0
127060,3
127061,3
127062,3
127063,3
127064,0
127065,1
127066,0
127067,1
127068,3
127069,2
127070,1
127071,2
127072,0
127073,1
127074,0
127075,2
127076,2
127077,0
127078,0
127079,1
127080,0
127081,2
127082,3
127083,2
127084,3
127085,3
127086,1
127087,0
127088,0
127089,1
127090,3
127091,1
127092,0
127093,3
127094,3
127095,1
127096,1
127097,3
127098,3
127099,2
127100,0
127101,2
127102,0
127103,3
127104,2
127105,2
127106,1
127107,2
127108,1
127109,2
127110,2
127111,0
127112,3
127113,3
127114,1
127115,2
127116,2
127117,2
127118,2
127119,0
127120,2
127121,3
127122,2
127123,3
127124,1
127125,2
127126,3
127127,3
127128,1
127129,1
127130,3
127131,2
127132,2
127133,0
127134,0
127135,2
127136,2
127137,3
127138,0
127139,1
127140,3
127141,0
127142,1
127143,1
127144,1
127145,3
127146,0
127147,3
127148,3
127149,2
127150,1
127151,1
127152,1
127153,1
127154,1
127155,3
127156,1
127157,1
127158,3
127159,2
127160,0
127161,1
127162,1
127163,1
127164,0
127165,2
127166,1
127167,1
127168,0
127169,1
127170,1
127171,0
127172,0
127173,0
127174,2
127175,1
127176,1
127177,0
127178,3
127179,0
127180,0
127181,0
127182,2
127183,1
127184,1
127185,1
127186,1
127187,1
127188,0
127189,1
127190,2
127191,1
127192,1
127193,1
127194,1
127195,3
127196,0
127197,1
127198,0
127199,0
127200,1
127201,0
127202,1
127203,3
127204,0
127205,2
127206,3
127207,3
127208,3
127209,0
127210,2
127211,3
127212,1
127213,1
127214,1
127215,2
127216,2
127217,2
127218,2
127219,1
127220,0
127221,0
127222,1
127223,3
127224,2
127225,0
127226,0
127227,0
127228,2
127229,0
127230,0
127231,2
127232,3
127233,1
127234,2
127235,1
127236,1
127237,2
127238,0
127239,1
127240,2
127241,2
127242,3
127243,2
127244,1
127245,0
127246,0
127247,3
127248,3
127249,0
127250,2
127251,2
127252,2
127253,0
127254,0
127255,1
127256,3
127257,0
127258,0
127259,2
127260,2
127261,3
127262,1
127263,1
127264,3
127265,0
127266,2
127267,2
127268,0
127269,3
127270,1
127271,3
127272,3
127273,3
127274,3
127275,3
127276,3
127277,1
127278,0
127279,3
127280,1
127281,0
127282,1
127283,2
127284,1
127285,0
127286,0
127287,2
127288,1
127289,1
127290,1
127291,3
127292,3
127293,0
127294,3
127295,2
127296,0
127297,3
127298,3
127299,1
127300,0
127301,2
127302,2
127303,3
127304,2
127305,3
127306,2
127307,3
127308,3
127309,1
127310,2
127311,1
127312,3
127313,0
127314,0
127315,0
127316,1
127317,1
127318,1
127319,2
127320,3
127321,0
127322,2
127323,0
127324,3
127325,3
127326,2
127327,1
127328,0
127329,2
127330,2
127331,2
127332,0
127333,3
127334,2
127335,2
127336,3
127337,0
127338,2
127339,3
127340,2
127341,3
127342,0
127343,1
127344,1
127345,0
127346,1
127347,3
127348,1
127349,3
127350,2
127351,1
127352,2
127353,1
127354,0
127355,1
127356,1
127357,0
127358,0
127359,3
127360,1
127361,3
127362,2
127363,0
127364,0
127365,0
127366,3
127367,3
127368,1
127369,0
127370,0
127371,2
127372,0
127373,3
127374,1
127375,3
127376,0
127377,2
127378,2
127379,3
127380,1
127381,1
127382,1
127383,0
127384,1
127385,1
127386,0
127387,2
127388,2
127389,3
127390,3
127391,0
127392,2
127393,3
127394,3
127395,1
127396,1
127397,0
127398,1
127399,3
127400,0
127401,2
127402,3
127403,1
127404,1
127405,2
127406,2
127407,3
127408,0
127409,0
127410,3
127411,3
127412,3
127413,3
127414,0
127415,1
127416,2
127417,3
127418,3
127419,2
127420,0
127421,2
127422,2
127423,2
127424,1
127425,1
127426,2
127427,0
127428,3
127429,1
127430,3
127431,2
127432,2
127433,1
127434,1
127435,1
127436,1
127437,0
127438,3
127439,2
127440,3
127441,2
127442,2
127443,1
127444,0
127445,2
127446,1
127447,0
127448,1
127449,2
127450,2
127451,2
127452,2
127453,2
127454,3
127455,1
127456,3
127457,3
127458,1
127459,0
127460,0
127461,0
127462,3
127463,2
127464,2
127465,2
127466,2
127467,3
127468,0
127469,2
127470,3
127471,3
127472,0
127473,3
127474,0
127475,0
127476,0
127477,0
127478,0
127479,3
127480,1
127481,2
127482,3
127483,0
127484,0
127485,1
127486,3
127487,1
127488,1
127489,2
127490,1
127491,0
127492,3
127493,3
127494,3
127495,2
127496,0
127497,2
127498,3
127499,3
127500,3
127501,1
127502,2
127503,0
127504,2
127505,3
127506,0
127507,1
127508,2
127509,2
127510,0
127511,0
127512,2
127513,0
127514,3
127515,3
127516,2
127517,0
127518,1
127519,3
127520,0
127521,3
127522,3
127523,2
127524,2
127525,2
127526,1
127527,0
127528,3
127529,1
127530,0
127531,2
127532,1
127533,1
127534,0
127535,0
127536,2
127537,0
127538,2
127539,0
127540,3
127541,0
127542,3
127543,2
127544,2
127545,0
127546,0
127547,3
127548,2
127549,2
127550,2
127551,0
127552,1
127553,0
127554,2
127555,2
127556,2
127557,2
127558,2
127559,2
127560,3
127561,0
127562,2
127563,1
127564,1
127565,2
127566,3
127567,3
127568,2
127569,0
127570,3
127571,0
127572,1
127573,1
127574,3
127575,3
127576,1
127577,1
127578,1
127579,0
127580,2
127581,1
127582,2
127583,3
127584,1
127585,1
127586,2
127587,1
127588,3
127589,3
127590,1
127591,1
127592,0
127593,0
127594,1
127595,0
127596,0
127597,1
127598,1
127599,2
127600,3
