robot_id,subtaskID,answer
GLOBAL,1,4
GLOBAL,2,2.641200394995685
GLOBAL,3,forest
GLOBAL,4,22
TS_0000,5,guardian
TS_0001,5,guardian
TS_0002,5,explorer
TS_0003,5,sprinter
TS_0004,5,explorer
TS_0005,5,collector
TS_0006,5,collector
TS_0007,5,collector
TS_0008,5,guardian
TS_0009,5,guardian
TS_0010,5,guardian
TS_0011,5,guardian
TS_0012,5,sprinter
TS_0013,5,sprinter
TS_0014,5,sprinter
TS_0015,5,explorer
TS_0016,5,collector
TS_0017,5,collector
TS_0018,5,guardian
TS_0019,5,collector
TS_0020,5,collector
TS_0021,5,explorer
TS_0022,5,collector
TS_0023,5,explorer
TS_0024,5,explorer
TS_0025,5,guardian
TS_0026,5,collector
TS_0027,5,collector
TS_0028,5,collector
TS_0029,5,collector
TS_0030,5,explorer
TS_0031,5,collector
TS_0032,5,guardian
TS_0033,5,guardian
TS_0034,5,collector
TS_0035,5,sprinter
TS_0036,5,guardian
TS_0037,5,sprinter
TS_0038,5,explorer
TS_0039,5,sprinter
TS_0040,5,collector
TS_0041,5,explorer
TS_0042,5,collector
TS_0043,5,collector
TS_0044,5,sprinter
TS_0045,5,explorer
TS_0046,5,sprinter
TS_0047,5,explorer
TS_0048,5,collector
TS_0049,5,collector
TS_0050,5,collector
TS_0051,5,collector
TS_0052,5,sprinter
TS_0053,5,explorer
TS_0054,5,collector
TS_0055,5,guardian
TS_0056,5,collector
TS_0057,5,guardian
TS_0058,5,collector
TS_0059,5,guardian
TS_0060,5,sprinter
TS_0061,5,collector
TS_0062,5,collector
TS_0063,5,explorer
TS_0064,5,sprinter
TS_0065,5,collector
TS_0066,5,collector
TS_0067,5,explorer
TS_0068,5,sprinter
TS_0069,5,guardian
TS_0070,5,sprinter
TS_0071,5,guardian
TS_0072,5,explorer
TS_0073,5,collector
TS_0074,5,collector
TS_0075,5,sprinter
TS_0076,5,guardian
TS_0077,5,explorer
TS_0078,5,explorer
TS_0079,5,explorer
TS_0080,5,explorer
TS_0081,5,sprinter
TS_0082,5,sprinter
TS_0083,5,sprinter
TS_0084,5,explorer
TS_0085,5,explorer
TS_0086,5,sprinter
TS_0087,5,sprinter
TS_0088,5,sprinter
TS_0089,5,sprinter
TS_0090,5,collector
TS_0091,5,guardian
TS_0092,5,sprinter
TS_0093,5,sprinter
TS_0094,5,explorer
TS_0095,5,sprinter
TS_0096,5,sprinter
TS_0097,5,guardian
TS_0098,5,collector
TS_0099,5,explorer
TS_0100,5,explorer
TS_0101,5,sprinter
TS_0102,5,collector
TS_0103,5,collector
TS_0104,5,guardian
TS_0105,5,collector
TS_0106,5,sprinter
TS_0107,5,explorer
TS_0108,5,guardian
TS_0109,5,sprinter
TS_0110,5,collector
TS_0111,5,sprinter
TS_0112,5,collector
TS_0113,5,explorer
TS_0114,5,explorer
TS_0115,5,sprinter
TS_0116,5,collector
TS_0117,5,explorer
TS_0118,5,collector
TS_0119,5,sprinter
TS_0120,5,explorer
TS_0121,5,explorer
TS_0122,5,guardian
TS_0123,5,collector
TS_0124,5,collector
TS_0125,5,sprinter
TS_0126,5,sprinter
TS_0127,5,guardian
TS_0128,5,guardian
TS_0129,5,sprinter
TS_0130,5,sprinter
TS_0131,5,collector
TS_0132,5,explorer
TS_0133,5,collector
TS_0134,5,explorer
TS_0135,5,collector
TS_0136,5,explorer
TS_0137,5,explorer
TS_0138,5,collector
TS_0139,5,guardian
TS_0140,5,explorer
TS_0141,5,sprinter
TS_0142,5,collector
TS_0143,5,explorer
TS_0144,5,collector
TS_0145,5,explorer
TS_0146,5,sprinter
TS_0147,5,sprinter
TS_0148,5,guardian
TS_0149,5,guardian
TS_0150,5,guardian
TS_0151,5,guardian
TS_0152,5,collector
TS_0153,5,explorer
TS_0154,5,sprinter
TS_0155,5,sprinter
TS_0156,5,sprinter
TS_0157,5,collector
TS_0158,5,sprinter
TS_0159,5,sprinter
TS_0160,5,collector
TS_0161,5,sprinter
TS_0162,5,guardian
TS_0163,5,sprinter
TS_0164,5,sprinter
TS_0165,5,explorer
TS_0166,5,collector
TS_0167,5,collector
TS_0168,5,explorer
TS_0169,5,collector
TS_0170,5,collector
TS_0171,5,guardian
TS_0172,5,guardian
TS_0173,5,guardian
TS_0174,5,sprinter
TS_0175,5,sprinter
TS_0176,5,sprinter
TS_0177,5,sprinter
TS_0178,5,sprinter
TS_0179,5,guardian
TS_0180,5,sprinter
TS_0181,5,guardian
TS_0182,5,collector
TS_0183,5,explorer
TS_0184,5,explorer
TS_0185,5,sprinter
TS_0186,5,explorer
TS_0187,5,guardian
TS_0188,5,sprinter
TS_0189,5,collector
TS_0190,5,collector
TS_0191,5,sprinter
TS_0192,5,sprinter
TS_0193,5,explorer
TS_0194,5,sprinter
TS_0195,5,explorer
TS_0196,5,collector
TS_0197,5,explorer
TS_0198,5,guardian
TS_0199,5,collector
TS_0200,5,collector
TS_0201,5,sprinter
TS_0202,5,sprinter
TS_0203,5,collector
TS_0204,5,collector
TS_0205,5,sprinter
TS_0206,5,guardian
TS_0207,5,guardian
TS_0208,5,sprinter
TS_0209,5,sprinter
TS_0210,5,sprinter
TS_0211,5,explorer
TS_0212,5,guardian
TS_0213,5,guardian
TS_0214,5,explorer
TS_0215,5,guardian
TS_0216,5,explorer
TS_0217,5,collector
TS_0218,5,explorer
TS_0219,5,sprinter
TS_0220,5,guardian
TS_0221,5,guardian
TS_0222,5,explorer
TS_0223,5,explorer
TS_0224,5,guardian
TS_0225,5,sprinter
TS_0226,5,sprinter
TS_0227,5,explorer
TS_0228,5,guardian
TS_0229,5,sprinter
TS_0230,5,explorer
TS_0231,5,guardian
TS_0232,5,collector
TS_0233,5,explorer
TS_0234,5,collector
TS_0235,5,guardian
TS_0236,5,collector
TS_0237,5,explorer
TS_0238,5,guardian
TS_0239,5,guardian
TS_0240,5,explorer
TS_0241,5,explorer
TS_0242,5,explorer
TS_0243,5,collector
TS_0244,5,sprinter
TS_0245,5,guardian
TS_0246,5,collector
TS_0247,5,collector
TS_0248,5,guardian
TS_0249,5,collector
TS_0250,5,explorer
TS_0251,5,guardian
TS_0252,5,explorer
TS_0253,5,guardian
TS_0254,5,guardian
TS_0255,5,sprinter
TS_0256,5,collector
TS_0257,5,guardian
TS_0258,5,guardian
TS_0259,5,explorer
TS_0260,5,guardian
TS_0261,5,explorer
TS_0262,5,collector
TS_0263,5,sprinter
TS_0264,5,explorer
TS_0265,5,collector
TS_0266,5,explorer
TS_0267,5,explorer
TS_0268,5,guardian
TS_0269,5,explorer
TS_0270,5,explorer
TS_0271,5,guardian
TS_0272,5,explorer
TS_0273,5,collector
TS_0274,5,guardian
TS_0275,5,sprinter
TS_0276,5,collector
TS_0277,5,collector
TS_0278,5,sprinter
TS_0279,5,guardian
TS_0280,5,explorer
TS_0281,5,explorer
TS_0282,5,collector
TS_0283,5,sprinter
TS_0284,5,collector
TS_0285,5,explorer
TS_0286,5,collector
TS_0287,5,collector
TS_0288,5,collector
TS_0289,5,guardian
TS_0290,5,sprinter
TS_0291,5,sprinter
TS_0292,5,guardian
TS_0293,5,collector
TS_0294,5,guardian
TS_0295,5,explorer
TS_0296,5,guardian
TS_0297,5,sprinter
TS_0298,5,sprinter
TS_0299,5,collector
TS_0300,5,collector
TS_0301,5,guardian
TS_0302,5,explorer
TS_0303,5,collector
TS_0304,5,sprinter
TS_0305,5,collector
TS_0306,5,collector
TS_0307,5,explorer
TS_0308,5,explorer
TS_0309,5,explorer
TS_0310,5,sprinter
TS_0311,5,guardian
TS_0312,5,sprinter
TS_0313,5,guardian
TS_0314,5,sprinter
TS_0315,5,collector
TS_0316,5,guardian
TS_0317,5,collector
TS_0318,5,collector
TS_0319,5,collector
TS_0320,5,guardian
TS_0321,5,guardian
TS_0322,5,sprinter
TS_0323,5,explorer
TS_0324,5,sprinter
TS_0325,5,sprinter
TS_0326,5,collector
TS_0327,5,guardian
TS_0328,5,sprinter
TS_0329,5,explorer
TS_0330,5,sprinter
TS_0331,5,sprinter
TS_0332,5,guardian
TS_0333,5,explorer
TS_0334,5,collector
TS_0335,5,guardian
TS_0336,5,explorer
TS_0337,5,guardian
TS_0338,5,explorer
TS_0339,5,explorer
TS_0340,5,explorer
TS_0341,5,sprinter
TS_0342,5,guardian
TS_0343,5,guardian
TS_0344,5,collector
TS_0345,5,collector
TS_0346,5,explorer
TS_0347,5,explorer
TS_0348,5,sprinter
TS_0349,5,sprinter
TS_0350,5,explorer
TS_0351,5,guardian
TS_0352,5,explorer
TS_0353,5,guardian
TS_0354,5,collector
TS_0355,5,explorer
TS_0356,5,explorer
TS_0357,5,explorer
TS_0358,5,sprinter
TS_0359,5,collector
TS_0360,5,sprinter
TS_0361,5,guardian
TS_0362,5,collector
TS_0363,5,explorer
TS_0364,5,explorer
TS_0365,5,collector
TS_0366,5,sprinter
TS_0367,5,explorer
TS_0368,5,sprinter
TS_0369,5,guardian
TS_0370,5,sprinter
TS_0371,5,sprinter
TS_0372,5,sprinter
TS_0373,5,sprinter
TS_0374,5,guardian
TS_0375,5,guardian
TS_0376,5,collector
TS_0377,5,explorer
TS_0378,5,sprinter
TS_0379,5,guardian
TS_0380,5,explorer
TS_0381,5,collector
TS_0382,5,explorer
TS_0383,5,collector
TS_0384,5,explorer
TS_0385,5,collector
TS_0386,5,guardian
TS_0387,5,explorer
TS_0388,5,guardian
TS_0389,5,collector
TS_0390,5,guardian
TS_0391,5,guardian
TS_0392,5,collector
TS_0393,5,collector
TS_0394,5,guardian
TS_0395,5,explorer
TS_0396,5,explorer
TS_0397,5,collector
TS_0398,5,collector
TS_0399,5,guardian
